[i] mode path: run this with the game at: whatever the path needs
[+] attaching to PID 7568
[+] IL2CPP ready, scouting...

=== PATH: candidate classes ===

=== Gallop.DialogManager -> _dialogList -> [1] -> _data -> RightButtonCallBack -> m_target -> _idleTab -> _raceSelectContext ===
  _dialogList: System.Collections.Generic.List<Gallop.DialogCommon>
  [1]: Gallop.DialogCommon
  _data: Gallop.DialogCommon.Data
  RightButtonCallBack: System.Action<Gallop.DialogCommon>
  m_target: Gallop.DialogSingleModeStartConfirmEntrySelectMode
  _idleTab: Gallop.PartsSingleModeStartConfirmEntryIdleTabItem
  _raceSelectContext: Gallop.IdleSingleModeCharaRaceSelectContext
  <Gallop.IdleSingleModeCharaRaceSelectContext>
      .<ReserveRepository>k__BackingField = <Gallop.SingleModeRaceReserveRepository>
        ._entities = <? len=9>
          [0] <Gallop.SingleModeRaceReserveDeckEntity>
              ._reserveDict = <System.Collections.Generic.SortedDictionary<Gallop.SingleModeDefine.DegreeType,System.Collections.Generic.List<Gallop.SingleModeRaceReserveTurnEntity>>>
              ._displayData = <?>
              ._programIdGetter = <Gallop.IdleSingleModeCharaRaceSelectContext>
              .<DeckInfo>k__BackingField = <Gallop.SingleModeReservedRaceDeck>
              .<DeckIndex>k__BackingField = 0
              .<DeckName>k__BackingField = "Currently Scheduled Races"
              .<ReservedRaceCount>k__BackingField = 0
          [1] <Gallop.SingleModeRaceReserveDeckEntity>
              ._reserveDict = <System.Collections.Generic.SortedDictionary<Gallop.SingleModeDefine.DegreeType,System.Collections.Generic.List<Gallop.SingleModeRaceReserveTurnEntity>>>
              ._displayData = <?>
              ._programIdGetter = <Gallop.IdleSingleModeCharaRaceSelectContext>
              .<DeckInfo>k__BackingField = <Gallop.SingleModeReservedRaceDeck>
              .<DeckIndex>k__BackingField = 1
              .<DeckName>k__BackingField = "Agenda 1"
              .<ReservedRaceCount>k__BackingField = 27
          [2] <Gallop.SingleModeRaceReserveDeckEntity>
              ._reserveDict = <System.Collections.Generic.SortedDictionary<Gallop.SingleModeDefine.DegreeType,System.Collections.Generic.List<Gallop.SingleModeRaceReserveTurnEntity>>>
              ._displayData = <?>
              ._programIdGetter = <Gallop.IdleSingleModeCharaRaceSelectContext>
              .<DeckInfo>k__BackingField = <Gallop.SingleModeReservedRaceDeck>
              .<DeckIndex>k__BackingField = 2
              .<DeckName>k__BackingField = "Agenda 2"
              .<ReservedRaceCount>k__BackingField = 54
          [3] <Gallop.SingleModeRaceReserveDeckEntity>
              ._reserveDict = <System.Collections.Generic.SortedDictionary<Gallop.SingleModeDefine.DegreeType,System.Collections.Generic.List<Gallop.SingleModeRaceReserveTurnEntity>>>
              ._displayData = <?>
              ._programIdGetter = <Gallop.IdleSingleModeCharaRaceSelectContext>
              .<DeckInfo>k__BackingField = <Gallop.SingleModeReservedRaceDeck>
              .<DeckIndex>k__BackingField = 3
              .<DeckName>k__BackingField = "Agenda 3"
              .<ReservedRaceCount>k__BackingField = 19
          [4] <Gallop.SingleModeRaceReserveDeckEntity>
              ._reserveDict = <System.Collections.Generic.SortedDictionary<Gallop.SingleModeDefine.DegreeType,System.Collections.Generic.List<Gallop.SingleModeRaceReserveTurnEntity>>>
              ._displayData = <?>
              ._programIdGetter = <Gallop.IdleSingleModeCharaRaceSelectContext>
              .<DeckInfo>k__BackingField = <Gallop.SingleModeReservedRaceDeck>
              .<DeckIndex>k__BackingField = 4
              .<DeckName>k__BackingField = "Agenda 4"
              .<ReservedRaceCount>k__BackingField = 15
          [5] <Gallop.SingleModeRaceReserveDeckEntity>
              ._reserveDict = <System.Collections.Generic.SortedDictionary<Gallop.SingleModeDefine.DegreeType,System.Collections.Generic.List<Gallop.SingleModeRaceReserveTurnEntity>>>
              ._displayData = <?>
              ._programIdGetter = <Gallop.IdleSingleModeCharaRaceSelectContext>
              .<DeckInfo>k__BackingField = <Gallop.SingleModeReservedRaceDeck>
              .<DeckIndex>k__BackingField = 5
              .<DeckName>k__BackingField = "Agenda 5"
              .<ReservedRaceCount>k__BackingField = 35
          [6] <Gallop.SingleModeRaceReserveDeckEntity>
              ._reserveDict = <System.Collections.Generic.SortedDictionary<Gallop.SingleModeDefine.DegreeType,System.Collections.Generic.List<Gallop.SingleModeRaceReserveTurnEntity>>>
              ._displayData = <?>
              ._programIdGetter = <Gallop.IdleSingleModeCharaRaceSelectContext>
              .<DeckInfo>k__BackingField = <Gallop.SingleModeReservedRaceDeck>
              .<DeckIndex>k__BackingField = 6
              .<DeckName>k__BackingField = "Agenda 6"
              .<ReservedRaceCount>k__BackingField = 30
          [7] <Gallop.SingleModeRaceReserveDeckEntity>
              ._reserveDict = <System.Collections.Generic.SortedDictionary<Gallop.SingleModeDefine.DegreeType,System.Collections.Generic.List<Gallop.SingleModeRaceReserveTurnEntity>>>
              ._displayData = <?>
              ._programIdGetter = <Gallop.IdleSingleModeCharaRaceSelectContext>
              .<DeckInfo>k__BackingField = <Gallop.SingleModeReservedRaceDeck>
              .<DeckIndex>k__BackingField = 7
              .<DeckName>k__BackingField = "Agenda 7"
              .<ReservedRaceCount>k__BackingField = 20
          [8] <Gallop.SingleModeRaceReserveDeckEntity>
              ._reserveDict = <System.Collections.Generic.SortedDictionary<Gallop.SingleModeDefine.DegreeType,System.Collections.Generic.List<Gallop.SingleModeRaceReserveTurnEntity>>>
              ._displayData = <?>
              ._programIdGetter = <Gallop.IdleSingleModeCharaRaceSelectContext>
              .<DeckInfo>k__BackingField = <Gallop.SingleModeReservedRaceDeck>
              .<DeckIndex>k__BackingField = 8
              .<DeckName>k__BackingField = "RaceParent"
              .<ReservedRaceCount>k__BackingField = 33
        ._conditionalProgramIdGetter = <Gallop.IdleSingleModeCharaRaceSelectContext>
          .<ReserveRepository>k__BackingField = <Gallop.SingleModeRaceReserveRepository>
            ._entities = <? len=9>
              [0] <Gallop.SingleModeRaceReserveDeckEntity>
              [1] <Gallop.SingleModeRaceReserveDeckEntity>
              [2] <Gallop.SingleModeRaceReserveDeckEntity>
              [3] <Gallop.SingleModeRaceReserveDeckEntity>
              [4] <Gallop.SingleModeRaceReserveDeckEntity>
              [5] <Gallop.SingleModeRaceReserveDeckEntity>
              [6] <Gallop.SingleModeRaceReserveDeckEntity>
              [7] <Gallop.SingleModeRaceReserveDeckEntity>
              [8] <Gallop.SingleModeRaceReserveDeckEntity>
            ._conditionalProgramIdGetter = <Gallop.IdleSingleModeCharaRaceSelectContext>
            .<OnUpdateEvent>k__BackingField = <Gallop.EventSubject<Gallop.SingleModeRaceReserveRepository>>
          .<TurnRepository>k__BackingField = <Gallop.SingleModeRaceReserveTurnRepository>
            .<IsUpdated>k__BackingField = true
            .<TurnMasters>k__BackingField = <System.Collections.Generic.List<Gallop.MasterSingleModeTurn.SingleModeTurn>>
            .<DegreeEntities>k__BackingField = <System.Collections.Generic.Dictionary<Gallop.SingleModeDefine.DegreeType,Gallop.SingleModeRaceReserveDegreeTurnEntity>>
            ._getTurnSetId = <System.Func<System.Int32>>
          .<DefaultUraTurnRepository>k__BackingField = <Gallop.SingleModeRaceReserveTurnRepository>
            .<IsUpdated>k__BackingField = true
            .<TurnMasters>k__BackingField = <System.Collections.Generic.List<Gallop.MasterSingleModeTurn.SingleModeTurn>>
            .<DegreeEntities>k__BackingField = <System.Collections.Generic.Dictionary<Gallop.SingleModeDefine.DegreeType,Gallop.SingleModeRaceReserveDegreeTurnEntity>>
            ._getTurnSetId = <System.Func<System.Int32>>
          .<RequestBuilder>k__BackingField = <Gallop.SingleModeRaceReserveRequestBuilder>
            ._addProgramsDict = <System.Collections.Generic.Dictionary<Gallop.SingleModeDefine.DegreeType,System.Collections.Generic.SortedList<System.Int32,System.Int32>>>
            ._cancelProgramsDict = <System.Collections.Generic.Dictionary<Gallop.SingleModeDefine.DegreeType,System.Collections.Generic.SortedList<System.Int32,System.Int32>>>
            ._programIdGetter = <Gallop.IdleSingleModeCharaRaceSelectContext>
            ._reserveRepository = <Gallop.SingleModeRaceReserveRepository>
          .<Connect>k__BackingField = <Gallop.IdleSingleModeRaceReserveConnect>
            ._reservedRaceInfo = <Gallop.SingleModeReservedRaceInfo>
            ._entryInfo = <Gallop.SingleModeStartViewController.EntryInfo>
          .<AutoReapply>k__BackingField = <Gallop.SingleModeRaceReserve.SingleModeRaceReserveAutoReapply>
            ._autoReapplyDeckIndex = 0 (obscured)
            ._needConfirmAutoReapply = 213 (obscured)
          .<ReservedRaceInfo>k__BackingField = <Gallop.SingleModeReservedRaceInfo>
            .default_deck_num = 0
            .needs_default_confirm = 1
            .reserved_race_array = <? len=9>
              [0] <Gallop.SingleModeReservedRaceDeck>
              [1] <Gallop.SingleModeReservedRaceDeck>
              [2] <Gallop.SingleModeReservedRaceDeck>
              [3] <Gallop.SingleModeReservedRaceDeck>
              [4] <Gallop.SingleModeReservedRaceDeck>
              [5] <Gallop.SingleModeReservedRaceDeck>
              [6] <Gallop.SingleModeReservedRaceDeck>
              [7] <Gallop.SingleModeReservedRaceDeck>
              [8] <Gallop.SingleModeReservedRaceDeck>
          .<EntryInfo>k__BackingField = <Gallop.SingleModeStartViewController.EntryInfo>
            .<CardId>k__BackingField = 101102
            .<SupportSerialIdArray>k__BackingField = <? len=5>
              [0] 30052
              [1] 20021
              [2] 30074
              [3] 30087
              [4] 30113
            .<RentalSupportCardIdArray>k__BackingField = <? len=5>
              [0] 0
              [1] 0
              [2] 0
              [3] 0
              [4] 0
            .FriendSupportCardPosition = 5
            ._eventRentalTrainedCharaArray = <? len=0>
            ._rentalTrainedCharaArray = <? len=69>
              [0] <Gallop.WorkTrainedCharaData.TrainedCharaData>
              [1] <Gallop.WorkTrainedCharaData.TrainedCharaData>
              [2] <Gallop.WorkTrainedCharaData.TrainedCharaData>
              [3] <Gallop.WorkTrainedCharaData.TrainedCharaData>
              [4] <Gallop.WorkTrainedCharaData.TrainedCharaData>
              [5] <Gallop.WorkTrainedCharaData.TrainedCharaData>
              [6] <Gallop.WorkTrainedCharaData.TrainedCharaData>
              [7] <Gallop.WorkTrainedCharaData.TrainedCharaData>
              [8] <Gallop.WorkTrainedCharaData.TrainedCharaData>
              [9] <Gallop.WorkTrainedCharaData.TrainedCharaData>
            ._singleModeStartSuccessionUserInfoManager = <Gallop.SingleModeStartSuccessionUserInfoManager>
            .SuccessionTrainedChara_First = <Gallop.WorkTrainedCharaData.TrainedCharaData>
            .SuccessionTrainedChara_Second = <Gallop.WorkTrainedCharaData.TrainedCharaData>
            .<ScenarioId>k__BackingField = 1
            .<UseEventRental>k__BackingField = <?>
            .<UseTp>k__BackingField = 15
            .<UseTpWhenBoostMode>k__BackingField = 15
            .<EnableTpBoost>k__BackingField = false
            .<DifficultyId>k__BackingField = 0
            .<Difficulty>k__BackingField = 0
            ._paramDict = <System.Collections.Generic.Dictionary<Gallop.GameDefine.ParameterType,Gallop.PartsSingleModeMemberParamaters.ParamSet>>
            ._cardDressIdSet = <Gallop.CardDressIdSet>
            .<EnableEventType>k__BackingField = <?>
            .FriendCardInfoList = <System.Collections.Generic.List<Gallop.SingleModeStartViewController.EntryInfo.FriendCardInfo>>
            .SelectFriendCardInfo = <Gallop.SingleModeStartViewController.EntryInfo.FriendCardInfo>
            .RentalUserInfoArray = <? len=69>
              [0] <Gallop.UserInfoAtFriend>
              [1] <Gallop.UserInfoAtFriend>
              [2] <Gallop.UserInfoAtFriend>
              [3] <Gallop.UserInfoAtFriend>
              [4] <Gallop.UserInfoAtFriend>
              [5] <Gallop.UserInfoAtFriend>
              [6] <Gallop.UserInfoAtFriend>
              [7] <Gallop.UserInfoAtFriend>
              [8] <Gallop.UserInfoAtFriend>
              [9] <Gallop.UserInfoAtFriend>
            .RentalTrainedCharaArray = <? len=69>
              [0] <Gallop.WorkTrainedCharaData.TrainedCharaData>
              [1] <Gallop.WorkTrainedCharaData.TrainedCharaData>
              [2] <Gallop.WorkTrainedCharaData.TrainedCharaData>
              [3] <Gallop.WorkTrainedCharaData.TrainedCharaData>
              [4] <Gallop.WorkTrainedCharaData.TrainedCharaData>
              [5] <Gallop.WorkTrainedCharaData.TrainedCharaData>
              [6] <Gallop.WorkTrainedCharaData.TrainedCharaData>
              [7] <Gallop.WorkTrainedCharaData.TrainedCharaData>
              [8] <Gallop.WorkTrainedCharaData.TrainedCharaData>
              [9] <Gallop.WorkTrainedCharaData.TrainedCharaData>
            .EventRentalUserInfoArray = <? len=0>
            .EventRentalTrainedCharaArray = <? len=0>
            .<RunningStyle>k__BackingField = <?>
            .<RouteRaceProgramId>k__BackingField = 0
          .<CharaProperInfo>k__BackingField = <Gallop.PartsSingleModeStartProperFrame.InfoWithBonus>
            ._paramWithBonus = <?>
            ._highlightArrayTargetList = <System.Collections.Generic.List<Gallop.MasterSuccessionFactorEffect.SuccessionFactorEffect.FactorTargetType>>
            ._turf = <?>
            ._dirt = <?>
            ._short = <?>
            ._mile = <?>
            ._middle = <?>
            ._long = <?>
            ._nige = <?>
            ._senko = <?>
            ._sashi = <?>
            ._oikomi = <?>
          .<SelectRouteRaceProgramId>k__BackingField = 0
        .<OnUpdateEvent>k__BackingField = <Gallop.EventSubject<Gallop.SingleModeRaceReserveRepository>>
          ._lock = <System.Object>
          ._isDisposed = false
          ._observerList = <System.Collections.Generic.List<System.IObserver<Gallop.SingleModeRaceReserveRepository>> count=0>
      .<TurnRepository>k__BackingField = <Gallop.SingleModeRaceReserveTurnRepository>
        .<IsUpdated>k__BackingField = true
        .<TurnMasters>k__BackingField = <System.Collections.Generic.List<Gallop.MasterSingleModeTurn.SingleModeTurn> count=78>
          [0] <Gallop.MasterSingleModeTurn.SingleModeTurn>
              .Id = 1
              .TurnSetId = 1
              .Turn = 1
              .Year = 1
              .Month = 4
              .Half = 1
              .Period = 1
              .UniqueCommand = 0
              .TrainingSetId = 1
              .OutingSetId = 1
              .TopClothId = 0
              .TopBgId = 0
              .BgmCueName = "snd_bgm_GM034_single"
              .BgmCuesheetName = "snd_bgm_GM034"
              .BgmUniqueCueName = ""
              .BgmUniqueCuesheetName = ""
              .EnvCueName = "snd_sfx_atmos_01"
              .EnvCuesheetName = "snd_sfx_training_000"
              .RestType = 1
              .HealthRoomType = 1
              .RaceEntryType = 0
              .StoryClothId = 6
              .StoryBgId = 9
              .StoryBgSubId = 120
          [1] <Gallop.MasterSingleModeTurn.SingleModeTurn>
              .Id = 2
              .TurnSetId = 1
              .Turn = 2
              .Year = 1
              .Month = 4
              .Half = 1
              .Period = 1
              .UniqueCommand = 0
              .TrainingSetId = 1
              .OutingSetId = 1
              .TopClothId = 0
              .TopBgId = 0
              .BgmCueName = "snd_bgm_GM034_single"
              .BgmCuesheetName = "snd_bgm_GM034"
              .BgmUniqueCueName = ""
              .BgmUniqueCuesheetName = ""
              .EnvCueName = "snd_sfx_atmos_01"
              .EnvCuesheetName = "snd_sfx_training_000"
              .RestType = 1
              .HealthRoomType = 1
              .RaceEntryType = 0
              .StoryClothId = 6
              .StoryBgId = 9
              .StoryBgSubId = 120
          [2] <Gallop.MasterSingleModeTurn.SingleModeTurn>
              .Id = 3
              .TurnSetId = 1
              .Turn = 3
              .Year = 1
              .Month = 4
              .Half = 2
              .Period = 1
              .UniqueCommand = 0
              .TrainingSetId = 1
              .OutingSetId = 1
              .TopClothId = 0
              .TopBgId = 0
              .BgmCueName = "snd_bgm_GM034_single"
              .BgmCuesheetName = "snd_bgm_GM034"
              .BgmUniqueCueName = ""
              .BgmUniqueCuesheetName = ""
              .EnvCueName = "snd_sfx_atmos_01"
              .EnvCuesheetName = "snd_sfx_training_000"
              .RestType = 1
              .HealthRoomType = 1
              .RaceEntryType = 0
              .StoryClothId = 6
              .StoryBgId = 9
              .StoryBgSubId = 120
          [3] <Gallop.MasterSingleModeTurn.SingleModeTurn>
              .Id = 4
              .TurnSetId = 1
              .Turn = 4
              .Year = 1
              .Month = 4
              .Half = 2
              .Period = 1
              .UniqueCommand = 0
              .TrainingSetId = 1
              .OutingSetId = 1
              .TopClothId = 0
              .TopBgId = 0
              .BgmCueName = "snd_bgm_GM034_single"
              .BgmCuesheetName = "snd_bgm_GM034"
              .BgmUniqueCueName = ""
              .BgmUniqueCuesheetName = ""
              .EnvCueName = "snd_sfx_atmos_01"
              .EnvCuesheetName = "snd_sfx_training_000"
              .RestType = 1
              .HealthRoomType = 1
              .RaceEntryType = 0
              .StoryClothId = 6
              .StoryBgId = 9
              .StoryBgSubId = 120
          [4] <Gallop.MasterSingleModeTurn.SingleModeTurn>
              .Id = 5
              .TurnSetId = 1
              .Turn = 5
              .Year = 1
              .Month = 5
              .Half = 1
              .Period = 1
              .UniqueCommand = 0
              .TrainingSetId = 1
              .OutingSetId = 1
              .TopClothId = 0
              .TopBgId = 0
              .BgmCueName = "snd_bgm_GM034_single"
              .BgmCuesheetName = "snd_bgm_GM034"
              .BgmUniqueCueName = ""
              .BgmUniqueCuesheetName = ""
              .EnvCueName = "snd_sfx_atmos_01"
              .EnvCuesheetName = "snd_sfx_training_000"
              .RestType = 1
              .HealthRoomType = 1
              .RaceEntryType = 0
              .StoryClothId = 6
              .StoryBgId = 9
              .StoryBgSubId = 120
          [5] <Gallop.MasterSingleModeTurn.SingleModeTurn>
              .Id = 6
              .TurnSetId = 1
              .Turn = 6
              .Year = 1
              .Month = 5
              .Half = 1
              .Period = 1
              .UniqueCommand = 0
              .TrainingSetId = 1
              .OutingSetId = 1
              .TopClothId = 0
              .TopBgId = 0
              .BgmCueName = "snd_bgm_GM034_single"
              .BgmCuesheetName = "snd_bgm_GM034"
              .BgmUniqueCueName = ""
              .BgmUniqueCuesheetName = ""
              .EnvCueName = "snd_sfx_atmos_01"
              .EnvCuesheetName = "snd_sfx_training_000"
              .RestType = 1
              .HealthRoomType = 1
              .RaceEntryType = 0
              .StoryClothId = 6
              .StoryBgId = 9
              .StoryBgSubId = 120
          [6] <Gallop.MasterSingleModeTurn.SingleModeTurn>
              .Id = 7
              .TurnSetId = 1
              .Turn = 7
              .Year = 1
              .Month = 5
              .Half = 2
              .Period = 1
              .UniqueCommand = 0
              .TrainingSetId = 1
              .OutingSetId = 1
              .TopClothId = 0
              .TopBgId = 0
              .BgmCueName = "snd_bgm_GM034_single"
              .BgmCuesheetName = "snd_bgm_GM034"
              .BgmUniqueCueName = ""
              .BgmUniqueCuesheetName = ""
              .EnvCueName = "snd_sfx_atmos_01"
              .EnvCuesheetName = "snd_sfx_training_000"
              .RestType = 1
              .HealthRoomType = 1
              .RaceEntryType = 0
              .StoryClothId = 6
              .StoryBgId = 9
              .StoryBgSubId = 120
          [7] <Gallop.MasterSingleModeTurn.SingleModeTurn>
              .Id = 8
              .TurnSetId = 1
              .Turn = 8
              .Year = 1
              .Month = 5
              .Half = 2
              .Period = 1
              .UniqueCommand = 0
              .TrainingSetId = 1
              .OutingSetId = 1
              .TopClothId = 0
              .TopBgId = 0
              .BgmCueName = "snd_bgm_GM034_single"
              .BgmCuesheetName = "snd_bgm_GM034"
              .BgmUniqueCueName = ""
              .BgmUniqueCuesheetName = ""
              .EnvCueName = "snd_sfx_atmos_01"
              .EnvCuesheetName = "snd_sfx_training_000"
              .RestType = 1
              .HealthRoomType = 1
              .RaceEntryType = 0
              .StoryClothId = 6
              .StoryBgId = 9
              .StoryBgSubId = 120
          [8] <Gallop.MasterSingleModeTurn.SingleModeTurn>
              .Id = 9
              .TurnSetId = 1
              .Turn = 9
              .Year = 1
              .Month = 6
              .Half = 1
              .Period = 1
              .UniqueCommand = 0
              .TrainingSetId = 1
              .OutingSetId = 1
              .TopClothId = 0
              .TopBgId = 0
              .BgmCueName = "snd_bgm_GM034_single"
              .BgmCuesheetName = "snd_bgm_GM034"
              .BgmUniqueCueName = ""
              .BgmUniqueCuesheetName = ""
              .EnvCueName = "snd_sfx_atmos_01"
              .EnvCuesheetName = "snd_sfx_training_000"
              .RestType = 1
              .HealthRoomType = 1
              .RaceEntryType = 0
              .StoryClothId = 3
              .StoryBgId = 9
              .StoryBgSubId = 120
          [9] <Gallop.MasterSingleModeTurn.SingleModeTurn>
              .Id = 10
              .TurnSetId = 1
              .Turn = 10
              .Year = 1
              .Month = 6
              .Half = 1
              .Period = 1
              .UniqueCommand = 0
              .TrainingSetId = 1
              .OutingSetId = 1
              .TopClothId = 0
              .TopBgId = 0
              .BgmCueName = "snd_bgm_GM034_single"
              .BgmCuesheetName = "snd_bgm_GM034"
              .BgmUniqueCueName = ""
              .BgmUniqueCuesheetName = ""
              .EnvCueName = "snd_sfx_atmos_01"
              .EnvCuesheetName = "snd_sfx_training_000"
              .RestType = 1
              .HealthRoomType = 1
              .RaceEntryType = 0
              .StoryClothId = 3
              .StoryBgId = 9
              .StoryBgSubId = 120
        .<DegreeEntities>k__BackingField = <System.Collections.Generic.Dictionary<Gallop.SingleModeDefine.DegreeType,Gallop.SingleModeRaceReserveDegreeTurnEntity> count=4>
          {<?>} <Gallop.SingleModeRaceReserveDegreeTurnEntity>
              .<FirstTurn>k__BackingField = 13
              .<LastTurn>k__BackingField = 24
              .<TurnMasters>k__BackingField = <? len=24>
                [0] <Gallop.MasterSingleModeTurn.SingleModeTurn>
                [1] <Gallop.MasterSingleModeTurn.SingleModeTurn>
                [2] <Gallop.MasterSingleModeTurn.SingleModeTurn>
                [3] <Gallop.MasterSingleModeTurn.SingleModeTurn>
                [4] <Gallop.MasterSingleModeTurn.SingleModeTurn>
                [5] <Gallop.MasterSingleModeTurn.SingleModeTurn>
                [6] <Gallop.MasterSingleModeTurn.SingleModeTurn>
                [7] <Gallop.MasterSingleModeTurn.SingleModeTurn>
                [8] <Gallop.MasterSingleModeTurn.SingleModeTurn>
                [9] <Gallop.MasterSingleModeTurn.SingleModeTurn>
          {<?>} <Gallop.SingleModeRaceReserveDegreeTurnEntity>
              .<FirstTurn>k__BackingField = 25
              .<LastTurn>k__BackingField = 48
              .<TurnMasters>k__BackingField = <? len=24>
                [0] <Gallop.MasterSingleModeTurn.SingleModeTurn>
                [1] <Gallop.MasterSingleModeTurn.SingleModeTurn>
                [2] <Gallop.MasterSingleModeTurn.SingleModeTurn>
                [3] <Gallop.MasterSingleModeTurn.SingleModeTurn>
                [4] <Gallop.MasterSingleModeTurn.SingleModeTurn>
                [5] <Gallop.MasterSingleModeTurn.SingleModeTurn>
                [6] <Gallop.MasterSingleModeTurn.SingleModeTurn>
                [7] <Gallop.MasterSingleModeTurn.SingleModeTurn>
                [8] <Gallop.MasterSingleModeTurn.SingleModeTurn>
                [9] <Gallop.MasterSingleModeTurn.SingleModeTurn>
          {<?>} <Gallop.SingleModeRaceReserveDegreeTurnEntity>
              .<FirstTurn>k__BackingField = 49
              .<LastTurn>k__BackingField = 72
              .<TurnMasters>k__BackingField = <? len=24>
                [0] <Gallop.MasterSingleModeTurn.SingleModeTurn>
                [1] <Gallop.MasterSingleModeTurn.SingleModeTurn>
                [2] <Gallop.MasterSingleModeTurn.SingleModeTurn>
                [3] <Gallop.MasterSingleModeTurn.SingleModeTurn>
                [4] <Gallop.MasterSingleModeTurn.SingleModeTurn>
                [5] <Gallop.MasterSingleModeTurn.SingleModeTurn>
                [6] <Gallop.MasterSingleModeTurn.SingleModeTurn>
                [7] <Gallop.MasterSingleModeTurn.SingleModeTurn>
                [8] <Gallop.MasterSingleModeTurn.SingleModeTurn>
                [9] <Gallop.MasterSingleModeTurn.SingleModeTurn>
          {<?>} <Gallop.SingleModeRaceReserveDegreeTurnEntity>
              .<FirstTurn>k__BackingField = 73
              .<LastTurn>k__BackingField = 78
              .<TurnMasters>k__BackingField = <? len=6>
                [0] <Gallop.MasterSingleModeTurn.SingleModeTurn>
                [1] <Gallop.MasterSingleModeTurn.SingleModeTurn>
                [2] <Gallop.MasterSingleModeTurn.SingleModeTurn>
                [3] <Gallop.MasterSingleModeTurn.SingleModeTurn>
                [4] <Gallop.MasterSingleModeTurn.SingleModeTurn>
                [5] <Gallop.MasterSingleModeTurn.SingleModeTurn>
          {<?>} <?>
          {<?>} <?>
          {<?>} <?>
        ._getTurnSetId = <System.Func<System.Int32>>
      .<DefaultUraTurnRepository>k__BackingField = <Gallop.SingleModeRaceReserveTurnRepository>
        .<IsUpdated>k__BackingField = true
        .<TurnMasters>k__BackingField = <System.Collections.Generic.List<Gallop.MasterSingleModeTurn.SingleModeTurn> count=78>
          [0] <Gallop.MasterSingleModeTurn.SingleModeTurn>
              .Id = 1
              .TurnSetId = 1
              .Turn = 1
              .Year = 1
              .Month = 4
              .Half = 1
              .Period = 1
              .UniqueCommand = 0
              .TrainingSetId = 1
              .OutingSetId = 1
              .TopClothId = 0
              .TopBgId = 0
              .BgmCueName = "snd_bgm_GM034_single"
              .BgmCuesheetName = "snd_bgm_GM034"
              .BgmUniqueCueName = ""
              .BgmUniqueCuesheetName = ""
              .EnvCueName = "snd_sfx_atmos_01"
              .EnvCuesheetName = "snd_sfx_training_000"
              .RestType = 1
              .HealthRoomType = 1
              .RaceEntryType = 0
              .StoryClothId = 6
              .StoryBgId = 9
              .StoryBgSubId = 120
          [1] <Gallop.MasterSingleModeTurn.SingleModeTurn>
              .Id = 2
              .TurnSetId = 1
              .Turn = 2
              .Year = 1
              .Month = 4
              .Half = 1
              .Period = 1
              .UniqueCommand = 0
              .TrainingSetId = 1
              .OutingSetId = 1
              .TopClothId = 0
              .TopBgId = 0
              .BgmCueName = "snd_bgm_GM034_single"
              .BgmCuesheetName = "snd_bgm_GM034"
              .BgmUniqueCueName = ""
              .BgmUniqueCuesheetName = ""
              .EnvCueName = "snd_sfx_atmos_01"
              .EnvCuesheetName = "snd_sfx_training_000"
              .RestType = 1
              .HealthRoomType = 1
              .RaceEntryType = 0
              .StoryClothId = 6
              .StoryBgId = 9
              .StoryBgSubId = 120
          [2] <Gallop.MasterSingleModeTurn.SingleModeTurn>
              .Id = 3
              .TurnSetId = 1
              .Turn = 3
              .Year = 1
              .Month = 4
              .Half = 2
              .Period = 1
              .UniqueCommand = 0
              .TrainingSetId = 1
              .OutingSetId = 1
              .TopClothId = 0
              .TopBgId = 0
              .BgmCueName = "snd_bgm_GM034_single"
              .BgmCuesheetName = "snd_bgm_GM034"
              .BgmUniqueCueName = ""
              .BgmUniqueCuesheetName = ""
              .EnvCueName = "snd_sfx_atmos_01"
              .EnvCuesheetName = "snd_sfx_training_000"
              .RestType = 1
              .HealthRoomType = 1
              .RaceEntryType = 0
              .StoryClothId = 6
              .StoryBgId = 9
              .StoryBgSubId = 120
          [3] <Gallop.MasterSingleModeTurn.SingleModeTurn>
              .Id = 4
              .TurnSetId = 1
              .Turn = 4
              .Year = 1
              .Month = 4
              .Half = 2
              .Period = 1
              .UniqueCommand = 0
              .TrainingSetId = 1
              .OutingSetId = 1
              .TopClothId = 0
              .TopBgId = 0
              .BgmCueName = "snd_bgm_GM034_single"
              .BgmCuesheetName = "snd_bgm_GM034"
              .BgmUniqueCueName = ""
              .BgmUniqueCuesheetName = ""
              .EnvCueName = "snd_sfx_atmos_01"
              .EnvCuesheetName = "snd_sfx_training_000"
              .RestType = 1
              .HealthRoomType = 1
              .RaceEntryType = 0
              .StoryClothId = 6
              .StoryBgId = 9
              .StoryBgSubId = 120
          [4] <Gallop.MasterSingleModeTurn.SingleModeTurn>
              .Id = 5
              .TurnSetId = 1
              .Turn = 5
              .Year = 1
              .Month = 5
              .Half = 1
              .Period = 1
              .UniqueCommand = 0
              .TrainingSetId = 1
              .OutingSetId = 1
              .TopClothId = 0
              .TopBgId = 0
              .BgmCueName = "snd_bgm_GM034_single"
              .BgmCuesheetName = "snd_bgm_GM034"
              .BgmUniqueCueName = ""
              .BgmUniqueCuesheetName = ""
              .EnvCueName = "snd_sfx_atmos_01"
              .EnvCuesheetName = "snd_sfx_training_000"
              .RestType = 1
              .HealthRoomType = 1
              .RaceEntryType = 0
              .StoryClothId = 6
              .StoryBgId = 9
              .StoryBgSubId = 120
          [5] <Gallop.MasterSingleModeTurn.SingleModeTurn>
              .Id = 6
              .TurnSetId = 1
              .Turn = 6
              .Year = 1
              .Month = 5
              .Half = 1
              .Period = 1
              .UniqueCommand = 0
              .TrainingSetId = 1
              .OutingSetId = 1
              .TopClothId = 0
              .TopBgId = 0
              .BgmCueName = "snd_bgm_GM034_single"
              .BgmCuesheetName = "snd_bgm_GM034"
              .BgmUniqueCueName = ""
              .BgmUniqueCuesheetName = ""
              .EnvCueName = "snd_sfx_atmos_01"
              .EnvCuesheetName = "snd_sfx_training_000"
              .RestType = 1
              .HealthRoomType = 1
              .RaceEntryType = 0
              .StoryClothId = 6
              .StoryBgId = 9
              .StoryBgSubId = 120
          [6] <Gallop.MasterSingleModeTurn.SingleModeTurn>
              .Id = 7
              .TurnSetId = 1
              .Turn = 7
              .Year = 1
              .Month = 5
              .Half = 2
              .Period = 1
              .UniqueCommand = 0
              .TrainingSetId = 1
              .OutingSetId = 1
              .TopClothId = 0
              .TopBgId = 0
              .BgmCueName = "snd_bgm_GM034_single"
              .BgmCuesheetName = "snd_bgm_GM034"
              .BgmUniqueCueName = ""
              .BgmUniqueCuesheetName = ""
              .EnvCueName = "snd_sfx_atmos_01"
              .EnvCuesheetName = "snd_sfx_training_000"
              .RestType = 1
              .HealthRoomType = 1
              .RaceEntryType = 0
              .StoryClothId = 6
              .StoryBgId = 9
              .StoryBgSubId = 120
          [7] <Gallop.MasterSingleModeTurn.SingleModeTurn>
              .Id = 8
              .TurnSetId = 1
              .Turn = 8
              .Year = 1
              .Month = 5
              .Half = 2
              .Period = 1
              .UniqueCommand = 0
              .TrainingSetId = 1
              .OutingSetId = 1
              .TopClothId = 0
              .TopBgId = 0
              .BgmCueName = "snd_bgm_GM034_single"
              .BgmCuesheetName = "snd_bgm_GM034"
              .BgmUniqueCueName = ""
              .BgmUniqueCuesheetName = ""
              .EnvCueName = "snd_sfx_atmos_01"
              .EnvCuesheetName = "snd_sfx_training_000"
              .RestType = 1
              .HealthRoomType = 1
              .RaceEntryType = 0
              .StoryClothId = 6
              .StoryBgId = 9
              .StoryBgSubId = 120
          [8] <Gallop.MasterSingleModeTurn.SingleModeTurn>
              .Id = 9
              .TurnSetId = 1
              .Turn = 9
              .Year = 1
              .Month = 6
              .Half = 1
              .Period = 1
              .UniqueCommand = 0
              .TrainingSetId = 1
              .OutingSetId = 1
              .TopClothId = 0
              .TopBgId = 0
              .BgmCueName = "snd_bgm_GM034_single"
              .BgmCuesheetName = "snd_bgm_GM034"
              .BgmUniqueCueName = ""
              .BgmUniqueCuesheetName = ""
              .EnvCueName = "snd_sfx_atmos_01"
              .EnvCuesheetName = "snd_sfx_training_000"
              .RestType = 1
              .HealthRoomType = 1
              .RaceEntryType = 0
              .StoryClothId = 3
              .StoryBgId = 9
              .StoryBgSubId = 120
          [9] <Gallop.MasterSingleModeTurn.SingleModeTurn>
              .Id = 10
              .TurnSetId = 1
              .Turn = 10
              .Year = 1
              .Month = 6
              .Half = 1
              .Period = 1
              .UniqueCommand = 0
              .TrainingSetId = 1
              .OutingSetId = 1
              .TopClothId = 0
              .TopBgId = 0
              .BgmCueName = "snd_bgm_GM034_single"
              .BgmCuesheetName = "snd_bgm_GM034"
              .BgmUniqueCueName = ""
              .BgmUniqueCuesheetName = ""
              .EnvCueName = "snd_sfx_atmos_01"
              .EnvCuesheetName = "snd_sfx_training_000"
              .RestType = 1
              .HealthRoomType = 1
              .RaceEntryType = 0
              .StoryClothId = 3
              .StoryBgId = 9
              .StoryBgSubId = 120
        .<DegreeEntities>k__BackingField = <System.Collections.Generic.Dictionary<Gallop.SingleModeDefine.DegreeType,Gallop.SingleModeRaceReserveDegreeTurnEntity> count=4>
          {<?>} <Gallop.SingleModeRaceReserveDegreeTurnEntity>
              .<FirstTurn>k__BackingField = 13
              .<LastTurn>k__BackingField = 24
              .<TurnMasters>k__BackingField = <? len=24>
                [0] <Gallop.MasterSingleModeTurn.SingleModeTurn>
                [1] <Gallop.MasterSingleModeTurn.SingleModeTurn>
                [2] <Gallop.MasterSingleModeTurn.SingleModeTurn>
                [3] <Gallop.MasterSingleModeTurn.SingleModeTurn>
                [4] <Gallop.MasterSingleModeTurn.SingleModeTurn>
                [5] <Gallop.MasterSingleModeTurn.SingleModeTurn>
                [6] <Gallop.MasterSingleModeTurn.SingleModeTurn>
                [7] <Gallop.MasterSingleModeTurn.SingleModeTurn>
                [8] <Gallop.MasterSingleModeTurn.SingleModeTurn>
                [9] <Gallop.MasterSingleModeTurn.SingleModeTurn>
          {<?>} <Gallop.SingleModeRaceReserveDegreeTurnEntity>
              .<FirstTurn>k__BackingField = 25
              .<LastTurn>k__BackingField = 48
              .<TurnMasters>k__BackingField = <? len=24>
                [0] <Gallop.MasterSingleModeTurn.SingleModeTurn>
                [1] <Gallop.MasterSingleModeTurn.SingleModeTurn>
                [2] <Gallop.MasterSingleModeTurn.SingleModeTurn>
                [3] <Gallop.MasterSingleModeTurn.SingleModeTurn>
                [4] <Gallop.MasterSingleModeTurn.SingleModeTurn>
                [5] <Gallop.MasterSingleModeTurn.SingleModeTurn>
                [6] <Gallop.MasterSingleModeTurn.SingleModeTurn>
                [7] <Gallop.MasterSingleModeTurn.SingleModeTurn>
                [8] <Gallop.MasterSingleModeTurn.SingleModeTurn>
                [9] <Gallop.MasterSingleModeTurn.SingleModeTurn>
          {<?>} <Gallop.SingleModeRaceReserveDegreeTurnEntity>
              .<FirstTurn>k__BackingField = 49
              .<LastTurn>k__BackingField = 72
              .<TurnMasters>k__BackingField = <? len=24>
                [0] <Gallop.MasterSingleModeTurn.SingleModeTurn>
                [1] <Gallop.MasterSingleModeTurn.SingleModeTurn>
                [2] <Gallop.MasterSingleModeTurn.SingleModeTurn>
                [3] <Gallop.MasterSingleModeTurn.SingleModeTurn>
                [4] <Gallop.MasterSingleModeTurn.SingleModeTurn>
                [5] <Gallop.MasterSingleModeTurn.SingleModeTurn>
                [6] <Gallop.MasterSingleModeTurn.SingleModeTurn>
                [7] <Gallop.MasterSingleModeTurn.SingleModeTurn>
                [8] <Gallop.MasterSingleModeTurn.SingleModeTurn>
                [9] <Gallop.MasterSingleModeTurn.SingleModeTurn>
          {<?>} <Gallop.SingleModeRaceReserveDegreeTurnEntity>
              .<FirstTurn>k__BackingField = 73
              .<LastTurn>k__BackingField = 78
              .<TurnMasters>k__BackingField = <? len=6>
                [0] <Gallop.MasterSingleModeTurn.SingleModeTurn>
                [1] <Gallop.MasterSingleModeTurn.SingleModeTurn>
                [2] <Gallop.MasterSingleModeTurn.SingleModeTurn>
                [3] <Gallop.MasterSingleModeTurn.SingleModeTurn>
                [4] <Gallop.MasterSingleModeTurn.SingleModeTurn>
                [5] <Gallop.MasterSingleModeTurn.SingleModeTurn>
          {<?>} <?>
          {<?>} <?>
          {<?>} <?>
        ._getTurnSetId = <System.Func<System.Int32>>
      .<RequestBuilder>k__BackingField = <Gallop.SingleModeRaceReserveRequestBuilder>
        ._addProgramsDict = <read err: access violation accessing 0x18>
        ._cancelProgramsDict = <read err: access violation accessing 0x18>
        ._programIdGetter = <Gallop.IdleSingleModeCharaRaceSelectContext>
          .<ReserveRepository>k__BackingField = <Gallop.SingleModeRaceReserveRepository>
            ._entities = <? len=9>
              [0] <Gallop.SingleModeRaceReserveDeckEntity>
              [1] <Gallop.SingleModeRaceReserveDeckEntity>
              [2] <Gallop.SingleModeRaceReserveDeckEntity>
              [3] <Gallop.SingleModeRaceReserveDeckEntity>
              [4] <Gallop.SingleModeRaceReserveDeckEntity>
              [5] <Gallop.SingleModeRaceReserveDeckEntity>
              [6] <Gallop.SingleModeRaceReserveDeckEntity>
              [7] <Gallop.SingleModeRaceReserveDeckEntity>
              [8] <Gallop.SingleModeRaceReserveDeckEntity>
            ._conditionalProgramIdGetter = <Gallop.IdleSingleModeCharaRaceSelectContext>
            .<OnUpdateEvent>k__BackingField = <Gallop.EventSubject<Gallop.SingleModeRaceReserveRepository>>
          .<TurnRepository>k__BackingField = <Gallop.SingleModeRaceReserveTurnRepository>
            .<IsUpdated>k__BackingField = true
            .<TurnMasters>k__BackingField = <System.Collections.Generic.List<Gallop.MasterSingleModeTurn.SingleModeTurn>>
            .<DegreeEntities>k__BackingField = <System.Collections.Generic.Dictionary<Gallop.SingleModeDefine.DegreeType,Gallop.SingleModeRaceReserveDegreeTurnEntity>>
            ._getTurnSetId = <System.Func<System.Int32>>
          .<DefaultUraTurnRepository>k__BackingField = <Gallop.SingleModeRaceReserveTurnRepository>
            .<IsUpdated>k__BackingField = true
            .<TurnMasters>k__BackingField = <System.Collections.Generic.List<Gallop.MasterSingleModeTurn.SingleModeTurn>>
            .<DegreeEntities>k__BackingField = <System.Collections.Generic.Dictionary<Gallop.SingleModeDefine.DegreeType,Gallop.SingleModeRaceReserveDegreeTurnEntity>>
            ._getTurnSetId = <System.Func<System.Int32>>
          .<RequestBuilder>k__BackingField = <Gallop.SingleModeRaceReserveRequestBuilder>
            ._addProgramsDict = <System.Collections.Generic.Dictionary<Gallop.SingleModeDefine.DegreeType,System.Collections.Generic.SortedList<System.Int32,System.Int32>>>
            ._cancelProgramsDict = <System.Collections.Generic.Dictionary<Gallop.SingleModeDefine.DegreeType,System.Collections.Generic.SortedList<System.Int32,System.Int32>>>
            ._programIdGetter = <Gallop.IdleSingleModeCharaRaceSelectContext>
            ._reserveRepository = <Gallop.SingleModeRaceReserveRepository>
          .<Connect>k__BackingField = <Gallop.IdleSingleModeRaceReserveConnect>
            ._reservedRaceInfo = <Gallop.SingleModeReservedRaceInfo>
            ._entryInfo = <Gallop.SingleModeStartViewController.EntryInfo>
          .<AutoReapply>k__BackingField = <Gallop.SingleModeRaceReserve.SingleModeRaceReserveAutoReapply>
            ._autoReapplyDeckIndex = 0 (obscured)
            ._needConfirmAutoReapply = 213 (obscured)
          .<ReservedRaceInfo>k__BackingField = <Gallop.SingleModeReservedRaceInfo>
            .default_deck_num = 0
            .needs_default_confirm = 1
            .reserved_race_array = <? len=9>
              [0] <Gallop.SingleModeReservedRaceDeck>
              [1] <Gallop.SingleModeReservedRaceDeck>
              [2] <Gallop.SingleModeReservedRaceDeck>
              [3] <Gallop.SingleModeReservedRaceDeck>
              [4] <Gallop.SingleModeReservedRaceDeck>
              [5] <Gallop.SingleModeReservedRaceDeck>
              [6] <Gallop.SingleModeReservedRaceDeck>
              [7] <Gallop.SingleModeReservedRaceDeck>
              [8] <Gallop.SingleModeReservedRaceDeck>
          .<EntryInfo>k__BackingField = <Gallop.SingleModeStartViewController.EntryInfo>
            .<CardId>k__BackingField = 101102
            .<SupportSerialIdArray>k__BackingField = <? len=5>
              [0] 30052
              [1] 20021
              [2] 30074
              [3] 30087
              [4] 30113
            .<RentalSupportCardIdArray>k__BackingField = <? len=5>
              [0] 0
              [1] 0
              [2] 0
              [3] 0
              [4] 0
            .FriendSupportCardPosition = 5
            ._eventRentalTrainedCharaArray = <? len=0>
            ._rentalTrainedCharaArray = <? len=69>
              [0] <Gallop.WorkTrainedCharaData.TrainedCharaData>
              [1] <Gallop.WorkTrainedCharaData.TrainedCharaData>
              [2] <Gallop.WorkTrainedCharaData.TrainedCharaData>
              [3] <Gallop.WorkTrainedCharaData.TrainedCharaData>
              [4] <Gallop.WorkTrainedCharaData.TrainedCharaData>
              [5] <Gallop.WorkTrainedCharaData.TrainedCharaData>
              [6] <Gallop.WorkTrainedCharaData.TrainedCharaData>
              [7] <Gallop.WorkTrainedCharaData.TrainedCharaData>
              [8] <Gallop.WorkTrainedCharaData.TrainedCharaData>
              [9] <Gallop.WorkTrainedCharaData.TrainedCharaData>
            ._singleModeStartSuccessionUserInfoManager = <Gallop.SingleModeStartSuccessionUserInfoManager>
            .SuccessionTrainedChara_First = <Gallop.WorkTrainedCharaData.TrainedCharaData>
            .SuccessionTrainedChara_Second = <Gallop.WorkTrainedCharaData.TrainedCharaData>
            .<ScenarioId>k__BackingField = 1
            .<UseEventRental>k__BackingField = <?>
            .<UseTp>k__BackingField = 15
            .<UseTpWhenBoostMode>k__BackingField = 15
            .<EnableTpBoost>k__BackingField = false
            .<DifficultyId>k__BackingField = 0
            .<Difficulty>k__BackingField = 0
            ._paramDict = <System.Collections.Generic.Dictionary<Gallop.GameDefine.ParameterType,Gallop.PartsSingleModeMemberParamaters.ParamSet>>
            ._cardDressIdSet = <Gallop.CardDressIdSet>
            .<EnableEventType>k__BackingField = <?>
            .FriendCardInfoList = <System.Collections.Generic.List<Gallop.SingleModeStartViewController.EntryInfo.FriendCardInfo>>
            .SelectFriendCardInfo = <Gallop.SingleModeStartViewController.EntryInfo.FriendCardInfo>
            .RentalUserInfoArray = <? len=69>
              [0] <Gallop.UserInfoAtFriend>
              [1] <Gallop.UserInfoAtFriend>
              [2] <Gallop.UserInfoAtFriend>
              [3] <Gallop.UserInfoAtFriend>
              [4] <Gallop.UserInfoAtFriend>
              [5] <Gallop.UserInfoAtFriend>
              [6] <Gallop.UserInfoAtFriend>
              [7] <Gallop.UserInfoAtFriend>
              [8] <Gallop.UserInfoAtFriend>
              [9] <Gallop.UserInfoAtFriend>
            .RentalTrainedCharaArray = <? len=69>
              [0] <Gallop.WorkTrainedCharaData.TrainedCharaData>
              [1] <Gallop.WorkTrainedCharaData.TrainedCharaData>
              [2] <Gallop.WorkTrainedCharaData.TrainedCharaData>
              [3] <Gallop.WorkTrainedCharaData.TrainedCharaData>
              [4] <Gallop.WorkTrainedCharaData.TrainedCharaData>
              [5] <Gallop.WorkTrainedCharaData.TrainedCharaData>
              [6] <Gallop.WorkTrainedCharaData.TrainedCharaData>
              [7] <Gallop.WorkTrainedCharaData.TrainedCharaData>
              [8] <Gallop.WorkTrainedCharaData.TrainedCharaData>
              [9] <Gallop.WorkTrainedCharaData.TrainedCharaData>
            .EventRentalUserInfoArray = <? len=0>
            .EventRentalTrainedCharaArray = <? len=0>
            .<RunningStyle>k__BackingField = <?>
            .<RouteRaceProgramId>k__BackingField = 0
          .<CharaProperInfo>k__BackingField = <Gallop.PartsSingleModeStartProperFrame.InfoWithBonus>
            ._paramWithBonus = <?>
            ._highlightArrayTargetList = <System.Collections.Generic.List<Gallop.MasterSuccessionFactorEffect.SuccessionFactorEffect.FactorTargetType>>
            ._turf = <?>
            ._dirt = <?>
            ._short = <?>
            ._mile = <?>
            ._middle = <?>
            ._long = <?>
            ._nige = <?>
            ._senko = <?>
            ._sashi = <?>
            ._oikomi = <?>
          .<SelectRouteRaceProgramId>k__BackingField = 0
        ._reserveRepository = <Gallop.SingleModeRaceReserveRepository>
          ._entities = <? len=9>
            [0] <Gallop.SingleModeRaceReserveDeckEntity>
            [1] <Gallop.SingleModeRaceReserveDeckEntity>
            [2] <Gallop.SingleModeRaceReserveDeckEntity>
            [3] <Gallop.SingleModeRaceReserveDeckEntity>
            [4] <Gallop.SingleModeRaceReserveDeckEntity>
            [5] <Gallop.SingleModeRaceReserveDeckEntity>
            [6] <Gallop.SingleModeRaceReserveDeckEntity>
            [7] <Gallop.SingleModeRaceReserveDeckEntity>
            [8] <Gallop.SingleModeRaceReserveDeckEntity>
          ._conditionalProgramIdGetter = <Gallop.IdleSingleModeCharaRaceSelectContext>
            .<ReserveRepository>k__BackingField = <Gallop.SingleModeRaceReserveRepository>
            .<TurnRepository>k__BackingField = <Gallop.SingleModeRaceReserveTurnRepository>
            .<DefaultUraTurnRepository>k__BackingField = <Gallop.SingleModeRaceReserveTurnRepository>
            .<RequestBuilder>k__BackingField = <Gallop.SingleModeRaceReserveRequestBuilder>
            .<Connect>k__BackingField = <Gallop.IdleSingleModeRaceReserveConnect>
            .<AutoReapply>k__BackingField = <Gallop.SingleModeRaceReserve.SingleModeRaceReserveAutoReapply>
            .<ReservedRaceInfo>k__BackingField = <Gallop.SingleModeReservedRaceInfo>
            .<EntryInfo>k__BackingField = <Gallop.SingleModeStartViewController.EntryInfo>
            .<CharaProperInfo>k__BackingField = <Gallop.PartsSingleModeStartProperFrame.InfoWithBonus>
            .<SelectRouteRaceProgramId>k__BackingField = 0
          .<OnUpdateEvent>k__BackingField = <Gallop.EventSubject<Gallop.SingleModeRaceReserveRepository>>
            ._lock = <System.Object>
            ._isDisposed = false
            ._observerList = <System.Collections.Generic.List<System.IObserver<Gallop.SingleModeRaceReserveRepository>>>
      .<Connect>k__BackingField = <Gallop.IdleSingleModeRaceReserveConnect>
        ._reservedRaceInfo = <Gallop.SingleModeReservedRaceInfo>
          .default_deck_num = 0
          .needs_default_confirm = 1
          .reserved_race_array = <? len=9>
            [0] <Gallop.SingleModeReservedRaceDeck>
            [1] <Gallop.SingleModeReservedRaceDeck>
            [2] <Gallop.SingleModeReservedRaceDeck>
            [3] <Gallop.SingleModeReservedRaceDeck>
            [4] <Gallop.SingleModeReservedRaceDeck>
            [5] <Gallop.SingleModeReservedRaceDeck>
            [6] <Gallop.SingleModeReservedRaceDeck>
            [7] <Gallop.SingleModeReservedRaceDeck>
            [8] <Gallop.SingleModeReservedRaceDeck>
        ._entryInfo = <Gallop.SingleModeStartViewController.EntryInfo>
          .<CardId>k__BackingField = 101102
          .<SupportSerialIdArray>k__BackingField = <? len=5>
            [0] 30052
            [1] 20021
            [2] 30074
            [3] 30087
            [4] 30113
          .<RentalSupportCardIdArray>k__BackingField = <? len=5>
            [0] 0
            [1] 0
            [2] 0
            [3] 0
            [4] 0
          .FriendSupportCardPosition = 5
          ._eventRentalTrainedCharaArray = <? len=0>
          ._rentalTrainedCharaArray = <? len=69>
            [0] <Gallop.WorkTrainedCharaData.TrainedCharaData>
            [1] <Gallop.WorkTrainedCharaData.TrainedCharaData>
            [2] <Gallop.WorkTrainedCharaData.TrainedCharaData>
            [3] <Gallop.WorkTrainedCharaData.TrainedCharaData>
            [4] <Gallop.WorkTrainedCharaData.TrainedCharaData>
            [5] <Gallop.WorkTrainedCharaData.TrainedCharaData>
            [6] <Gallop.WorkTrainedCharaData.TrainedCharaData>
            [7] <Gallop.WorkTrainedCharaData.TrainedCharaData>
            [8] <Gallop.WorkTrainedCharaData.TrainedCharaData>
            [9] <Gallop.WorkTrainedCharaData.TrainedCharaData>
          ._singleModeStartSuccessionUserInfoManager = <Gallop.SingleModeStartSuccessionUserInfoManager>
            ._managedInfoDic = <System.Collections.Generic.Dictionary<System.Int64,System.ValueTuple<Gallop.UserInfoAtFriend,System.Collections.Generic.HashSet<Gallop.SingleModeStartSuccessionUserInfoManager.UserInfoManageHash>>>>
          .SuccessionTrainedChara_First = <Gallop.WorkTrainedCharaData.TrainedCharaData>
            ._id = 3010 (obscured)
            ._isSaved = 213 (obscured)
            ._viewerId = <redacted>
            ._ownerViewerId = <redacted>
            ._ownerTrainedCharaId = 0 (obscured)
            ._useType = <?>
            ._cardId = 102701 (obscured)
            ._nickNameId = 394 (obscured)
            ._nickNameIdArray = <? len=1>
              [0] 394 (obscured)
            ._stamina = 904 (obscured)
            ._speed = 990 (obscured)
            ._power = 759 (obscured)
            ._guts = 542 (obscured)
            ._wiz = 726 (obscured)
            ._fans = 788944 (obscured)
            ._rank = 15 (obscured)
            ._rankScore = 15622 (obscured)
            ._runningStyle = 3 (obscured)
            ._properGroundTurf = 7 (obscured)
            ._properGroundDirt = 1 (obscured)
            ._properDistanceShort = 3 (obscured)
            ._properDistanceMile = 5 (obscured)
            ._properDistanceMiddle = 7 (obscured)
            ._properDistanceLong = 7 (obscured)
            ._properRunningStyleNige = 2 (obscured)
            ._properRunningStyleSenko = 7 (obscured)
            ._properRunningStyleSashi = 7 (obscured)
            ._properRunningStyleOikomi = 3 (obscured)
            .<SuccessionCount>k__BackingField = 0 (obscured)
            .<FactorDataArray>k__BackingField = <? len=15>
              [0] <Gallop.WorkTrainedCharaData.TrainedCharaData.SuccessionCharaData.FactorData>
              [1] <Gallop.WorkTrainedCharaData.TrainedCharaData.SuccessionCharaData.FactorData>
              [2] <Gallop.WorkTrainedCharaData.TrainedCharaData.SuccessionCharaData.FactorData>
              [3] <Gallop.WorkTrainedCharaData.TrainedCharaData.SuccessionCharaData.FactorData>
              [4] <Gallop.WorkTrainedCharaData.TrainedCharaData.SuccessionCharaData.FactorData>
              [5] <Gallop.WorkTrainedCharaData.TrainedCharaData.SuccessionCharaData.FactorData>
              [6] <Gallop.WorkTrainedCharaData.TrainedCharaData.SuccessionCharaData.FactorData>
              [7] <Gallop.WorkTrainedCharaData.TrainedCharaData.SuccessionCharaData.FactorData>
              [8] <Gallop.WorkTrainedCharaData.TrainedCharaData.SuccessionCharaData.FactorData>
              [9] <Gallop.WorkTrainedCharaData.TrainedCharaData.SuccessionCharaData.FactorData>
            .<CreateTime>k__BackingField = 0 (obscured)
            .<ScenarioId>k__BackingField = 2 (obscured)
            .<TalentLevel>k__BackingField = 5 (obscured)
            .<CharaGrade>k__BackingField = 10 (obscured)
            .<Rarity>k__BackingField = 4 (obscured)
            .<IsLock>k__BackingField = 181 (obscured)
            ._favoriteData = <Gallop.WorkTrainedCharaData.FavoriteData>
            ._cachedCreateTimeTimeStamp = 0 (obscured)
            ._sortedFactorList = <System.Collections.Generic.List<Gallop.MasterSuccessionFactor.SuccessionFactor>>
            ._sortedFactorProfileCardList = <?>
            ._factorListIncludingSuccession = <?>
            .<SuccessionCharaList>k__BackingField = <System.Collections.Generic.List<Gallop.WorkTrainedCharaData.TrainedCharaData.SuccessionCharaData>>
            .IsSuccessionHistoryInitialized = false
            .<SuccessionHistoryList>k__BackingField = <System.Collections.Generic.List<Gallop.SuccessionHistory>>
            .<AcquiredSkillArray>k__BackingField = <? len=19>
              [0] <Gallop.WorkSkillData.AcquiredSkill>
              [1] <Gallop.WorkSkillData.AcquiredSkill>
              [2] <Gallop.WorkSkillData.AcquiredSkill>
              [3] <Gallop.WorkSkillData.AcquiredSkill>
              [4] <Gallop.WorkSkillData.AcquiredSkill>
              [5] <Gallop.WorkSkillData.AcquiredSkill>
              [6] <Gallop.WorkSkillData.AcquiredSkill>
              [7] <Gallop.WorkSkillData.AcquiredSkill>
              [8] <Gallop.WorkSkillData.AcquiredSkill>
              [9] <Gallop.WorkSkillData.AcquiredSkill>
            .<SupportCardArray>k__BackingField = <? len=6>
              [0] <Gallop.WorkTrainedCharaData.SupportCardData>
              [1] <Gallop.WorkTrainedCharaData.SupportCardData>
              [2] <Gallop.WorkTrainedCharaData.SupportCardData>
              [3] <Gallop.WorkTrainedCharaData.SupportCardData>
              [4] <Gallop.WorkTrainedCharaData.SupportCardData>
              [5] <Gallop.WorkTrainedCharaData.SupportCardData>
            .<SingleModeRaceResultArray>k__BackingField = <? len=31>
              [0] <Gallop.SingleModeUtils.RaceHistoryInfo>
              [1] <Gallop.SingleModeUtils.RaceHistoryInfo>
              [2] <Gallop.SingleModeUtils.RaceHistoryInfo>
              [3] <Gallop.SingleModeUtils.RaceHistoryInfo>
              [4] <Gallop.SingleModeUtils.RaceHistoryInfo>
              [5] <Gallop.SingleModeUtils.RaceHistoryInfo>
              [6] <Gallop.SingleModeUtils.RaceHistoryInfo>
              [7] <Gallop.SingleModeUtils.RaceHistoryInfo>
              [8] <Gallop.SingleModeUtils.RaceHistoryInfo>
              [9] <Gallop.SingleModeUtils.RaceHistoryInfo>
            ._winSaddleArray = <? len=25>
              [0] <Gallop.MasterSingleModeWinsSaddle.SingleModeWinsSaddle>
              [1] <Gallop.MasterSingleModeWinsSaddle.SingleModeWinsSaddle>
              [2] <Gallop.MasterSingleModeWinsSaddle.SingleModeWinsSaddle>
              [3] <Gallop.MasterSingleModeWinsSaddle.SingleModeWinsSaddle>
              [4] <Gallop.MasterSingleModeWinsSaddle.SingleModeWinsSaddle>
              [5] <Gallop.MasterSingleModeWinsSaddle.SingleModeWinsSaddle>
              [6] <Gallop.MasterSingleModeWinsSaddle.SingleModeWinsSaddle>
              [7] <Gallop.MasterSingleModeWinsSaddle.SingleModeWinsSaddle>
              [8] <Gallop.MasterSingleModeWinsSaddle.SingleModeWinsSaddle>
              [9] <Gallop.MasterSingleModeWinsSaddle.SingleModeWinsSaddle>
            ._winSaddleIdArray = <? len=25>
              [0] 1 (obscured)
              [1] 2 (obscured)
              [2] 4 (obscured)
              [3] 5 (obscured)
              [4] 6 (obscured)
              [5] 10 (obscured)
              [6] 11 (obscured)
              [7] 12 (obscured)
              [8] 13 (obscured)
              [9] 14 (obscured)
            ._cacheCharaId = 1027 (obscured)
            ._masterCardData = <Gallop.MasterCardData.CardData>
            ._masterCharaData = <?>
            ._masterCardRarityData = <Gallop.MasterCardRarityData.CardRarityData>
            .<SingleTotalRaceNum>k__BackingField = 31
            ._singleWinNum = 31 (obscured)
            .<TrainedCharaDataAccessor>k__BackingField = <Gallop.PlayerTrainedCharaDataAccessor>
          .SuccessionTrainedChara_Second = <Gallop.WorkTrainedCharaData.TrainedCharaData>
            ._id = 4168 (obscured)
            ._isSaved = 213 (obscured)
            ._viewerId = <redacted>
            ._ownerViewerId = <redacted>
            ._ownerTrainedCharaId = 0 (obscured)
            ._useType = <?>
            ._cardId = 105901 (obscured)
            ._nickNameId = 394 (obscured)
            ._nickNameIdArray = <? len=1>
              [0] 394 (obscured)
            ._stamina = 766 (obscured)
            ._speed = 963 (obscured)
            ._power = 795 (obscured)
            ._guts = 598 (obscured)
            ._wiz = 885 (obscured)
            ._fans = 733737 (obscured)
            ._rank = 15 (obscured)
            ._rankScore = 15357 (obscured)
            ._runningStyle = 3 (obscured)
            ._properGroundTurf = 7 (obscured)
            ._properGroundDirt = 1 (obscured)
            ._properDistanceShort = 3 (obscured)
            ._properDistanceMile = 7 (obscured)
            ._properDistanceMiddle = 7 (obscured)
            ._properDistanceLong = 3 (obscured)
            ._properRunningStyleNige = 5 (obscured)
            ._properRunningStyleSenko = 6 (obscured)
            ._properRunningStyleSashi = 7 (obscured)
            ._properRunningStyleOikomi = 3 (obscured)
            .<SuccessionCount>k__BackingField = 2089 (obscured)
            .<FactorDataArray>k__BackingField = <? len=18>
              [0] <Gallop.WorkTrainedCharaData.TrainedCharaData.SuccessionCharaData.FactorData>
              [1] <Gallop.WorkTrainedCharaData.TrainedCharaData.SuccessionCharaData.FactorData>
              [2] <Gallop.WorkTrainedCharaData.TrainedCharaData.SuccessionCharaData.FactorData>
              [3] <Gallop.WorkTrainedCharaData.TrainedCharaData.SuccessionCharaData.FactorData>
              [4] <Gallop.WorkTrainedCharaData.TrainedCharaData.SuccessionCharaData.FactorData>
              [5] <Gallop.WorkTrainedCharaData.TrainedCharaData.SuccessionCharaData.FactorData>
              [6] <Gallop.WorkTrainedCharaData.TrainedCharaData.SuccessionCharaData.FactorData>
              [7] <Gallop.WorkTrainedCharaData.TrainedCharaData.SuccessionCharaData.FactorData>
              [8] <Gallop.WorkTrainedCharaData.TrainedCharaData.SuccessionCharaData.FactorData>
              [9] <Gallop.WorkTrainedCharaData.TrainedCharaData.SuccessionCharaData.FactorData>
            .<CreateTime>k__BackingField = 0 (obscured)
            .<ScenarioId>k__BackingField = 3 (obscured)
            .<TalentLevel>k__BackingField = 5 (obscured)
            .<CharaGrade>k__BackingField = 10 (obscured)
            .<Rarity>k__BackingField = 3 (obscured)
            .<IsLock>k__BackingField = 213 (obscured)
            ._favoriteData = <Gallop.WorkTrainedCharaData.FavoriteData>
            ._cachedCreateTimeTimeStamp = 0 (obscured)
            ._sortedFactorList = <System.Collections.Generic.List<Gallop.MasterSuccessionFactor.SuccessionFactor>>
            ._sortedFactorProfileCardList = <?>
            ._factorListIncludingSuccession = <?>
            .<SuccessionCharaList>k__BackingField = <System.Collections.Generic.List<Gallop.WorkTrainedCharaData.TrainedCharaData.SuccessionCharaData>>
            .IsSuccessionHistoryInitialized = false
            .<SuccessionHistoryList>k__BackingField = <System.Collections.Generic.List<Gallop.SuccessionHistory>>
            .<AcquiredSkillArray>k__BackingField = <? len=21>
              [0] <Gallop.WorkSkillData.AcquiredSkill>
              [1] <Gallop.WorkSkillData.AcquiredSkill>
              [2] <Gallop.WorkSkillData.AcquiredSkill>
              [3] <Gallop.WorkSkillData.AcquiredSkill>
              [4] <Gallop.WorkSkillData.AcquiredSkill>
              [5] <Gallop.WorkSkillData.AcquiredSkill>
              [6] <Gallop.WorkSkillData.AcquiredSkill>
              [7] <Gallop.WorkSkillData.AcquiredSkill>
              [8] <Gallop.WorkSkillData.AcquiredSkill>
              [9] <Gallop.WorkSkillData.AcquiredSkill>
            .<SupportCardArray>k__BackingField = <? len=6>
              [0] <Gallop.WorkTrainedCharaData.SupportCardData>
              [1] <Gallop.WorkTrainedCharaData.SupportCardData>
              [2] <Gallop.WorkTrainedCharaData.SupportCardData>
              [3] <Gallop.WorkTrainedCharaData.SupportCardData>
              [4] <Gallop.WorkTrainedCharaData.SupportCardData>
              [5] <Gallop.WorkTrainedCharaData.SupportCardData>
            .<SingleModeRaceResultArray>k__BackingField = <? len=32>
              [0] <Gallop.SingleModeUtils.RaceHistoryInfo>
              [1] <Gallop.SingleModeUtils.RaceHistoryInfo>
              [2] <Gallop.SingleModeUtils.RaceHistoryInfo>
              [3] <Gallop.SingleModeUtils.RaceHistoryInfo>
              [4] <Gallop.SingleModeUtils.RaceHistoryInfo>
              [5] <Gallop.SingleModeUtils.RaceHistoryInfo>
              [6] <Gallop.SingleModeUtils.RaceHistoryInfo>
              [7] <Gallop.SingleModeUtils.RaceHistoryInfo>
              [8] <Gallop.SingleModeUtils.RaceHistoryInfo>
              [9] <Gallop.SingleModeUtils.RaceHistoryInfo>
            ._winSaddleArray = <? len=28>
              [0] <Gallop.MasterSingleModeWinsSaddle.SingleModeWinsSaddle>
              [1] <Gallop.MasterSingleModeWinsSaddle.SingleModeWinsSaddle>
              [2] <Gallop.MasterSingleModeWinsSaddle.SingleModeWinsSaddle>
              [3] <Gallop.MasterSingleModeWinsSaddle.SingleModeWinsSaddle>
              [4] <Gallop.MasterSingleModeWinsSaddle.SingleModeWinsSaddle>
              [5] <Gallop.MasterSingleModeWinsSaddle.SingleModeWinsSaddle>
              [6] <Gallop.MasterSingleModeWinsSaddle.SingleModeWinsSaddle>
              [7] <Gallop.MasterSingleModeWinsSaddle.SingleModeWinsSaddle>
              [8] <Gallop.MasterSingleModeWinsSaddle.SingleModeWinsSaddle>
              [9] <Gallop.MasterSingleModeWinsSaddle.SingleModeWinsSaddle>
            ._winSaddleIdArray = <? len=28>
              [0] 2 (obscured)
              [1] 3 (obscured)
              [2] 4 (obscured)
              [3] 5 (obscured)
              [4] 6 (obscured)
              [5] 10 (obscured)
              [6] 11 (obscured)
              [7] 13 (obscured)
              [8] 14 (obscured)
              [9] 15 (obscured)
            ._cacheCharaId = 1059 (obscured)
            ._masterCardData = <Gallop.MasterCardData.CardData>
            ._masterCharaData = <?>
            ._masterCardRarityData = <Gallop.MasterCardRarityData.CardRarityData>
            .<SingleTotalRaceNum>k__BackingField = 32
            ._singleWinNum = 32 (obscured)
            .<TrainedCharaDataAccessor>k__BackingField = <Gallop.PlayerTrainedCharaDataAccessor>
          .<ScenarioId>k__BackingField = 1
          .<UseEventRental>k__BackingField = <?>
          .<UseTp>k__BackingField = 15
          .<UseTpWhenBoostMode>k__BackingField = 15
          .<EnableTpBoost>k__BackingField = false
          .<DifficultyId>k__BackingField = 0
          .<Difficulty>k__BackingField = 0
          ._paramDict = <System.Collections.Generic.Dictionary<Gallop.GameDefine.ParameterType,Gallop.PartsSingleModeMemberParamaters.ParamSet> count=5>
            {<?>} <Gallop.PartsSingleModeMemberParamaters.ParamSet>
            {<?>} <Gallop.PartsSingleModeMemberParamaters.ParamSet>
            {<?>} <Gallop.PartsSingleModeMemberParamaters.ParamSet>
            {<?>} <Gallop.PartsSingleModeMemberParamaters.ParamSet>
            {<?>} <Gallop.PartsSingleModeMemberParamaters.ParamSet>
            {<?>} <?>
            {<?>} <?>
          ._cardDressIdSet = <Gallop.CardDressIdSet>
            ._cardId = 101102
            ._dressId = 101116
          .<EnableEventType>k__BackingField = <?>
          .FriendCardInfoList = <System.Collections.Generic.List<Gallop.SingleModeStartViewController.EntryInfo.FriendCardInfo> count=79>
            [0] <Gallop.SingleModeStartViewController.EntryInfo.FriendCardInfo>
            [1] <Gallop.SingleModeStartViewController.EntryInfo.FriendCardInfo>
            [2] <Gallop.SingleModeStartViewController.EntryInfo.FriendCardInfo>
            [3] <Gallop.SingleModeStartViewController.EntryInfo.FriendCardInfo>
            [4] <Gallop.SingleModeStartViewController.EntryInfo.FriendCardInfo>
            [5] <Gallop.SingleModeStartViewController.EntryInfo.FriendCardInfo>
            [6] <Gallop.SingleModeStartViewController.EntryInfo.FriendCardInfo>
            [7] <Gallop.SingleModeStartViewController.EntryInfo.FriendCardInfo>
            [8] <Gallop.SingleModeStartViewController.EntryInfo.FriendCardInfo>
            [9] <Gallop.SingleModeStartViewController.EntryInfo.FriendCardInfo>
          .SelectFriendCardInfo = <Gallop.SingleModeStartViewController.EntryInfo.FriendCardInfo>
            .ViewerId = <redacted>
            .UserName = <redacted>
            .SupportCardId = 30054
            .SupportCardLevel = 50
            .LimitBreakCount = 4
            ._skillTriggerTagArray = <read err: access violation accessing 0x18>
            .FriendState = <?>
            .LastLoginTime = <redacted>
          .RentalUserInfoArray = <? len=69>
            [0] <Gallop.UserInfoAtFriend>
            [1] <Gallop.UserInfoAtFriend>
            [2] <Gallop.UserInfoAtFriend>
            [3] <Gallop.UserInfoAtFriend>
            [4] <Gallop.UserInfoAtFriend>
            [5] <Gallop.UserInfoAtFriend>
            [6] <Gallop.UserInfoAtFriend>
            [7] <Gallop.UserInfoAtFriend>
            [8] <Gallop.UserInfoAtFriend>
            [9] <Gallop.UserInfoAtFriend>
          .RentalTrainedCharaArray = <? len=69>
            [0] <Gallop.WorkTrainedCharaData.TrainedCharaData>
            [1] <Gallop.WorkTrainedCharaData.TrainedCharaData>
            [2] <Gallop.WorkTrainedCharaData.TrainedCharaData>
            [3] <Gallop.WorkTrainedCharaData.TrainedCharaData>
            [4] <Gallop.WorkTrainedCharaData.TrainedCharaData>
            [5] <Gallop.WorkTrainedCharaData.TrainedCharaData>
            [6] <Gallop.WorkTrainedCharaData.TrainedCharaData>
            [7] <Gallop.WorkTrainedCharaData.TrainedCharaData>
            [8] <Gallop.WorkTrainedCharaData.TrainedCharaData>
            [9] <Gallop.WorkTrainedCharaData.TrainedCharaData>
          .EventRentalUserInfoArray = <? len=0>
          .EventRentalTrainedCharaArray = <? len=0>
          .<RunningStyle>k__BackingField = <?>
          .<RouteRaceProgramId>k__BackingField = 0
      .<AutoReapply>k__BackingField = <Gallop.SingleModeRaceReserve.SingleModeRaceReserveAutoReapply>
        ._autoReapplyDeckIndex = 0 (obscured)
        ._needConfirmAutoReapply = 213 (obscured)
      .<ReservedRaceInfo>k__BackingField = <Gallop.SingleModeReservedRaceInfo>
        .default_deck_num = 0
        .needs_default_confirm = 1
        .reserved_race_array = <? len=9>
          [0] <Gallop.SingleModeReservedRaceDeck>
              .deck_num = 0
              .deck_name = ""
              .race_array = <? len=0>
          [1] <Gallop.SingleModeReservedRaceDeck>
              .deck_num = 1
              .deck_name = "Agenda 1"
              .race_array = <? len=27>
                [0] <Gallop.SingleModeReservedRace>
                [1] <Gallop.SingleModeReservedRace>
                [2] <Gallop.SingleModeReservedRace>
                [3] <Gallop.SingleModeReservedRace>
                [4] <Gallop.SingleModeReservedRace>
                [5] <Gallop.SingleModeReservedRace>
                [6] <Gallop.SingleModeReservedRace>
                [7] <Gallop.SingleModeReservedRace>
                [8] <Gallop.SingleModeReservedRace>
                [9] <Gallop.SingleModeReservedRace>
          [2] <Gallop.SingleModeReservedRaceDeck>
              .deck_num = 2
              .deck_name = "Agenda 2"
              .race_array = <? len=54>
                [0] <Gallop.SingleModeReservedRace>
                [1] <Gallop.SingleModeReservedRace>
                [2] <Gallop.SingleModeReservedRace>
                [3] <Gallop.SingleModeReservedRace>
                [4] <Gallop.SingleModeReservedRace>
                [5] <Gallop.SingleModeReservedRace>
                [6] <Gallop.SingleModeReservedRace>
                [7] <Gallop.SingleModeReservedRace>
                [8] <Gallop.SingleModeReservedRace>
                [9] <Gallop.SingleModeReservedRace>
          [3] <Gallop.SingleModeReservedRaceDeck>
              .deck_num = 3
              .deck_name = "Agenda 3"
              .race_array = <? len=19>
                [0] <Gallop.SingleModeReservedRace>
                [1] <Gallop.SingleModeReservedRace>
                [2] <Gallop.SingleModeReservedRace>
                [3] <Gallop.SingleModeReservedRace>
                [4] <Gallop.SingleModeReservedRace>
                [5] <Gallop.SingleModeReservedRace>
                [6] <Gallop.SingleModeReservedRace>
                [7] <Gallop.SingleModeReservedRace>
                [8] <Gallop.SingleModeReservedRace>
                [9] <Gallop.SingleModeReservedRace>
          [4] <Gallop.SingleModeReservedRaceDeck>
              .deck_num = 4
              .deck_name = "Agenda 4"
              .race_array = <? len=15>
                [0] <Gallop.SingleModeReservedRace>
                [1] <Gallop.SingleModeReservedRace>
                [2] <Gallop.SingleModeReservedRace>
                [3] <Gallop.SingleModeReservedRace>
                [4] <Gallop.SingleModeReservedRace>
                [5] <Gallop.SingleModeReservedRace>
                [6] <Gallop.SingleModeReservedRace>
                [7] <Gallop.SingleModeReservedRace>
                [8] <Gallop.SingleModeReservedRace>
                [9] <Gallop.SingleModeReservedRace>
          [5] <Gallop.SingleModeReservedRaceDeck>
              .deck_num = 5
              .deck_name = "Agenda 5"
              .race_array = <? len=35>
                [0] <Gallop.SingleModeReservedRace>
                [1] <Gallop.SingleModeReservedRace>
                [2] <Gallop.SingleModeReservedRace>
                [3] <Gallop.SingleModeReservedRace>
                [4] <Gallop.SingleModeReservedRace>
                [5] <Gallop.SingleModeReservedRace>
                [6] <Gallop.SingleModeReservedRace>
                [7] <Gallop.SingleModeReservedRace>
                [8] <Gallop.SingleModeReservedRace>
                [9] <Gallop.SingleModeReservedRace>
          [6] <Gallop.SingleModeReservedRaceDeck>
              .deck_num = 6
              .deck_name = "Agenda 6"
              .race_array = <? len=30>
                [0] <Gallop.SingleModeReservedRace>
                [1] <Gallop.SingleModeReservedRace>
                [2] <Gallop.SingleModeReservedRace>
                [3] <Gallop.SingleModeReservedRace>
                [4] <Gallop.SingleModeReservedRace>
                [5] <Gallop.SingleModeReservedRace>
                [6] <Gallop.SingleModeReservedRace>
                [7] <Gallop.SingleModeReservedRace>
                [8] <Gallop.SingleModeReservedRace>
                [9] <Gallop.SingleModeReservedRace>
          [7] <Gallop.SingleModeReservedRaceDeck>
              .deck_num = 7
              .deck_name = "Agenda 7"
              .race_array = <? len=20>
                [0] <Gallop.SingleModeReservedRace>
                [1] <Gallop.SingleModeReservedRace>
                [2] <Gallop.SingleModeReservedRace>
                [3] <Gallop.SingleModeReservedRace>
                [4] <Gallop.SingleModeReservedRace>
                [5] <Gallop.SingleModeReservedRace>
                [6] <Gallop.SingleModeReservedRace>
                [7] <Gallop.SingleModeReservedRace>
                [8] <Gallop.SingleModeReservedRace>
                [9] <Gallop.SingleModeReservedRace>
          [8] <Gallop.SingleModeReservedRaceDeck>
              .deck_num = 8
              .deck_name = "RaceParent"
              .race_array = <? len=33>
                [0] <Gallop.SingleModeReservedRace>
                [1] <Gallop.SingleModeReservedRace>
                [2] <Gallop.SingleModeReservedRace>
                [3] <Gallop.SingleModeReservedRace>
                [4] <Gallop.SingleModeReservedRace>
                [5] <Gallop.SingleModeReservedRace>
                [6] <Gallop.SingleModeReservedRace>
                [7] <Gallop.SingleModeReservedRace>
                [8] <Gallop.SingleModeReservedRace>
                [9] <Gallop.SingleModeReservedRace>
      .<EntryInfo>k__BackingField = <Gallop.SingleModeStartViewController.EntryInfo>
        .<CardId>k__BackingField = 101102
        .<SupportSerialIdArray>k__BackingField = <? len=5>
          [0] 30052
          [1] 20021
          [2] 30074
          [3] 30087
          [4] 30113
        .<RentalSupportCardIdArray>k__BackingField = <? len=5>
          [0] 0
          [1] 0
          [2] 0
          [3] 0
          [4] 0
        .FriendSupportCardPosition = 5
        ._eventRentalTrainedCharaArray = <? len=0>
        ._rentalTrainedCharaArray = <? len=69>
          [0] <Gallop.WorkTrainedCharaData.TrainedCharaData>
              ._id = 3209 (obscured)
              ._isSaved = 213 (obscured)
              ._viewerId = <redacted>
              ._ownerViewerId = <redacted>
              ._ownerTrainedCharaId = 0 (obscured)
              ._useType = <?>
              ._cardId = 106002 (obscured)
              ._nickNameId = 180 (obscured)
              ._nickNameIdArray = <? len=61>
                [0] 1 (obscured)
                [1] 2 (obscured)
                [2] 7 (obscured)
                [3] 16 (obscured)
                [4] 18 (obscured)
                [5] 22 (obscured)
                [6] 24 (obscured)
                [7] 26 (obscured)
                [8] 28 (obscured)
                [9] 29 (obscured)
              ._stamina = 679 (obscured)
              ._speed = 1200 (obscured)
              ._power = 909 (obscured)
              ._guts = 574 (obscured)
              ._wiz = 958 (obscured)
              ._fans = 886593 (obscured)
              ._rank = 16 (obscured)
              ._rankScore = 17135 (obscured)
              ._runningStyle = 3 (obscured)
              ._properGroundTurf = 7 (obscured)
              ._properGroundDirt = 1 (obscured)
              ._properDistanceShort = 1 (obscured)
              ._properDistanceMile = 8 (obscured)
              ._properDistanceMiddle = 7 (obscured)
              ._properDistanceLong = 7 (obscured)
              ._properRunningStyleNige = 2 (obscured)
              ._properRunningStyleSenko = 6 (obscured)
              ._properRunningStyleSashi = 8 (obscured)
              ._properRunningStyleOikomi = 4 (obscured)
              .<SuccessionCount>k__BackingField = 483 (obscured)
              .<FactorDataArray>k__BackingField = <? len=10>
                [0] <Gallop.WorkTrainedCharaData.TrainedCharaData.SuccessionCharaData.FactorData>
                [1] <Gallop.WorkTrainedCharaData.TrainedCharaData.SuccessionCharaData.FactorData>
                [2] <Gallop.WorkTrainedCharaData.TrainedCharaData.SuccessionCharaData.FactorData>
                [3] <Gallop.WorkTrainedCharaData.TrainedCharaData.SuccessionCharaData.FactorData>
                [4] <Gallop.WorkTrainedCharaData.TrainedCharaData.SuccessionCharaData.FactorData>
                [5] <Gallop.WorkTrainedCharaData.TrainedCharaData.SuccessionCharaData.FactorData>
                [6] <Gallop.WorkTrainedCharaData.TrainedCharaData.SuccessionCharaData.FactorData>
                [7] <Gallop.WorkTrainedCharaData.TrainedCharaData.SuccessionCharaData.FactorData>
                [8] <Gallop.WorkTrainedCharaData.TrainedCharaData.SuccessionCharaData.FactorData>
                [9] <Gallop.WorkTrainedCharaData.TrainedCharaData.SuccessionCharaData.FactorData>
              .<CreateTime>k__BackingField = 0 (obscured)
              .<ScenarioId>k__BackingField = 4 (obscured)
              .<TalentLevel>k__BackingField = 5 (obscured)
              .<CharaGrade>k__BackingField = 10 (obscured)
              .<Rarity>k__BackingField = 4 (obscured)
              .<IsLock>k__BackingField = 213 (obscured)
              ._favoriteData = <Gallop.WorkTrainedCharaData.FavoriteData>
              ._cachedCreateTimeTimeStamp = 0 (obscured)
              ._sortedFactorList = <System.Collections.Generic.List<Gallop.MasterSuccessionFactor.SuccessionFactor>>
              ._sortedFactorProfileCardList = <?>
              ._factorListIncludingSuccession = <?>
              .<SuccessionCharaList>k__BackingField = <System.Collections.Generic.List<Gallop.WorkTrainedCharaData.TrainedCharaData.SuccessionCharaData>>
              .IsSuccessionHistoryInitialized = false
              .<SuccessionHistoryList>k__BackingField = <System.Collections.Generic.List<Gallop.SuccessionHistory>>
              .<AcquiredSkillArray>k__BackingField = <? len=20>
                [0] <Gallop.WorkSkillData.AcquiredSkill>
                [1] <Gallop.WorkSkillData.AcquiredSkill>
                [2] <Gallop.WorkSkillData.AcquiredSkill>
                [3] <Gallop.WorkSkillData.AcquiredSkill>
                [4] <Gallop.WorkSkillData.AcquiredSkill>
                [5] <Gallop.WorkSkillData.AcquiredSkill>
                [6] <Gallop.WorkSkillData.AcquiredSkill>
                [7] <Gallop.WorkSkillData.AcquiredSkill>
                [8] <Gallop.WorkSkillData.AcquiredSkill>
                [9] <Gallop.WorkSkillData.AcquiredSkill>
              .<SupportCardArray>k__BackingField = <? len=6>
                [0] <Gallop.WorkTrainedCharaData.SupportCardData>
                [1] <Gallop.WorkTrainedCharaData.SupportCardData>
                [2] <Gallop.WorkTrainedCharaData.SupportCardData>
                [3] <Gallop.WorkTrainedCharaData.SupportCardData>
                [4] <Gallop.WorkTrainedCharaData.SupportCardData>
                [5] <Gallop.WorkTrainedCharaData.SupportCardData>
              .<SingleModeRaceResultArray>k__BackingField = <? len=35>
                [0] <Gallop.SingleModeUtils.RaceHistoryInfo>
                [1] <Gallop.SingleModeUtils.RaceHistoryInfo>
                [2] <Gallop.SingleModeUtils.RaceHistoryInfo>
                [3] <Gallop.SingleModeUtils.RaceHistoryInfo>
                [4] <Gallop.SingleModeUtils.RaceHistoryInfo>
                [5] <Gallop.SingleModeUtils.RaceHistoryInfo>
                [6] <Gallop.SingleModeUtils.RaceHistoryInfo>
                [7] <Gallop.SingleModeUtils.RaceHistoryInfo>
                [8] <Gallop.SingleModeUtils.RaceHistoryInfo>
                [9] <Gallop.SingleModeUtils.RaceHistoryInfo>
              ._winSaddleArray = <? len=32>
                [0] <Gallop.MasterSingleModeWinsSaddle.SingleModeWinsSaddle>
                [1] <Gallop.MasterSingleModeWinsSaddle.SingleModeWinsSaddle>
                [2] <Gallop.MasterSingleModeWinsSaddle.SingleModeWinsSaddle>
                [3] <Gallop.MasterSingleModeWinsSaddle.SingleModeWinsSaddle>
                [4] <Gallop.MasterSingleModeWinsSaddle.SingleModeWinsSaddle>
                [5] <Gallop.MasterSingleModeWinsSaddle.SingleModeWinsSaddle>
                [6] <Gallop.MasterSingleModeWinsSaddle.SingleModeWinsSaddle>
                [7] <Gallop.MasterSingleModeWinsSaddle.SingleModeWinsSaddle>
                [8] <Gallop.MasterSingleModeWinsSaddle.SingleModeWinsSaddle>
                [9] <Gallop.MasterSingleModeWinsSaddle.SingleModeWinsSaddle>
              ._winSaddleIdArray = <? len=32>
                [0] 1 (obscured)
                [1] 2 (obscured)
                [2] 4 (obscured)
                [3] 5 (obscured)
                [4] 6 (obscured)
                [5] 10 (obscured)
                [6] 11 (obscured)
                [7] 12 (obscured)
                [8] 13 (obscured)
                [9] 14 (obscured)
              ._cacheCharaId = 1060 (obscured)
              ._masterCardData = <Gallop.MasterCardData.CardData>
              ._masterCharaData = <?>
              ._masterCardRarityData = <?>
              .<SingleTotalRaceNum>k__BackingField = 35
              ._singleWinNum = -1 (obscured)
              .<TrainedCharaDataAccessor>k__BackingField = <Gallop.PlayerTrainedCharaDataAccessor>
          [1] <Gallop.WorkTrainedCharaData.TrainedCharaData>
              ._id = 5476 (obscured)
              ._isSaved = 213 (obscured)
              ._viewerId = <redacted>
              ._ownerViewerId = <redacted>
              ._ownerTrainedCharaId = 0 (obscured)
              ._useType = <?>
              ._cardId = 101502 (obscured)
              ._nickNameId = 394 (obscured)
              ._nickNameIdArray = <? len=1>
                [0] 394 (obscured)
              ._stamina = 785 (obscured)
              ._speed = 1225 (obscured)
              ._power = 869 (obscured)
              ._guts = 620 (obscured)
              ._wiz = 897 (obscured)
              ._fans = 643166 (obscured)
              ._rank = 17 (obscured)
              ._rankScore = 18392 (obscured)
              ._runningStyle = 2 (obscured)
              ._properGroundTurf = 7 (obscured)
              ._properGroundDirt = 3 (obscured)
              ._properDistanceShort = 1 (obscured)
              ._properDistanceMile = 3 (obscured)
              ._properDistanceMiddle = 8 (obscured)
              ._properDistanceLong = 7 (obscured)
              ._properRunningStyleNige = 5 (obscured)
              ._properRunningStyleSenko = 7 (obscured)
              ._properRunningStyleSashi = 7 (obscured)
              ._properRunningStyleOikomi = 1 (obscured)
              .<SuccessionCount>k__BackingField = 150 (obscured)
              .<FactorDataArray>k__BackingField = <? len=13>
                [0] <Gallop.WorkTrainedCharaData.TrainedCharaData.SuccessionCharaData.FactorData>
                [1] <Gallop.WorkTrainedCharaData.TrainedCharaData.SuccessionCharaData.FactorData>
                [2] <Gallop.WorkTrainedCharaData.TrainedCharaData.SuccessionCharaData.FactorData>
                [3] <Gallop.WorkTrainedCharaData.TrainedCharaData.SuccessionCharaData.FactorData>
                [4] <Gallop.WorkTrainedCharaData.TrainedCharaData.SuccessionCharaData.FactorData>
                [5] <Gallop.WorkTrainedCharaData.TrainedCharaData.SuccessionCharaData.FactorData>
                [6] <Gallop.WorkTrainedCharaData.TrainedCharaData.SuccessionCharaData.FactorData>
                [7] <Gallop.WorkTrainedCharaData.TrainedCharaData.SuccessionCharaData.FactorData>
                [8] <Gallop.WorkTrainedCharaData.TrainedCharaData.SuccessionCharaData.FactorData>
                [9] <Gallop.WorkTrainedCharaData.TrainedCharaData.SuccessionCharaData.FactorData>
              .<CreateTime>k__BackingField = 0 (obscured)
              .<ScenarioId>k__BackingField = 3 (obscured)
              .<TalentLevel>k__BackingField = 5 (obscured)
              .<CharaGrade>k__BackingField = 10 (obscured)
              .<Rarity>k__BackingField = 3 (obscured)
              .<IsLock>k__BackingField = 181 (obscured)
              ._favoriteData = <Gallop.WorkTrainedCharaData.FavoriteData>
              ._cachedCreateTimeTimeStamp = 0 (obscured)
              ._sortedFactorList = <System.Collections.Generic.List<Gallop.MasterSuccessionFactor.SuccessionFactor>>
              ._sortedFactorProfileCardList = <?>
              ._factorListIncludingSuccession = <?>
              .<SuccessionCharaList>k__BackingField = <System.Collections.Generic.List<Gallop.WorkTrainedCharaData.TrainedCharaData.SuccessionCharaData>>
              .IsSuccessionHistoryInitialized = false
              .<SuccessionHistoryList>k__BackingField = <System.Collections.Generic.List<Gallop.SuccessionHistory>>
              .<AcquiredSkillArray>k__BackingField = <? len=26>
                [0] <Gallop.WorkSkillData.AcquiredSkill>
                [1] <Gallop.WorkSkillData.AcquiredSkill>
                [2] <Gallop.WorkSkillData.AcquiredSkill>
                [3] <Gallop.WorkSkillData.AcquiredSkill>
                [4] <Gallop.WorkSkillData.AcquiredSkill>
                [5] <Gallop.WorkSkillData.AcquiredSkill>
                [6] <Gallop.WorkSkillData.AcquiredSkill>
                [7] <Gallop.WorkSkillData.AcquiredSkill>
                [8] <Gallop.WorkSkillData.AcquiredSkill>
                [9] <Gallop.WorkSkillData.AcquiredSkill>
              .<SupportCardArray>k__BackingField = <? len=6>
                [0] <Gallop.WorkTrainedCharaData.SupportCardData>
                [1] <Gallop.WorkTrainedCharaData.SupportCardData>
                [2] <Gallop.WorkTrainedCharaData.SupportCardData>
                [3] <Gallop.WorkTrainedCharaData.SupportCardData>
                [4] <Gallop.WorkTrainedCharaData.SupportCardData>
                [5] <Gallop.WorkTrainedCharaData.SupportCardData>
              .<SingleModeRaceResultArray>k__BackingField = <? len=21>
                [0] <Gallop.SingleModeUtils.RaceHistoryInfo>
                [1] <Gallop.SingleModeUtils.RaceHistoryInfo>
                [2] <Gallop.SingleModeUtils.RaceHistoryInfo>
                [3] <Gallop.SingleModeUtils.RaceHistoryInfo>
                [4] <Gallop.SingleModeUtils.RaceHistoryInfo>
                [5] <Gallop.SingleModeUtils.RaceHistoryInfo>
                [6] <Gallop.SingleModeUtils.RaceHistoryInfo>
                [7] <Gallop.SingleModeUtils.RaceHistoryInfo>
                [8] <Gallop.SingleModeUtils.RaceHistoryInfo>
                [9] <Gallop.SingleModeUtils.RaceHistoryInfo>
              ._winSaddleArray = <? len=17>
                [0] <Gallop.MasterSingleModeWinsSaddle.SingleModeWinsSaddle>
                [1] <Gallop.MasterSingleModeWinsSaddle.SingleModeWinsSaddle>
                [2] <Gallop.MasterSingleModeWinsSaddle.SingleModeWinsSaddle>
                [3] <Gallop.MasterSingleModeWinsSaddle.SingleModeWinsSaddle>
                [4] <Gallop.MasterSingleModeWinsSaddle.SingleModeWinsSaddle>
                [5] <Gallop.MasterSingleModeWinsSaddle.SingleModeWinsSaddle>
                [6] <Gallop.MasterSingleModeWinsSaddle.SingleModeWinsSaddle>
                [7] <Gallop.MasterSingleModeWinsSaddle.SingleModeWinsSaddle>
                [8] <Gallop.MasterSingleModeWinsSaddle.SingleModeWinsSaddle>
                [9] <Gallop.MasterSingleModeWinsSaddle.SingleModeWinsSaddle>
              ._winSaddleIdArray = <? len=17>
                [0] 1 (obscured)
                [1] 2 (obscured)
                [2] 4 (obscured)
                [3] 5 (obscured)
                [4] 6 (obscured)
                [5] 10 (obscured)
                [6] 11 (obscured)
                [7] 12 (obscured)
                [8] 13 (obscured)
                [9] 14 (obscured)
              ._cacheCharaId = 1015 (obscured)
              ._masterCardData = <Gallop.MasterCardData.CardData>
              ._masterCharaData = <?>
              ._masterCardRarityData = <?>
              .<SingleTotalRaceNum>k__BackingField = 21
              ._singleWinNum = -1 (obscured)
              .<TrainedCharaDataAccessor>k__BackingField = <Gallop.PlayerTrainedCharaDataAccessor>
          [2] <Gallop.WorkTrainedCharaData.TrainedCharaData>
              ._id = 2762 (obscured)
              ._isSaved = 213 (obscured)
              ._viewerId = <redacted>
              ._ownerViewerId = <redacted>
              ._ownerTrainedCharaId = 0 (obscured)
              ._useType = <?>
              ._cardId = 100102 (obscured)
              ._nickNameId = 394 (obscured)
              ._nickNameIdArray = <? len=1>
                [0] 394 (obscured)
              ._stamina = 836 (obscured)
              ._speed = 1312 (obscured)
              ._power = 928 (obscured)
              ._guts = 704 (obscured)
              ._wiz = 926 (obscured)
              ._fans = 315439 (obscured)
              ._rank = 17 (obscured)
              ._rankScore = 18938 (obscured)
              ._runningStyle = 3 (obscured)
              ._properGroundTurf = 7 (obscured)
              ._properGroundDirt = 1 (obscured)
              ._properDistanceShort = 2 (obscured)
              ._properDistanceMile = 6 (obscured)
              ._properDistanceMiddle = 7 (obscured)
              ._properDistanceLong = 7 (obscured)
              ._properRunningStyleNige = 2 (obscured)
              ._properRunningStyleSenko = 7 (obscured)
              ._properRunningStyleSashi = 7 (obscured)
              ._properRunningStyleOikomi = 5 (obscured)
              .<SuccessionCount>k__BackingField = 93 (obscured)
              .<FactorDataArray>k__BackingField = <? len=10>
                [0] <Gallop.WorkTrainedCharaData.TrainedCharaData.SuccessionCharaData.FactorData>
                [1] <Gallop.WorkTrainedCharaData.TrainedCharaData.SuccessionCharaData.FactorData>
                [2] <Gallop.WorkTrainedCharaData.TrainedCharaData.SuccessionCharaData.FactorData>
                [3] <Gallop.WorkTrainedCharaData.TrainedCharaData.SuccessionCharaData.FactorData>
                [4] <Gallop.WorkTrainedCharaData.TrainedCharaData.SuccessionCharaData.FactorData>
                [5] <Gallop.WorkTrainedCharaData.TrainedCharaData.SuccessionCharaData.FactorData>
                [6] <Gallop.WorkTrainedCharaData.TrainedCharaData.SuccessionCharaData.FactorData>
                [7] <Gallop.WorkTrainedCharaData.TrainedCharaData.SuccessionCharaData.FactorData>
                [8] <Gallop.WorkTrainedCharaData.TrainedCharaData.SuccessionCharaData.FactorData>
                [9] <Gallop.WorkTrainedCharaData.TrainedCharaData.SuccessionCharaData.FactorData>
              .<CreateTime>k__BackingField = 0 (obscured)
              .<ScenarioId>k__BackingField = 3 (obscured)
              .<TalentLevel>k__BackingField = 4 (obscured)
              .<CharaGrade>k__BackingField = 9 (obscured)
              .<Rarity>k__BackingField = 3 (obscured)
              .<IsLock>k__BackingField = 213 (obscured)
              ._favoriteData = <Gallop.WorkTrainedCharaData.FavoriteData>
              ._cachedCreateTimeTimeStamp = 0 (obscured)
              ._sortedFactorList = <System.Collections.Generic.List<Gallop.MasterSuccessionFactor.SuccessionFactor>>
              ._sortedFactorProfileCardList = <?>
              ._factorListIncludingSuccession = <?>
              .<SuccessionCharaList>k__BackingField = <System.Collections.Generic.List<Gallop.WorkTrainedCharaData.TrainedCharaData.SuccessionCharaData>>
              .IsSuccessionHistoryInitialized = false
              .<SuccessionHistoryList>k__BackingField = <System.Collections.Generic.List<Gallop.SuccessionHistory>>
              .<AcquiredSkillArray>k__BackingField = <? len=28>
                [0] <Gallop.WorkSkillData.AcquiredSkill>
                [1] <Gallop.WorkSkillData.AcquiredSkill>
                [2] <Gallop.WorkSkillData.AcquiredSkill>
                [3] <Gallop.WorkSkillData.AcquiredSkill>
                [4] <Gallop.WorkSkillData.AcquiredSkill>
                [5] <Gallop.WorkSkillData.AcquiredSkill>
                [6] <Gallop.WorkSkillData.AcquiredSkill>
                [7] <Gallop.WorkSkillData.AcquiredSkill>
                [8] <Gallop.WorkSkillData.AcquiredSkill>
                [9] <Gallop.WorkSkillData.AcquiredSkill>
              .<SupportCardArray>k__BackingField = <? len=6>
                [0] <Gallop.WorkTrainedCharaData.SupportCardData>
                [1] <Gallop.WorkTrainedCharaData.SupportCardData>
                [2] <Gallop.WorkTrainedCharaData.SupportCardData>
                [3] <Gallop.WorkTrainedCharaData.SupportCardData>
                [4] <Gallop.WorkTrainedCharaData.SupportCardData>
                [5] <Gallop.WorkTrainedCharaData.SupportCardData>
              .<SingleModeRaceResultArray>k__BackingField = <? len=10>
                [0] <Gallop.SingleModeUtils.RaceHistoryInfo>
                [1] <Gallop.SingleModeUtils.RaceHistoryInfo>
                [2] <Gallop.SingleModeUtils.RaceHistoryInfo>
                [3] <Gallop.SingleModeUtils.RaceHistoryInfo>
                [4] <Gallop.SingleModeUtils.RaceHistoryInfo>
                [5] <Gallop.SingleModeUtils.RaceHistoryInfo>
                [6] <Gallop.SingleModeUtils.RaceHistoryInfo>
                [7] <Gallop.SingleModeUtils.RaceHistoryInfo>
                [8] <Gallop.SingleModeUtils.RaceHistoryInfo>
                [9] <Gallop.SingleModeUtils.RaceHistoryInfo>
              ._winSaddleArray = <? len=6>
                [0] <Gallop.MasterSingleModeWinsSaddle.SingleModeWinsSaddle>
                [1] <Gallop.MasterSingleModeWinsSaddle.SingleModeWinsSaddle>
                [2] <Gallop.MasterSingleModeWinsSaddle.SingleModeWinsSaddle>
                [3] <Gallop.MasterSingleModeWinsSaddle.SingleModeWinsSaddle>
                [4] <Gallop.MasterSingleModeWinsSaddle.SingleModeWinsSaddle>
                [5] <Gallop.MasterSingleModeWinsSaddle.SingleModeWinsSaddle>
              ._winSaddleIdArray = <? len=6>
                [0] 10 (obscured)
                [1] 11 (obscured)
                [2] 12 (obscured)
                [3] 13 (obscured)
                [4] 16 (obscured)
                [5] 82 (obscured)
              ._cacheCharaId = 1001 (obscured)
              ._masterCardData = <Gallop.MasterCardData.CardData>
              ._masterCharaData = <?>
              ._masterCardRarityData = <?>
              .<SingleTotalRaceNum>k__BackingField = 10
              ._singleWinNum = -1 (obscured)
              .<TrainedCharaDataAccessor>k__BackingField = <Gallop.PlayerTrainedCharaDataAccessor>
          [3] <Gallop.WorkTrainedCharaData.TrainedCharaData>
              ._id = 3867 (obscured)
              ._isSaved = 213 (obscured)
              ._viewerId = <redacted>
              ._ownerViewerId = <redacted>
              ._ownerTrainedCharaId = 0 (obscured)
              ._useType = <?>
              ._cardId = 102701 (obscured)
              ._nickNameId = 394 (obscured)
              ._nickNameIdArray = <? len=1>
                [0] 394 (obscured)
              ._stamina = 1195 (obscured)
              ._speed = 939 (obscured)
              ._power = 893 (obscured)
              ._guts = 747 (obscured)
              ._wiz = 642 (obscured)
              ._fans = 689192 (obscured)
              ._rank = 17 (obscured)
              ._rankScore = 18044 (obscured)
              ._runningStyle = 3 (obscured)
              ._properGroundTurf = 7 (obscured)
              ._properGroundDirt = 1 (obscured)
              ._properDistanceShort = 3 (obscured)
              ._properDistanceMile = 6 (obscured)
              ._properDistanceMiddle = 7 (obscured)
              ._properDistanceLong = 6 (obscured)
              ._properRunningStyleNige = 2 (obscured)
              ._properRunningStyleSenko = 7 (obscured)
              ._properRunningStyleSashi = 7 (obscured)
              ._properRunningStyleOikomi = 2 (obscured)
              .<SuccessionCount>k__BackingField = 192 (obscured)
              .<FactorDataArray>k__BackingField = <? len=17>
                [0] <Gallop.WorkTrainedCharaData.TrainedCharaData.SuccessionCharaData.FactorData>
                [1] <Gallop.WorkTrainedCharaData.TrainedCharaData.SuccessionCharaData.FactorData>
                [2] <Gallop.WorkTrainedCharaData.TrainedCharaData.SuccessionCharaData.FactorData>
                [3] <Gallop.WorkTrainedCharaData.TrainedCharaData.SuccessionCharaData.FactorData>
                [4] <Gallop.WorkTrainedCharaData.TrainedCharaData.SuccessionCharaData.FactorData>
                [5] <Gallop.WorkTrainedCharaData.TrainedCharaData.SuccessionCharaData.FactorData>
                [6] <Gallop.WorkTrainedCharaData.TrainedCharaData.SuccessionCharaData.FactorData>
                [7] <Gallop.WorkTrainedCharaData.TrainedCharaData.SuccessionCharaData.FactorData>
                [8] <Gallop.WorkTrainedCharaData.TrainedCharaData.SuccessionCharaData.FactorData>
                [9] <Gallop.WorkTrainedCharaData.TrainedCharaData.SuccessionCharaData.FactorData>
              .<CreateTime>k__BackingField = 0 (obscured)
              .<ScenarioId>k__BackingField = 3 (obscured)
              .<TalentLevel>k__BackingField = 1 (obscured)
              .<CharaGrade>k__BackingField = 10 (obscured)
              .<Rarity>k__BackingField = 5 (obscured)
              .<IsLock>k__BackingField = 213 (obscured)
              ._favoriteData = <Gallop.WorkTrainedCharaData.FavoriteData>
              ._cachedCreateTimeTimeStamp = 0 (obscured)
              ._sortedFactorList = <System.Collections.Generic.List<Gallop.MasterSuccessionFactor.SuccessionFactor>>
              ._sortedFactorProfileCardList = <?>
              ._factorListIncludingSuccession = <?>
              .<SuccessionCharaList>k__BackingField = <System.Collections.Generic.List<Gallop.WorkTrainedCharaData.TrainedCharaData.SuccessionCharaData>>
              .IsSuccessionHistoryInitialized = false
              .<SuccessionHistoryList>k__BackingField = <System.Collections.Generic.List<Gallop.SuccessionHistory>>
              .<AcquiredSkillArray>k__BackingField = <? len=24>
                [0] <Gallop.WorkSkillData.AcquiredSkill>
                [1] <Gallop.WorkSkillData.AcquiredSkill>
                [2] <Gallop.WorkSkillData.AcquiredSkill>
                [3] <Gallop.WorkSkillData.AcquiredSkill>
                [4] <Gallop.WorkSkillData.AcquiredSkill>
                [5] <Gallop.WorkSkillData.AcquiredSkill>
                [6] <Gallop.WorkSkillData.AcquiredSkill>
                [7] <Gallop.WorkSkillData.AcquiredSkill>
                [8] <Gallop.WorkSkillData.AcquiredSkill>
                [9] <Gallop.WorkSkillData.AcquiredSkill>
              .<SupportCardArray>k__BackingField = <? len=6>
                [0] <Gallop.WorkTrainedCharaData.SupportCardData>
                [1] <Gallop.WorkTrainedCharaData.SupportCardData>
                [2] <Gallop.WorkTrainedCharaData.SupportCardData>
                [3] <Gallop.WorkTrainedCharaData.SupportCardData>
                [4] <Gallop.WorkTrainedCharaData.SupportCardData>
                [5] <Gallop.WorkTrainedCharaData.SupportCardData>
              .<SingleModeRaceResultArray>k__BackingField = <? len=24>
                [0] <Gallop.SingleModeUtils.RaceHistoryInfo>
                [1] <Gallop.SingleModeUtils.RaceHistoryInfo>
                [2] <Gallop.SingleModeUtils.RaceHistoryInfo>
                [3] <Gallop.SingleModeUtils.RaceHistoryInfo>
                [4] <Gallop.SingleModeUtils.RaceHistoryInfo>
                [5] <Gallop.SingleModeUtils.RaceHistoryInfo>
                [6] <Gallop.SingleModeUtils.RaceHistoryInfo>
                [7] <Gallop.SingleModeUtils.RaceHistoryInfo>
                [8] <Gallop.SingleModeUtils.RaceHistoryInfo>
                [9] <Gallop.SingleModeUtils.RaceHistoryInfo>
              ._winSaddleArray = <? len=22>
                [0] <Gallop.MasterSingleModeWinsSaddle.SingleModeWinsSaddle>
                [1] <Gallop.MasterSingleModeWinsSaddle.SingleModeWinsSaddle>
                [2] <Gallop.MasterSingleModeWinsSaddle.SingleModeWinsSaddle>
                [3] <Gallop.MasterSingleModeWinsSaddle.SingleModeWinsSaddle>
                [4] <Gallop.MasterSingleModeWinsSaddle.SingleModeWinsSaddle>
                [5] <Gallop.MasterSingleModeWinsSaddle.SingleModeWinsSaddle>
                [6] <Gallop.MasterSingleModeWinsSaddle.SingleModeWinsSaddle>
                [7] <Gallop.MasterSingleModeWinsSaddle.SingleModeWinsSaddle>
                [8] <Gallop.MasterSingleModeWinsSaddle.SingleModeWinsSaddle>
                [9] <Gallop.MasterSingleModeWinsSaddle.SingleModeWinsSaddle>
              ._winSaddleIdArray = <? len=22>
                [0] 1 (obscured)
                [1] 2 (obscured)
                [2] 4 (obscured)
                [3] 5 (obscured)
                [4] 6 (obscured)
                [5] 7 (obscured)
                [6] 10 (obscured)
                [7] 11 (obscured)
                [8] 12 (obscured)
                [9] 13 (obscured)
              ._cacheCharaId = 1027 (obscured)
              ._masterCardData = <Gallop.MasterCardData.CardData>
              ._masterCharaData = <?>
              ._masterCardRarityData = <?>
              .<SingleTotalRaceNum>k__BackingField = 24
              ._singleWinNum = -1 (obscured)
              .<TrainedCharaDataAccessor>k__BackingField = <Gallop.PlayerTrainedCharaDataAccessor>
          [4] <Gallop.WorkTrainedCharaData.TrainedCharaData>
              ._id = 3119 (obscured)
              ._isSaved = 213 (obscured)
              ._viewerId = <redacted>
              ._ownerViewerId = <redacted>
              ._ownerTrainedCharaId = 0 (obscured)
              ._useType = <?>
              ._cardId = 101401 (obscured)
              ._nickNameId = 154 (obscured)
              ._nickNameIdArray = <? len=31>
                [0] 1 (obscured)
                [1] 2 (obscured)
                [2] 10 (obscured)
                [3] 20 (obscured)
                [4] 29 (obscured)
                [5] 31 (obscured)
                [6] 32 (obscured)
                [7] 34 (obscured)
                [8] 38 (obscured)
                [9] 39 (obscured)
              ._stamina = 652 (obscured)
              ._speed = 933 (obscured)
              ._power = 855 (obscured)
              ._guts = 372 (obscured)
              ._wiz = 478 (obscured)
              ._fans = 479676 (obscured)
              ._rank = 13 (obscured)
              ._rankScore = 10673 (obscured)
              ._runningStyle = 2 (obscured)
              ._properGroundTurf = 7 (obscured)
              ._properGroundDirt = 7 (obscured)
              ._properDistanceShort = 2 (obscured)
              ._properDistanceMile = 7 (obscured)
              ._properDistanceMiddle = 7 (obscured)
              ._properDistanceLong = 6 (obscured)
              ._properRunningStyleNige = 3 (obscured)
              ._properRunningStyleSenko = 7 (obscured)
              ._properRunningStyleSashi = 7 (obscured)
              ._properRunningStyleOikomi = 5 (obscured)
              .<SuccessionCount>k__BackingField = 7796 (obscured)
              .<FactorDataArray>k__BackingField = <? len=9>
                [0] <Gallop.WorkTrainedCharaData.TrainedCharaData.SuccessionCharaData.FactorData>
                [1] <Gallop.WorkTrainedCharaData.TrainedCharaData.SuccessionCharaData.FactorData>
                [2] <Gallop.WorkTrainedCharaData.TrainedCharaData.SuccessionCharaData.FactorData>
                [3] <Gallop.WorkTrainedCharaData.TrainedCharaData.SuccessionCharaData.FactorData>
                [4] <Gallop.WorkTrainedCharaData.TrainedCharaData.SuccessionCharaData.FactorData>
                [5] <Gallop.WorkTrainedCharaData.TrainedCharaData.SuccessionCharaData.FactorData>
                [6] <Gallop.WorkTrainedCharaData.TrainedCharaData.SuccessionCharaData.FactorData>
                [7] <Gallop.WorkTrainedCharaData.TrainedCharaData.SuccessionCharaData.FactorData>
                [8] <Gallop.WorkTrainedCharaData.TrainedCharaData.SuccessionCharaData.FactorData>
              .<CreateTime>k__BackingField = 0 (obscured)
              .<ScenarioId>k__BackingField = 2 (obscured)
              .<TalentLevel>k__BackingField = 2 (obscured)
              .<CharaGrade>k__BackingField = 10 (obscured)
              .<Rarity>k__BackingField = 3 (obscured)
              .<IsLock>k__BackingField = 213 (obscured)
              ._favoriteData = <Gallop.WorkTrainedCharaData.FavoriteData>
              ._cachedCreateTimeTimeStamp = 0 (obscured)
              ._sortedFactorList = <System.Collections.Generic.List<Gallop.MasterSuccessionFactor.SuccessionFactor>>
              ._sortedFactorProfileCardList = <?>
              ._factorListIncludingSuccession = <?>
              .<SuccessionCharaList>k__BackingField = <System.Collections.Generic.List<Gallop.WorkTrainedCharaData.TrainedCharaData.SuccessionCharaData>>
              .IsSuccessionHistoryInitialized = false
              .<SuccessionHistoryList>k__BackingField = <System.Collections.Generic.List<Gallop.SuccessionHistory>>
              .<AcquiredSkillArray>k__BackingField = <? len=15>
                [0] <Gallop.WorkSkillData.AcquiredSkill>
                [1] <Gallop.WorkSkillData.AcquiredSkill>
                [2] <Gallop.WorkSkillData.AcquiredSkill>
                [3] <Gallop.WorkSkillData.AcquiredSkill>
                [4] <Gallop.WorkSkillData.AcquiredSkill>
                [5] <Gallop.WorkSkillData.AcquiredSkill>
                [6] <Gallop.WorkSkillData.AcquiredSkill>
                [7] <Gallop.WorkSkillData.AcquiredSkill>
                [8] <Gallop.WorkSkillData.AcquiredSkill>
                [9] <Gallop.WorkSkillData.AcquiredSkill>
              .<SupportCardArray>k__BackingField = <? len=6>
                [0] <Gallop.WorkTrainedCharaData.SupportCardData>
                [1] <Gallop.WorkTrainedCharaData.SupportCardData>
                [2] <Gallop.WorkTrainedCharaData.SupportCardData>
                [3] <Gallop.WorkTrainedCharaData.SupportCardData>
                [4] <Gallop.WorkTrainedCharaData.SupportCardData>
                [5] <Gallop.WorkTrainedCharaData.SupportCardData>
              .<SingleModeRaceResultArray>k__BackingField = <? len=28>
                [0] <Gallop.SingleModeUtils.RaceHistoryInfo>
                [1] <Gallop.SingleModeUtils.RaceHistoryInfo>
                [2] <Gallop.SingleModeUtils.RaceHistoryInfo>
                [3] <Gallop.SingleModeUtils.RaceHistoryInfo>
                [4] <Gallop.SingleModeUtils.RaceHistoryInfo>
                [5] <Gallop.SingleModeUtils.RaceHistoryInfo>
                [6] <Gallop.SingleModeUtils.RaceHistoryInfo>
                [7] <Gallop.SingleModeUtils.RaceHistoryInfo>
                [8] <Gallop.SingleModeUtils.RaceHistoryInfo>
                [9] <Gallop.SingleModeUtils.RaceHistoryInfo>
              ._winSaddleArray = <? len=25>
                [0] <Gallop.MasterSingleModeWinsSaddle.SingleModeWinsSaddle>
                [1] <Gallop.MasterSingleModeWinsSaddle.SingleModeWinsSaddle>
                [2] <Gallop.MasterSingleModeWinsSaddle.SingleModeWinsSaddle>
                [3] <Gallop.MasterSingleModeWinsSaddle.SingleModeWinsSaddle>
                [4] <Gallop.MasterSingleModeWinsSaddle.SingleModeWinsSaddle>
                [5] <Gallop.MasterSingleModeWinsSaddle.SingleModeWinsSaddle>
                [6] <Gallop.MasterSingleModeWinsSaddle.SingleModeWinsSaddle>
                [7] <Gallop.MasterSingleModeWinsSaddle.SingleModeWinsSaddle>
                [8] <Gallop.MasterSingleModeWinsSaddle.SingleModeWinsSaddle>
                [9] <Gallop.MasterSingleModeWinsSaddle.SingleModeWinsSaddle>
              ._winSaddleIdArray = <? len=25>
                [0] 2 (obscured)
                [1] 6 (obscured)
                [2] 7 (obscured)
                [3] 10 (obscured)
                [4] 11 (obscured)
                [5] 14 (obscured)
                [6] 15 (obscured)
                [7] 18 (obscured)
                [8] 21 (obscured)
                [9] 23 (obscured)
              ._cacheCharaId = 1014 (obscured)
              ._masterCardData = <Gallop.MasterCardData.CardData>
              ._masterCharaData = <?>
              ._masterCardRarityData = <?>
              .<SingleTotalRaceNum>k__BackingField = 28
              ._singleWinNum = -1 (obscured)
              .<TrainedCharaDataAccessor>k__BackingField = <Gallop.PlayerTrainedCharaDataAccessor>
          [5] <Gallop.WorkTrainedCharaData.TrainedCharaData>
              ._id = 1254 (obscured)
              ._isSaved = 213 (obscured)
              ._viewerId = <redacted>
              ._ownerViewerId = <redacted>
              ._ownerTrainedCharaId = 0 (obscured)
              ._useType = <?>
              ._cardId = 105901 (obscured)
              ._nickNameId = 171 (obscured)
              ._nickNameIdArray = <? len=31>
                [0] 2 (obscured)
                [1] 7 (obscured)
                [2] 8 (obscured)
                [3] 16 (obscured)
                [4] 20 (obscured)
                [5] 25 (obscured)
                [6] 27 (obscured)
                [7] 31 (obscured)
                [8] 32 (obscured)
                [9] 34 (obscured)
              ._stamina = 724 (obscured)
              ._speed = 973 (obscured)
              ._power = 708 (obscured)
              ._guts = 464 (obscured)
              ._wiz = 484 (obscured)
              ._fans = 395927 (obscured)
              ._rank = 13 (obscured)
              ._rankScore = 10782 (obscured)
              ._runningStyle = 3 (obscured)
              ._properGroundTurf = 7 (obscured)
              ._properGroundDirt = 1 (obscured)
              ._properDistanceShort = 3 (obscured)
              ._properDistanceMile = 7 (obscured)
              ._properDistanceMiddle = 7 (obscured)
              ._properDistanceLong = 6 (obscured)
              ._properRunningStyleNige = 5 (obscured)
              ._properRunningStyleSenko = 6 (obscured)
              ._properRunningStyleSashi = 7 (obscured)
              ._properRunningStyleOikomi = 3 (obscured)
              .<SuccessionCount>k__BackingField = 3812 (obscured)
              .<FactorDataArray>k__BackingField = <? len=11>
                [0] <Gallop.WorkTrainedCharaData.TrainedCharaData.SuccessionCharaData.FactorData>
                [1] <Gallop.WorkTrainedCharaData.TrainedCharaData.SuccessionCharaData.FactorData>
                [2] <Gallop.WorkTrainedCharaData.TrainedCharaData.SuccessionCharaData.FactorData>
                [3] <Gallop.WorkTrainedCharaData.TrainedCharaData.SuccessionCharaData.FactorData>
                [4] <Gallop.WorkTrainedCharaData.TrainedCharaData.SuccessionCharaData.FactorData>
                [5] <Gallop.WorkTrainedCharaData.TrainedCharaData.SuccessionCharaData.FactorData>
                [6] <Gallop.WorkTrainedCharaData.TrainedCharaData.SuccessionCharaData.FactorData>
                [7] <Gallop.WorkTrainedCharaData.TrainedCharaData.SuccessionCharaData.FactorData>
                [8] <Gallop.WorkTrainedCharaData.TrainedCharaData.SuccessionCharaData.FactorData>
                [9] <Gallop.WorkTrainedCharaData.TrainedCharaData.SuccessionCharaData.FactorData>
              .<CreateTime>k__BackingField = 0 (obscured)
              .<ScenarioId>k__BackingField = 2 (obscured)
              .<TalentLevel>k__BackingField = 1 (obscured)
              .<CharaGrade>k__BackingField = 10 (obscured)
              .<Rarity>k__BackingField = 3 (obscured)
              .<IsLock>k__BackingField = 213 (obscured)
              ._favoriteData = <Gallop.WorkTrainedCharaData.FavoriteData>
              ._cachedCreateTimeTimeStamp = 0 (obscured)
              ._sortedFactorList = <System.Collections.Generic.List<Gallop.MasterSuccessionFactor.SuccessionFactor>>
              ._sortedFactorProfileCardList = <?>
              ._factorListIncludingSuccession = <?>
              .<SuccessionCharaList>k__BackingField = <System.Collections.Generic.List<Gallop.WorkTrainedCharaData.TrainedCharaData.SuccessionCharaData>>
              .IsSuccessionHistoryInitialized = false
              .<SuccessionHistoryList>k__BackingField = <System.Collections.Generic.List<Gallop.SuccessionHistory>>
              .<AcquiredSkillArray>k__BackingField = <? len=10>
                [0] <Gallop.WorkSkillData.AcquiredSkill>
                [1] <Gallop.WorkSkillData.AcquiredSkill>
                [2] <Gallop.WorkSkillData.AcquiredSkill>
                [3] <Gallop.WorkSkillData.AcquiredSkill>
                [4] <Gallop.WorkSkillData.AcquiredSkill>
                [5] <Gallop.WorkSkillData.AcquiredSkill>
                [6] <Gallop.WorkSkillData.AcquiredSkill>
                [7] <Gallop.WorkSkillData.AcquiredSkill>
                [8] <Gallop.WorkSkillData.AcquiredSkill>
                [9] <Gallop.WorkSkillData.AcquiredSkill>
              .<SupportCardArray>k__BackingField = <? len=6>
                [0] <Gallop.WorkTrainedCharaData.SupportCardData>
                [1] <Gallop.WorkTrainedCharaData.SupportCardData>
                [2] <Gallop.WorkTrainedCharaData.SupportCardData>
                [3] <Gallop.WorkTrainedCharaData.SupportCardData>
                [4] <Gallop.WorkTrainedCharaData.SupportCardData>
                [5] <Gallop.WorkTrainedCharaData.SupportCardData>
              .<SingleModeRaceResultArray>k__BackingField = <? len=24>
                [0] <Gallop.SingleModeUtils.RaceHistoryInfo>
                [1] <Gallop.SingleModeUtils.RaceHistoryInfo>
                [2] <Gallop.SingleModeUtils.RaceHistoryInfo>
                [3] <Gallop.SingleModeUtils.RaceHistoryInfo>
                [4] <Gallop.SingleModeUtils.RaceHistoryInfo>
                [5] <Gallop.SingleModeUtils.RaceHistoryInfo>
                [6] <Gallop.SingleModeUtils.RaceHistoryInfo>
                [7] <Gallop.SingleModeUtils.RaceHistoryInfo>
                [8] <Gallop.SingleModeUtils.RaceHistoryInfo>
                [9] <Gallop.SingleModeUtils.RaceHistoryInfo>
              ._winSaddleArray = <? len=15>
                [0] <Gallop.MasterSingleModeWinsSaddle.SingleModeWinsSaddle>
                [1] <Gallop.MasterSingleModeWinsSaddle.SingleModeWinsSaddle>
                [2] <Gallop.MasterSingleModeWinsSaddle.SingleModeWinsSaddle>
                [3] <Gallop.MasterSingleModeWinsSaddle.SingleModeWinsSaddle>
                [4] <Gallop.MasterSingleModeWinsSaddle.SingleModeWinsSaddle>
                [5] <Gallop.MasterSingleModeWinsSaddle.SingleModeWinsSaddle>
                [6] <Gallop.MasterSingleModeWinsSaddle.SingleModeWinsSaddle>
                [7] <Gallop.MasterSingleModeWinsSaddle.SingleModeWinsSaddle>
                [8] <Gallop.MasterSingleModeWinsSaddle.SingleModeWinsSaddle>
                [9] <Gallop.MasterSingleModeWinsSaddle.SingleModeWinsSaddle>
              ._winSaddleIdArray = <? len=15>
                [0] 3 (obscured)
                [1] 11 (obscured)
                [2] 14 (obscured)
                [3] 15 (obscured)
                [4] 17 (obscured)
                [5] 19 (obscured)
                [6] 21 (obscured)
                [7] 24 (obscured)
                [8] 26 (obscured)
                [9] 27 (obscured)
              ._cacheCharaId = 1059 (obscured)
              ._masterCardData = <Gallop.MasterCardData.CardData>
              ._masterCharaData = <?>
              ._masterCardRarityData = <Gallop.MasterCardRarityData.CardRarityData>
              .<SingleTotalRaceNum>k__BackingField = 24
              ._singleWinNum = 20 (obscured)
              .<TrainedCharaDataAccessor>k__BackingField = <Gallop.PlayerTrainedCharaDataAccessor>
          [6] <Gallop.WorkTrainedCharaData.TrainedCharaData>
              ._id = 3885 (obscured)
              ._isSaved = 213 (obscured)
              ._viewerId = <redacted>
              ._ownerViewerId = <redacted>
              ._ownerTrainedCharaId = 0 (obscured)
              ._useType = <?>
              ._cardId = 102701 (obscured)
              ._nickNameId = 394 (obscured)
              ._nickNameIdArray = <? len=1>
                [0] 394 (obscured)
              ._stamina = 424 (obscured)
              ._speed = 992 (obscured)
              ._power = 876 (obscured)
              ._guts = 398 (obscured)
              ._wiz = 739 (obscured)
              ._fans = 770940 (obscured)
              ._rank = 14 (obscured)
              ._rankScore = 12770 (obscured)
              ._runningStyle = 3 (obscured)
              ._properGroundTurf = 7 (obscured)
              ._properGroundDirt = 1 (obscured)
              ._properDistanceShort = 3 (obscured)
              ._properDistanceMile = 7 (obscured)
              ._properDistanceMiddle = 7 (obscured)
              ._properDistanceLong = 6 (obscured)
              ._properRunningStyleNige = 2 (obscured)
              ._properRunningStyleSenko = 7 (obscured)
              ._properRunningStyleSashi = 7 (obscured)
              ._properRunningStyleOikomi = 3 (obscured)
              .<SuccessionCount>k__BackingField = 13 (obscured)
              .<FactorDataArray>k__BackingField = <? len=13>
                [0] <Gallop.WorkTrainedCharaData.TrainedCharaData.SuccessionCharaData.FactorData>
                [1] <Gallop.WorkTrainedCharaData.TrainedCharaData.SuccessionCharaData.FactorData>
                [2] <Gallop.WorkTrainedCharaData.TrainedCharaData.SuccessionCharaData.FactorData>
                [3] <Gallop.WorkTrainedCharaData.TrainedCharaData.SuccessionCharaData.FactorData>
                [4] <Gallop.WorkTrainedCharaData.TrainedCharaData.SuccessionCharaData.FactorData>
                [5] <Gallop.WorkTrainedCharaData.TrainedCharaData.SuccessionCharaData.FactorData>
                [6] <Gallop.WorkTrainedCharaData.TrainedCharaData.SuccessionCharaData.FactorData>
                [7] <Gallop.WorkTrainedCharaData.TrainedCharaData.SuccessionCharaData.FactorData>
                [8] <Gallop.WorkTrainedCharaData.TrainedCharaData.SuccessionCharaData.FactorData>
                [9] <Gallop.WorkTrainedCharaData.TrainedCharaData.SuccessionCharaData.FactorData>
              .<CreateTime>k__BackingField = 0 (obscured)
              .<ScenarioId>k__BackingField = 3 (obscured)
              .<TalentLevel>k__BackingField = 5 (obscured)
              .<CharaGrade>k__BackingField = 10 (obscured)
              .<Rarity>k__BackingField = 4 (obscured)
              .<IsLock>k__BackingField = 213 (obscured)
              ._favoriteData = <Gallop.WorkTrainedCharaData.FavoriteData>
              ._cachedCreateTimeTimeStamp = 0 (obscured)
              ._sortedFactorList = <System.Collections.Generic.List<Gallop.MasterSuccessionFactor.SuccessionFactor>>
              ._sortedFactorProfileCardList = <?>
              ._factorListIncludingSuccession = <?>
              .<SuccessionCharaList>k__BackingField = <System.Collections.Generic.List<Gallop.WorkTrainedCharaData.TrainedCharaData.SuccessionCharaData>>
              .IsSuccessionHistoryInitialized = false
              .<SuccessionHistoryList>k__BackingField = <System.Collections.Generic.List<Gallop.SuccessionHistory>>
              .<AcquiredSkillArray>k__BackingField = <? len=19>
                [0] <Gallop.WorkSkillData.AcquiredSkill>
                [1] <Gallop.WorkSkillData.AcquiredSkill>
                [2] <Gallop.WorkSkillData.AcquiredSkill>
                [3] <Gallop.WorkSkillData.AcquiredSkill>
                [4] <Gallop.WorkSkillData.AcquiredSkill>
                [5] <Gallop.WorkSkillData.AcquiredSkill>
                [6] <Gallop.WorkSkillData.AcquiredSkill>
                [7] <Gallop.WorkSkillData.AcquiredSkill>
                [8] <Gallop.WorkSkillData.AcquiredSkill>
                [9] <Gallop.WorkSkillData.AcquiredSkill>
              .<SupportCardArray>k__BackingField = <? len=6>
                [0] <Gallop.WorkTrainedCharaData.SupportCardData>
                [1] <Gallop.WorkTrainedCharaData.SupportCardData>
                [2] <Gallop.WorkTrainedCharaData.SupportCardData>
                [3] <Gallop.WorkTrainedCharaData.SupportCardData>
                [4] <Gallop.WorkTrainedCharaData.SupportCardData>
                [5] <Gallop.WorkTrainedCharaData.SupportCardData>
              .<SingleModeRaceResultArray>k__BackingField = <? len=28>
                [0] <Gallop.SingleModeUtils.RaceHistoryInfo>
                [1] <Gallop.SingleModeUtils.RaceHistoryInfo>
                [2] <Gallop.SingleModeUtils.RaceHistoryInfo>
                [3] <Gallop.SingleModeUtils.RaceHistoryInfo>
                [4] <Gallop.SingleModeUtils.RaceHistoryInfo>
                [5] <Gallop.SingleModeUtils.RaceHistoryInfo>
                [6] <Gallop.SingleModeUtils.RaceHistoryInfo>
                [7] <Gallop.SingleModeUtils.RaceHistoryInfo>
                [8] <Gallop.SingleModeUtils.RaceHistoryInfo>
                [9] <Gallop.SingleModeUtils.RaceHistoryInfo>
              ._winSaddleArray = <? len=24>
                [0] <Gallop.MasterSingleModeWinsSaddle.SingleModeWinsSaddle>
                [1] <Gallop.MasterSingleModeWinsSaddle.SingleModeWinsSaddle>
                [2] <Gallop.MasterSingleModeWinsSaddle.SingleModeWinsSaddle>
                [3] <Gallop.MasterSingleModeWinsSaddle.SingleModeWinsSaddle>
                [4] <Gallop.MasterSingleModeWinsSaddle.SingleModeWinsSaddle>
                [5] <Gallop.MasterSingleModeWinsSaddle.SingleModeWinsSaddle>
                [6] <Gallop.MasterSingleModeWinsSaddle.SingleModeWinsSaddle>
                [7] <Gallop.MasterSingleModeWinsSaddle.SingleModeWinsSaddle>
                [8] <Gallop.MasterSingleModeWinsSaddle.SingleModeWinsSaddle>
                [9] <Gallop.MasterSingleModeWinsSaddle.SingleModeWinsSaddle>
              ._winSaddleIdArray = <? len=24>
                [0] 1 (obscured)
                [1] 2 (obscured)
                [2] 4 (obscured)
                [3] 5 (obscured)
                [4] 6 (obscured)
                [5] 7 (obscured)
                [6] 10 (obscured)
                [7] 11 (obscured)
                [8] 12 (obscured)
                [9] 13 (obscured)
              ._cacheCharaId = 1027 (obscured)
              ._masterCardData = <Gallop.MasterCardData.CardData>
              ._masterCharaData = <?>
              ._masterCardRarityData = <?>
              .<SingleTotalRaceNum>k__BackingField = 28
              ._singleWinNum = -1 (obscured)
              .<TrainedCharaDataAccessor>k__BackingField = <Gallop.PlayerTrainedCharaDataAccessor>
          [7] <Gallop.WorkTrainedCharaData.TrainedCharaData>
              ._id = 4513 (obscured)
              ._isSaved = 213 (obscured)
              ._viewerId = <redacted>
              ._ownerViewerId = <redacted>
              ._ownerTrainedCharaId = 0 (obscured)
              ._useType = <?>
              ._cardId = 101502 (obscured)
              ._nickNameId = 394 (obscured)
              ._nickNameIdArray = <? len=1>
                [0] 394 (obscured)
              ._stamina = 717 (obscured)
              ._speed = 1214 (obscured)
              ._power = 951 (obscured)
              ._guts = 566 (obscured)
              ._wiz = 766 (obscured)
              ._fans = 690280 (obscured)
              ._rank = 17 (obscured)
              ._rankScore = 17588 (obscured)
              ._runningStyle = 3 (obscured)
              ._properGroundTurf = 7 (obscured)
              ._properGroundDirt = 8 (obscured)
              ._properDistanceShort = 1 (obscured)
              ._properDistanceMile = 5 (obscured)
              ._properDistanceMiddle = 7 (obscured)
              ._properDistanceLong = 7 (obscured)
              ._properRunningStyleNige = 5 (obscured)
              ._properRunningStyleSenko = 7 (obscured)
              ._properRunningStyleSashi = 7 (obscured)
              ._properRunningStyleOikomi = 1 (obscured)
              .<SuccessionCount>k__BackingField = 91 (obscured)
              .<FactorDataArray>k__BackingField = <? len=17>
                [0] <Gallop.WorkTrainedCharaData.TrainedCharaData.SuccessionCharaData.FactorData>
                [1] <Gallop.WorkTrainedCharaData.TrainedCharaData.SuccessionCharaData.FactorData>
                [2] <Gallop.WorkTrainedCharaData.TrainedCharaData.SuccessionCharaData.FactorData>
                [3] <Gallop.WorkTrainedCharaData.TrainedCharaData.SuccessionCharaData.FactorData>
                [4] <Gallop.WorkTrainedCharaData.TrainedCharaData.SuccessionCharaData.FactorData>
                [5] <Gallop.WorkTrainedCharaData.TrainedCharaData.SuccessionCharaData.FactorData>
                [6] <Gallop.WorkTrainedCharaData.TrainedCharaData.SuccessionCharaData.FactorData>
                [7] <Gallop.WorkTrainedCharaData.TrainedCharaData.SuccessionCharaData.FactorData>
                [8] <Gallop.WorkTrainedCharaData.TrainedCharaData.SuccessionCharaData.FactorData>
                [9] <Gallop.WorkTrainedCharaData.TrainedCharaData.SuccessionCharaData.FactorData>
              .<CreateTime>k__BackingField = 0 (obscured)
              .<ScenarioId>k__BackingField = 3 (obscured)
              .<TalentLevel>k__BackingField = 5 (obscured)
              .<CharaGrade>k__BackingField = 10 (obscured)
              .<Rarity>k__BackingField = 3 (obscured)
              .<IsLock>k__BackingField = 213 (obscured)
              ._favoriteData = <?>
              ._cachedCreateTimeTimeStamp = 0 (obscured)
              ._sortedFactorList = <System.Collections.Generic.List<Gallop.MasterSuccessionFactor.SuccessionFactor>>
              ._sortedFactorProfileCardList = <?>
              ._factorListIncludingSuccession = <?>
              .<SuccessionCharaList>k__BackingField = <System.Collections.Generic.List<Gallop.WorkTrainedCharaData.TrainedCharaData.SuccessionCharaData>>
              .IsSuccessionHistoryInitialized = false
              .<SuccessionHistoryList>k__BackingField = <System.Collections.Generic.List<Gallop.SuccessionHistory>>
              .<AcquiredSkillArray>k__BackingField = <? len=23>
                [0] <Gallop.WorkSkillData.AcquiredSkill>
                [1] <Gallop.WorkSkillData.AcquiredSkill>
                [2] <Gallop.WorkSkillData.AcquiredSkill>
                [3] <Gallop.WorkSkillData.AcquiredSkill>
                [4] <Gallop.WorkSkillData.AcquiredSkill>
                [5] <Gallop.WorkSkillData.AcquiredSkill>
                [6] <Gallop.WorkSkillData.AcquiredSkill>
                [7] <Gallop.WorkSkillData.AcquiredSkill>
                [8] <Gallop.WorkSkillData.AcquiredSkill>
                [9] <Gallop.WorkSkillData.AcquiredSkill>
              .<SupportCardArray>k__BackingField = <? len=6>
                [0] <Gallop.WorkTrainedCharaData.SupportCardData>
                [1] <Gallop.WorkTrainedCharaData.SupportCardData>
                [2] <Gallop.WorkTrainedCharaData.SupportCardData>
                [3] <Gallop.WorkTrainedCharaData.SupportCardData>
                [4] <Gallop.WorkTrainedCharaData.SupportCardData>
                [5] <Gallop.WorkTrainedCharaData.SupportCardData>
              .<SingleModeRaceResultArray>k__BackingField = <? len=29>
                [0] <Gallop.SingleModeUtils.RaceHistoryInfo>
                [1] <Gallop.SingleModeUtils.RaceHistoryInfo>
                [2] <Gallop.SingleModeUtils.RaceHistoryInfo>
                [3] <Gallop.SingleModeUtils.RaceHistoryInfo>
                [4] <Gallop.SingleModeUtils.RaceHistoryInfo>
                [5] <Gallop.SingleModeUtils.RaceHistoryInfo>
                [6] <Gallop.SingleModeUtils.RaceHistoryInfo>
                [7] <Gallop.SingleModeUtils.RaceHistoryInfo>
                [8] <Gallop.SingleModeUtils.RaceHistoryInfo>
                [9] <Gallop.SingleModeUtils.RaceHistoryInfo>
              ._winSaddleArray = <? len=25>
                [0] <Gallop.MasterSingleModeWinsSaddle.SingleModeWinsSaddle>
                [1] <Gallop.MasterSingleModeWinsSaddle.SingleModeWinsSaddle>
                [2] <Gallop.MasterSingleModeWinsSaddle.SingleModeWinsSaddle>
                [3] <Gallop.MasterSingleModeWinsSaddle.SingleModeWinsSaddle>
                [4] <Gallop.MasterSingleModeWinsSaddle.SingleModeWinsSaddle>
                [5] <Gallop.MasterSingleModeWinsSaddle.SingleModeWinsSaddle>
                [6] <Gallop.MasterSingleModeWinsSaddle.SingleModeWinsSaddle>
                [7] <Gallop.MasterSingleModeWinsSaddle.SingleModeWinsSaddle>
                [8] <Gallop.MasterSingleModeWinsSaddle.SingleModeWinsSaddle>
                [9] <Gallop.MasterSingleModeWinsSaddle.SingleModeWinsSaddle>
              ._winSaddleIdArray = <? len=25>
                [0] 1 (obscured)
                [1] 2 (obscured)
                [2] 4 (obscured)
                [3] 5 (obscured)
                [4] 6 (obscured)
                [5] 7 (obscured)
                [6] 10 (obscured)
                [7] 11 (obscured)
                [8] 12 (obscured)
                [9] 13 (obscured)
              ._cacheCharaId = 1015 (obscured)
              ._masterCardData = <Gallop.MasterCardData.CardData>
              ._masterCharaData = <?>
              ._masterCardRarityData = <?>
              .<SingleTotalRaceNum>k__BackingField = 29
              ._singleWinNum = -1 (obscured)
              .<TrainedCharaDataAccessor>k__BackingField = <Gallop.PlayerTrainedCharaDataAccessor>
          [8] <Gallop.WorkTrainedCharaData.TrainedCharaData>
              ._id = 4589 (obscured)
              ._isSaved = 213 (obscured)
              ._viewerId = <redacted>
              ._ownerViewerId = <redacted>
              ._ownerTrainedCharaId = 0 (obscured)
              ._useType = <?>
              ._cardId = 101601 (obscured)
              ._nickNameId = 180 (obscured)
              ._nickNameIdArray = <? len=72>
                [0] 1 (obscured)
                [1] 2 (obscured)
                [2] 8 (obscured)
                [3] 20 (obscured)
                [4] 22 (obscured)
                [5] 25 (obscured)
                [6] 27 (obscured)
                [7] 28 (obscured)
                [8] 29 (obscured)
                [9] 30 (obscured)
              ._stamina = 1177 (obscured)
              ._speed = 1105 (obscured)
              ._power = 1233 (obscured)
              ._guts = 755 (obscured)
              ._wiz = 739 (obscured)
              ._fans = 957531 (obscured)
              ._rank = 19 (obscured)
              ._rankScore = 19938 (obscured)
              ._runningStyle = 4 (obscured)
              ._properGroundTurf = 7 (obscured)
              ._properGroundDirt = 5 (obscured)
              ._properDistanceShort = 2 (obscured)
              ._properDistanceMile = 6 (obscured)
              ._properDistanceMiddle = 7 (obscured)
              ._properDistanceLong = 7 (obscured)
              ._properRunningStyleNige = 1 (obscured)
              ._properRunningStyleSenko = 7 (obscured)
              ._properRunningStyleSashi = 7 (obscured)
              ._properRunningStyleOikomi = 5 (obscured)
              .<SuccessionCount>k__BackingField = 5330 (obscured)
              .<FactorDataArray>k__BackingField = <? len=21>
                [0] <Gallop.WorkTrainedCharaData.TrainedCharaData.SuccessionCharaData.FactorData>
                [1] <Gallop.WorkTrainedCharaData.TrainedCharaData.SuccessionCharaData.FactorData>
                [2] <Gallop.WorkTrainedCharaData.TrainedCharaData.SuccessionCharaData.FactorData>
                [3] <Gallop.WorkTrainedCharaData.TrainedCharaData.SuccessionCharaData.FactorData>
                [4] <Gallop.WorkTrainedCharaData.TrainedCharaData.SuccessionCharaData.FactorData>
                [5] <Gallop.WorkTrainedCharaData.TrainedCharaData.SuccessionCharaData.FactorData>
                [6] <Gallop.WorkTrainedCharaData.TrainedCharaData.SuccessionCharaData.FactorData>
                [7] <Gallop.WorkTrainedCharaData.TrainedCharaData.SuccessionCharaData.FactorData>
                [8] <Gallop.WorkTrainedCharaData.TrainedCharaData.SuccessionCharaData.FactorData>
                [9] <Gallop.WorkTrainedCharaData.TrainedCharaData.SuccessionCharaData.FactorData>
              .<CreateTime>k__BackingField = 0 (obscured)
              .<ScenarioId>k__BackingField = 4 (obscured)
              .<TalentLevel>k__BackingField = 5 (obscured)
              .<CharaGrade>k__BackingField = 10 (obscured)
              .<Rarity>k__BackingField = 4 (obscured)
              .<IsLock>k__BackingField = 213 (obscured)
              ._favoriteData = <?>
              ._cachedCreateTimeTimeStamp = 0 (obscured)
              ._sortedFactorList = <System.Collections.Generic.List<Gallop.MasterSuccessionFactor.SuccessionFactor>>
              ._sortedFactorProfileCardList = <?>
              ._factorListIncludingSuccession = <?>
              .<SuccessionCharaList>k__BackingField = <System.Collections.Generic.List<Gallop.WorkTrainedCharaData.TrainedCharaData.SuccessionCharaData>>
              .IsSuccessionHistoryInitialized = false
              .<SuccessionHistoryList>k__BackingField = <System.Collections.Generic.List<Gallop.SuccessionHistory>>
              .<AcquiredSkillArray>k__BackingField = <? len=21>
                [0] <Gallop.WorkSkillData.AcquiredSkill>
                [1] <Gallop.WorkSkillData.AcquiredSkill>
                [2] <Gallop.WorkSkillData.AcquiredSkill>
                [3] <Gallop.WorkSkillData.AcquiredSkill>
                [4] <Gallop.WorkSkillData.AcquiredSkill>
                [5] <Gallop.WorkSkillData.AcquiredSkill>
                [6] <Gallop.WorkSkillData.AcquiredSkill>
                [7] <Gallop.WorkSkillData.AcquiredSkill>
                [8] <Gallop.WorkSkillData.AcquiredSkill>
                [9] <Gallop.WorkSkillData.AcquiredSkill>
              .<SupportCardArray>k__BackingField = <? len=6>
                [0] <Gallop.WorkTrainedCharaData.SupportCardData>
                [1] <Gallop.WorkTrainedCharaData.SupportCardData>
                [2] <Gallop.WorkTrainedCharaData.SupportCardData>
                [3] <Gallop.WorkTrainedCharaData.SupportCardData>
                [4] <Gallop.WorkTrainedCharaData.SupportCardData>
                [5] <Gallop.WorkTrainedCharaData.SupportCardData>
              .<SingleModeRaceResultArray>k__BackingField = <? len=43>
                [0] <Gallop.SingleModeUtils.RaceHistoryInfo>
                [1] <Gallop.SingleModeUtils.RaceHistoryInfo>
                [2] <Gallop.SingleModeUtils.RaceHistoryInfo>
                [3] <Gallop.SingleModeUtils.RaceHistoryInfo>
                [4] <Gallop.SingleModeUtils.RaceHistoryInfo>
                [5] <Gallop.SingleModeUtils.RaceHistoryInfo>
                [6] <Gallop.SingleModeUtils.RaceHistoryInfo>
                [7] <Gallop.SingleModeUtils.RaceHistoryInfo>
                [8] <Gallop.SingleModeUtils.RaceHistoryInfo>
                [9] <Gallop.SingleModeUtils.RaceHistoryInfo>
              ._winSaddleArray = <? len=44>
                [0] <Gallop.MasterSingleModeWinsSaddle.SingleModeWinsSaddle>
                [1] <Gallop.MasterSingleModeWinsSaddle.SingleModeWinsSaddle>
                [2] <Gallop.MasterSingleModeWinsSaddle.SingleModeWinsSaddle>
                [3] <Gallop.MasterSingleModeWinsSaddle.SingleModeWinsSaddle>
                [4] <Gallop.MasterSingleModeWinsSaddle.SingleModeWinsSaddle>
                [5] <Gallop.MasterSingleModeWinsSaddle.SingleModeWinsSaddle>
                [6] <Gallop.MasterSingleModeWinsSaddle.SingleModeWinsSaddle>
                [7] <Gallop.MasterSingleModeWinsSaddle.SingleModeWinsSaddle>
                [8] <Gallop.MasterSingleModeWinsSaddle.SingleModeWinsSaddle>
                [9] <Gallop.MasterSingleModeWinsSaddle.SingleModeWinsSaddle>
              ._winSaddleIdArray = <? len=44>
                [0] 2 (obscured)
                [1] 3 (obscured)
                [2] 4 (obscured)
                [3] 5 (obscured)
                [4] 6 (obscured)
                [5] 7 (obscured)
                [6] 9 (obscured)
                [7] 10 (obscured)
                [8] 11 (obscured)
                [9] 13 (obscured)
              ._cacheCharaId = 1016 (obscured)
              ._masterCardData = <Gallop.MasterCardData.CardData>
              ._masterCharaData = <?>
              ._masterCardRarityData = <?>
              .<SingleTotalRaceNum>k__BackingField = 43
              ._singleWinNum = -1 (obscured)
              .<TrainedCharaDataAccessor>k__BackingField = <Gallop.PlayerTrainedCharaDataAccessor>
          [9] <Gallop.WorkTrainedCharaData.TrainedCharaData>
              ._id = 332 (obscured)
              ._isSaved = 213 (obscured)
              ._viewerId = <redacted>
              ._ownerViewerId = <redacted>
              ._ownerTrainedCharaId = 0 (obscured)
              ._useType = <?>
              ._cardId = 102602 (obscured)
              ._nickNameId = 180 (obscured)
              ._nickNameIdArray = <? len=64>
                [0] 2 (obscured)
                [1] 7 (obscured)
                [2] 8 (obscured)
                [3] 10 (obscured)
                [4] 20 (obscured)
                [5] 21 (obscured)
                [6] 24 (obscured)
                [7] 26 (obscured)
                [8] 28 (obscured)
                [9] 29 (obscured)
              ._stamina = 858 (obscured)
              ._speed = 1200 (obscured)
              ._power = 822 (obscured)
              ._guts = 628 (obscured)
              ._wiz = 616 (obscured)
              ._fans = 711121 (obscured)
              ._rank = 15 (obscured)
              ._rankScore = 15347 (obscured)
              ._runningStyle = 1 (obscured)
              ._properGroundTurf = 8 (obscured)
              ._properGroundDirt = 1 (obscured)
              ._properDistanceShort = 5 (obscured)
              ._properDistanceMile = 7 (obscured)
              ._properDistanceMiddle = 7 (obscured)
              ._properDistanceLong = 7 (obscured)
              ._properRunningStyleNige = 7 (obscured)
              ._properRunningStyleSenko = 3 (obscured)
              ._properRunningStyleSashi = 1 (obscured)
              ._properRunningStyleOikomi = 1 (obscured)
              .<SuccessionCount>k__BackingField = 2 (obscured)
              .<FactorDataArray>k__BackingField = <? len=14>
                [0] <Gallop.WorkTrainedCharaData.TrainedCharaData.SuccessionCharaData.FactorData>
                [1] <Gallop.WorkTrainedCharaData.TrainedCharaData.SuccessionCharaData.FactorData>
                [2] <Gallop.WorkTrainedCharaData.TrainedCharaData.SuccessionCharaData.FactorData>
                [3] <Gallop.WorkTrainedCharaData.TrainedCharaData.SuccessionCharaData.FactorData>
                [4] <Gallop.WorkTrainedCharaData.TrainedCharaData.SuccessionCharaData.FactorData>
                [5] <Gallop.WorkTrainedCharaData.TrainedCharaData.SuccessionCharaData.FactorData>
                [6] <Gallop.WorkTrainedCharaData.TrainedCharaData.SuccessionCharaData.FactorData>
                [7] <Gallop.WorkTrainedCharaData.TrainedCharaData.SuccessionCharaData.FactorData>
                [8] <Gallop.WorkTrainedCharaData.TrainedCharaData.SuccessionCharaData.FactorData>
                [9] <Gallop.WorkTrainedCharaData.TrainedCharaData.SuccessionCharaData.FactorData>
              .<CreateTime>k__BackingField = 0 (obscured)
              .<ScenarioId>k__BackingField = 4 (obscured)
              .<TalentLevel>k__BackingField = 5 (obscured)
              .<CharaGrade>k__BackingField = 10 (obscured)
              .<Rarity>k__BackingField = 5 (obscured)
              .<IsLock>k__BackingField = 181 (obscured)
              ._favoriteData = <Gallop.WorkTrainedCharaData.FavoriteData>
              ._cachedCreateTimeTimeStamp = 0 (obscured)
              ._sortedFactorList = <System.Collections.Generic.List<Gallop.MasterSuccessionFactor.SuccessionFactor>>
              ._sortedFactorProfileCardList = <?>
              ._factorListIncludingSuccession = <?>
              .<SuccessionCharaList>k__BackingField = <System.Collections.Generic.List<Gallop.WorkTrainedCharaData.TrainedCharaData.SuccessionCharaData>>
              .IsSuccessionHistoryInitialized = false
              .<SuccessionHistoryList>k__BackingField = <System.Collections.Generic.List<Gallop.SuccessionHistory>>
              .<AcquiredSkillArray>k__BackingField = <? len=14>
                [0] <Gallop.WorkSkillData.AcquiredSkill>
                [1] <Gallop.WorkSkillData.AcquiredSkill>
                [2] <Gallop.WorkSkillData.AcquiredSkill>
                [3] <Gallop.WorkSkillData.AcquiredSkill>
                [4] <Gallop.WorkSkillData.AcquiredSkill>
                [5] <Gallop.WorkSkillData.AcquiredSkill>
                [6] <Gallop.WorkSkillData.AcquiredSkill>
                [7] <Gallop.WorkSkillData.AcquiredSkill>
                [8] <Gallop.WorkSkillData.AcquiredSkill>
                [9] <Gallop.WorkSkillData.AcquiredSkill>
              .<SupportCardArray>k__BackingField = <? len=6>
                [0] <Gallop.WorkTrainedCharaData.SupportCardData>
                [1] <Gallop.WorkTrainedCharaData.SupportCardData>
                [2] <Gallop.WorkTrainedCharaData.SupportCardData>
                [3] <Gallop.WorkTrainedCharaData.SupportCardData>
                [4] <Gallop.WorkTrainedCharaData.SupportCardData>
                [5] <Gallop.WorkTrainedCharaData.SupportCardData>
              .<SingleModeRaceResultArray>k__BackingField = <? len=33>
                [0] <Gallop.SingleModeUtils.RaceHistoryInfo>
                [1] <Gallop.SingleModeUtils.RaceHistoryInfo>
                [2] <Gallop.SingleModeUtils.RaceHistoryInfo>
                [3] <Gallop.SingleModeUtils.RaceHistoryInfo>
                [4] <Gallop.SingleModeUtils.RaceHistoryInfo>
                [5] <Gallop.SingleModeUtils.RaceHistoryInfo>
                [6] <Gallop.SingleModeUtils.RaceHistoryInfo>
                [7] <Gallop.SingleModeUtils.RaceHistoryInfo>
                [8] <Gallop.SingleModeUtils.RaceHistoryInfo>
                [9] <Gallop.SingleModeUtils.RaceHistoryInfo>
              ._winSaddleArray = <? len=30>
                [0] <Gallop.MasterSingleModeWinsSaddle.SingleModeWinsSaddle>
                [1] <Gallop.MasterSingleModeWinsSaddle.SingleModeWinsSaddle>
                [2] <Gallop.MasterSingleModeWinsSaddle.SingleModeWinsSaddle>
                [3] <Gallop.MasterSingleModeWinsSaddle.SingleModeWinsSaddle>
                [4] <Gallop.MasterSingleModeWinsSaddle.SingleModeWinsSaddle>
                [5] <Gallop.MasterSingleModeWinsSaddle.SingleModeWinsSaddle>
                [6] <Gallop.MasterSingleModeWinsSaddle.SingleModeWinsSaddle>
                [7] <Gallop.MasterSingleModeWinsSaddle.SingleModeWinsSaddle>
                [8] <Gallop.MasterSingleModeWinsSaddle.SingleModeWinsSaddle>
                [9] <Gallop.MasterSingleModeWinsSaddle.SingleModeWinsSaddle>
              ._winSaddleIdArray = <? len=30>
                [0] 1 (obscured)
                [1] 2 (obscured)
                [2] 4 (obscured)
                [3] 5 (obscured)
                [4] 6 (obscured)
                [5] 7 (obscured)
                [6] 10 (obscured)
                [7] 11 (obscured)
                [8] 12 (obscured)
                [9] 13 (obscured)
              ._cacheCharaId = 1026 (obscured)
              ._masterCardData = <Gallop.MasterCardData.CardData>
              ._masterCharaData = <?>
              ._masterCardRarityData = <?>
              .<SingleTotalRaceNum>k__BackingField = 33
              ._singleWinNum = -1 (obscured)
              .<TrainedCharaDataAccessor>k__BackingField = <Gallop.PlayerTrainedCharaDataAccessor>
        ._singleModeStartSuccessionUserInfoManager = <Gallop.SingleModeStartSuccessionUserInfoManager>
          ._managedInfoDic = <System.Collections.Generic.Dictionary<System.Int64,System.ValueTuple<Gallop.UserInfoAtFriend,System.Collections.Generic.HashSet<Gallop.SingleModeStartSuccessionUserInfoManager.UserInfoManageHash>>> count=69>
            {710803400157} <?>
            {753904287643} <?>
            {549355546816} <?>
            {509636483455} <?>
            {577550907801} <?>
            {822851740084} <?>
            {642954802009} <?>
            {400866763992} <?>
            {648138823609} <?>
            {341276444979} <?>
        .SuccessionTrainedChara_First = <Gallop.WorkTrainedCharaData.TrainedCharaData>
          ._id = 3010 (obscured)
          ._isSaved = 213 (obscured)
          ._viewerId = <redacted>
          ._ownerViewerId = <redacted>
          ._ownerTrainedCharaId = 0 (obscured)
          ._useType = <?>
          ._cardId = 102701 (obscured)
          ._nickNameId = 394 (obscured)
          ._nickNameIdArray = <? len=1>
            [0] 394 (obscured)
          ._stamina = 904 (obscured)
          ._speed = 990 (obscured)
          ._power = 759 (obscured)
          ._guts = 542 (obscured)
          ._wiz = 726 (obscured)
          ._fans = 788944 (obscured)
          ._rank = 15 (obscured)
          ._rankScore = 15622 (obscured)
          ._runningStyle = 3 (obscured)
          ._properGroundTurf = 7 (obscured)
          ._properGroundDirt = 1 (obscured)
          ._properDistanceShort = 3 (obscured)
          ._properDistanceMile = 5 (obscured)
          ._properDistanceMiddle = 7 (obscured)
          ._properDistanceLong = 7 (obscured)
          ._properRunningStyleNige = 2 (obscured)
          ._properRunningStyleSenko = 7 (obscured)
          ._properRunningStyleSashi = 7 (obscured)
          ._properRunningStyleOikomi = 3 (obscured)
          .<SuccessionCount>k__BackingField = 0 (obscured)
          .<FactorDataArray>k__BackingField = <? len=15>
            [0] <Gallop.WorkTrainedCharaData.TrainedCharaData.SuccessionCharaData.FactorData>
            [1] <Gallop.WorkTrainedCharaData.TrainedCharaData.SuccessionCharaData.FactorData>
            [2] <Gallop.WorkTrainedCharaData.TrainedCharaData.SuccessionCharaData.FactorData>
            [3] <Gallop.WorkTrainedCharaData.TrainedCharaData.SuccessionCharaData.FactorData>
            [4] <Gallop.WorkTrainedCharaData.TrainedCharaData.SuccessionCharaData.FactorData>
            [5] <Gallop.WorkTrainedCharaData.TrainedCharaData.SuccessionCharaData.FactorData>
            [6] <Gallop.WorkTrainedCharaData.TrainedCharaData.SuccessionCharaData.FactorData>
            [7] <Gallop.WorkTrainedCharaData.TrainedCharaData.SuccessionCharaData.FactorData>
            [8] <Gallop.WorkTrainedCharaData.TrainedCharaData.SuccessionCharaData.FactorData>
            [9] <Gallop.WorkTrainedCharaData.TrainedCharaData.SuccessionCharaData.FactorData>
          .<CreateTime>k__BackingField = 0 (obscured)
          .<ScenarioId>k__BackingField = 2 (obscured)
          .<TalentLevel>k__BackingField = 5 (obscured)
          .<CharaGrade>k__BackingField = 10 (obscured)
          .<Rarity>k__BackingField = 4 (obscured)
          .<IsLock>k__BackingField = 181 (obscured)
          ._favoriteData = <Gallop.WorkTrainedCharaData.FavoriteData>
            .TrainedCharaId = 3010
            .Type = <?>
            .Memo = ""
          ._cachedCreateTimeTimeStamp = 0 (obscured)
          ._sortedFactorList = <System.Collections.Generic.List<Gallop.MasterSuccessionFactor.SuccessionFactor> count=16>
            [0] <Gallop.MasterSuccessionFactor.SuccessionFactor>
            [1] <Gallop.MasterSuccessionFactor.SuccessionFactor>
            [2] <Gallop.MasterSuccessionFactor.SuccessionFactor>
            [3] <?>
            [4] <Gallop.MasterSuccessionFactor.SuccessionFactor>
            [5] <Gallop.MasterSuccessionFactor.SuccessionFactor>
            [6] <Gallop.MasterSuccessionFactor.SuccessionFactor>
            [7] <Gallop.MasterSuccessionFactor.SuccessionFactor>
            [8] <Gallop.MasterSuccessionFactor.SuccessionFactor>
            [9] <Gallop.MasterSuccessionFactor.SuccessionFactor>
          ._sortedFactorProfileCardList = <?>
          ._factorListIncludingSuccession = <?>
          .<SuccessionCharaList>k__BackingField = <System.Collections.Generic.List<Gallop.WorkTrainedCharaData.TrainedCharaData.SuccessionCharaData> count=6>
            [0] <Gallop.WorkTrainedCharaData.TrainedCharaData.SuccessionCharaData>
            [1] <Gallop.WorkTrainedCharaData.TrainedCharaData.SuccessionCharaData>
            [2] <Gallop.WorkTrainedCharaData.TrainedCharaData.SuccessionCharaData>
            [3] <Gallop.WorkTrainedCharaData.TrainedCharaData.SuccessionCharaData>
            [4] <Gallop.WorkTrainedCharaData.TrainedCharaData.SuccessionCharaData>
            [5] <Gallop.WorkTrainedCharaData.TrainedCharaData.SuccessionCharaData>
          .IsSuccessionHistoryInitialized = false
          .<SuccessionHistoryList>k__BackingField = <System.Collections.Generic.List<Gallop.SuccessionHistory> count=0>
          .<AcquiredSkillArray>k__BackingField = <? len=19>
            [0] <Gallop.WorkSkillData.AcquiredSkill>
            [1] <Gallop.WorkSkillData.AcquiredSkill>
            [2] <Gallop.WorkSkillData.AcquiredSkill>
            [3] <Gallop.WorkSkillData.AcquiredSkill>
            [4] <Gallop.WorkSkillData.AcquiredSkill>
            [5] <Gallop.WorkSkillData.AcquiredSkill>
            [6] <Gallop.WorkSkillData.AcquiredSkill>
            [7] <Gallop.WorkSkillData.AcquiredSkill>
            [8] <Gallop.WorkSkillData.AcquiredSkill>
            [9] <Gallop.WorkSkillData.AcquiredSkill>
          .<SupportCardArray>k__BackingField = <? len=6>
            [0] <Gallop.WorkTrainedCharaData.SupportCardData>
            [1] <Gallop.WorkTrainedCharaData.SupportCardData>
            [2] <Gallop.WorkTrainedCharaData.SupportCardData>
            [3] <Gallop.WorkTrainedCharaData.SupportCardData>
            [4] <Gallop.WorkTrainedCharaData.SupportCardData>
            [5] <Gallop.WorkTrainedCharaData.SupportCardData>
          .<SingleModeRaceResultArray>k__BackingField = <? len=31>
            [0] <Gallop.SingleModeUtils.RaceHistoryInfo>
            [1] <Gallop.SingleModeUtils.RaceHistoryInfo>
            [2] <Gallop.SingleModeUtils.RaceHistoryInfo>
            [3] <Gallop.SingleModeUtils.RaceHistoryInfo>
            [4] <Gallop.SingleModeUtils.RaceHistoryInfo>
            [5] <Gallop.SingleModeUtils.RaceHistoryInfo>
            [6] <Gallop.SingleModeUtils.RaceHistoryInfo>
            [7] <Gallop.SingleModeUtils.RaceHistoryInfo>
            [8] <Gallop.SingleModeUtils.RaceHistoryInfo>
            [9] <Gallop.SingleModeUtils.RaceHistoryInfo>
          ._winSaddleArray = <? len=25>
            [0] <Gallop.MasterSingleModeWinsSaddle.SingleModeWinsSaddle>
            [1] <Gallop.MasterSingleModeWinsSaddle.SingleModeWinsSaddle>
            [2] <Gallop.MasterSingleModeWinsSaddle.SingleModeWinsSaddle>
            [3] <Gallop.MasterSingleModeWinsSaddle.SingleModeWinsSaddle>
            [4] <Gallop.MasterSingleModeWinsSaddle.SingleModeWinsSaddle>
            [5] <Gallop.MasterSingleModeWinsSaddle.SingleModeWinsSaddle>
            [6] <Gallop.MasterSingleModeWinsSaddle.SingleModeWinsSaddle>
            [7] <Gallop.MasterSingleModeWinsSaddle.SingleModeWinsSaddle>
            [8] <Gallop.MasterSingleModeWinsSaddle.SingleModeWinsSaddle>
            [9] <Gallop.MasterSingleModeWinsSaddle.SingleModeWinsSaddle>
          ._winSaddleIdArray = <? len=25>
            [0] 1 (obscured)
            [1] 2 (obscured)
            [2] 4 (obscured)
            [3] 5 (obscured)
            [4] 6 (obscured)
            [5] 10 (obscured)
            [6] 11 (obscured)
            [7] 12 (obscured)
            [8] 13 (obscured)
            [9] 14 (obscured)
          ._cacheCharaId = 1027 (obscured)
          ._masterCardData = <Gallop.MasterCardData.CardData>
            .Id = 102701
            .CharaId = 1027
            .DefaultRarity = 1
            .LimitedChara = 0
            .AvailableSkillSetId = 102701
            .TalentSpeed = 0
            .TalentStamina = 0
            .TalentPow = 20
            .TalentGuts = 0
            .TalentWiz = 10
            .TalentGroupId = 102701
            .BgId = 53
            .GetPieceId = 102701
            .RunningStyle = 3
          ._masterCharaData = <?>
          ._masterCardRarityData = <Gallop.MasterCardRarityData.CardRarityData>
            .Id = 10270104
            .CardId = 102701
            .Rarity = 4
            .RaceDressId = 102701
            .SkillSet = 10270104
            .Speed = 109
            .Stamina = 83
            .Pow = 118
            .Guts = 89
            .Wiz = 101
            .MaxSpeed = 1200
            .MaxStamina = 1200
            .MaxPow = 1200
            .MaxGuts = 1200
            .MaxWiz = 1200
            .ProperDistanceShort = 3
            .ProperDistanceMile = 5
            .ProperDistanceMiddle = 7
            .ProperDistanceLong = 6
            .ProperRunningStyleNige = 2
            .ProperRunningStyleSenko = 7
            .ProperRunningStyleSashi = 7
            .ProperRunningStyleOikomi = 2
            .ProperGroundTurf = 7
            .ProperGroundDirt = 1
            .GetDressId1 = 101
            .GetDressId2 = 102701
            ._charaId = 1027
          .<SingleTotalRaceNum>k__BackingField = 31
          ._singleWinNum = 31 (obscured)
          .<TrainedCharaDataAccessor>k__BackingField = <Gallop.PlayerTrainedCharaDataAccessor>
        .SuccessionTrainedChara_Second = <Gallop.WorkTrainedCharaData.TrainedCharaData>
          ._id = 4168 (obscured)
          ._isSaved = 213 (obscured)
          ._viewerId = <redacted>
          ._ownerViewerId = <redacted>
          ._ownerTrainedCharaId = 0 (obscured)
          ._useType = <?>
          ._cardId = 105901 (obscured)
          ._nickNameId = 394 (obscured)
          ._nickNameIdArray = <? len=1>
            [0] 394 (obscured)
          ._stamina = 766 (obscured)
          ._speed = 963 (obscured)
          ._power = 795 (obscured)
          ._guts = 598 (obscured)
          ._wiz = 885 (obscured)
          ._fans = 733737 (obscured)
          ._rank = 15 (obscured)
          ._rankScore = 15357 (obscured)
          ._runningStyle = 3 (obscured)
          ._properGroundTurf = 7 (obscured)
          ._properGroundDirt = 1 (obscured)
          ._properDistanceShort = 3 (obscured)
          ._properDistanceMile = 7 (obscured)
          ._properDistanceMiddle = 7 (obscured)
          ._properDistanceLong = 3 (obscured)
          ._properRunningStyleNige = 5 (obscured)
          ._properRunningStyleSenko = 6 (obscured)
          ._properRunningStyleSashi = 7 (obscured)
          ._properRunningStyleOikomi = 3 (obscured)
          .<SuccessionCount>k__BackingField = 2089 (obscured)
          .<FactorDataArray>k__BackingField = <? len=18>
            [0] <Gallop.WorkTrainedCharaData.TrainedCharaData.SuccessionCharaData.FactorData>
            [1] <Gallop.WorkTrainedCharaData.TrainedCharaData.SuccessionCharaData.FactorData>
            [2] <Gallop.WorkTrainedCharaData.TrainedCharaData.SuccessionCharaData.FactorData>
            [3] <Gallop.WorkTrainedCharaData.TrainedCharaData.SuccessionCharaData.FactorData>
            [4] <Gallop.WorkTrainedCharaData.TrainedCharaData.SuccessionCharaData.FactorData>
            [5] <Gallop.WorkTrainedCharaData.TrainedCharaData.SuccessionCharaData.FactorData>
            [6] <Gallop.WorkTrainedCharaData.TrainedCharaData.SuccessionCharaData.FactorData>
            [7] <Gallop.WorkTrainedCharaData.TrainedCharaData.SuccessionCharaData.FactorData>
            [8] <Gallop.WorkTrainedCharaData.TrainedCharaData.SuccessionCharaData.FactorData>
            [9] <Gallop.WorkTrainedCharaData.TrainedCharaData.SuccessionCharaData.FactorData>
          .<CreateTime>k__BackingField = 0 (obscured)
          .<ScenarioId>k__BackingField = 3 (obscured)
          .<TalentLevel>k__BackingField = 5 (obscured)
          .<CharaGrade>k__BackingField = 10 (obscured)
          .<Rarity>k__BackingField = 3 (obscured)
          .<IsLock>k__BackingField = 213 (obscured)
          ._favoriteData = <Gallop.WorkTrainedCharaData.FavoriteData>
            .TrainedCharaId = 4168
            .Type = <?>
            .Memo = ""
          ._cachedCreateTimeTimeStamp = 0 (obscured)
          ._sortedFactorList = <System.Collections.Generic.List<Gallop.MasterSuccessionFactor.SuccessionFactor> count=19>
            [0] <Gallop.MasterSuccessionFactor.SuccessionFactor>
            [1] <Gallop.MasterSuccessionFactor.SuccessionFactor>
            [2] <Gallop.MasterSuccessionFactor.SuccessionFactor>
            [3] <?>
            [4] <Gallop.MasterSuccessionFactor.SuccessionFactor>
            [5] <Gallop.MasterSuccessionFactor.SuccessionFactor>
            [6] <Gallop.MasterSuccessionFactor.SuccessionFactor>
            [7] <Gallop.MasterSuccessionFactor.SuccessionFactor>
            [8] <Gallop.MasterSuccessionFactor.SuccessionFactor>
            [9] <Gallop.MasterSuccessionFactor.SuccessionFactor>
          ._sortedFactorProfileCardList = <?>
          ._factorListIncludingSuccession = <?>
          .<SuccessionCharaList>k__BackingField = <System.Collections.Generic.List<Gallop.WorkTrainedCharaData.TrainedCharaData.SuccessionCharaData> count=6>
            [0] <Gallop.WorkTrainedCharaData.TrainedCharaData.SuccessionCharaData>
            [1] <Gallop.WorkTrainedCharaData.TrainedCharaData.SuccessionCharaData>
            [2] <Gallop.WorkTrainedCharaData.TrainedCharaData.SuccessionCharaData>
            [3] <Gallop.WorkTrainedCharaData.TrainedCharaData.SuccessionCharaData>
            [4] <Gallop.WorkTrainedCharaData.TrainedCharaData.SuccessionCharaData>
            [5] <Gallop.WorkTrainedCharaData.TrainedCharaData.SuccessionCharaData>
          .IsSuccessionHistoryInitialized = false
          .<SuccessionHistoryList>k__BackingField = <System.Collections.Generic.List<Gallop.SuccessionHistory> count=0>
          .<AcquiredSkillArray>k__BackingField = <? len=21>
            [0] <Gallop.WorkSkillData.AcquiredSkill>
            [1] <Gallop.WorkSkillData.AcquiredSkill>
            [2] <Gallop.WorkSkillData.AcquiredSkill>
            [3] <Gallop.WorkSkillData.AcquiredSkill>
            [4] <Gallop.WorkSkillData.AcquiredSkill>
            [5] <Gallop.WorkSkillData.AcquiredSkill>
            [6] <Gallop.WorkSkillData.AcquiredSkill>
            [7] <Gallop.WorkSkillData.AcquiredSkill>
            [8] <Gallop.WorkSkillData.AcquiredSkill>
            [9] <Gallop.WorkSkillData.AcquiredSkill>
          .<SupportCardArray>k__BackingField = <? len=6>
            [0] <Gallop.WorkTrainedCharaData.SupportCardData>
            [1] <Gallop.WorkTrainedCharaData.SupportCardData>
            [2] <Gallop.WorkTrainedCharaData.SupportCardData>
            [3] <Gallop.WorkTrainedCharaData.SupportCardData>
            [4] <Gallop.WorkTrainedCharaData.SupportCardData>
            [5] <Gallop.WorkTrainedCharaData.SupportCardData>
          .<SingleModeRaceResultArray>k__BackingField = <? len=32>
            [0] <Gallop.SingleModeUtils.RaceHistoryInfo>
            [1] <Gallop.SingleModeUtils.RaceHistoryInfo>
            [2] <Gallop.SingleModeUtils.RaceHistoryInfo>
            [3] <Gallop.SingleModeUtils.RaceHistoryInfo>
            [4] <Gallop.SingleModeUtils.RaceHistoryInfo>
            [5] <Gallop.SingleModeUtils.RaceHistoryInfo>
            [6] <Gallop.SingleModeUtils.RaceHistoryInfo>
            [7] <Gallop.SingleModeUtils.RaceHistoryInfo>
            [8] <Gallop.SingleModeUtils.RaceHistoryInfo>
            [9] <Gallop.SingleModeUtils.RaceHistoryInfo>
          ._winSaddleArray = <? len=28>
            [0] <Gallop.MasterSingleModeWinsSaddle.SingleModeWinsSaddle>
            [1] <Gallop.MasterSingleModeWinsSaddle.SingleModeWinsSaddle>
            [2] <Gallop.MasterSingleModeWinsSaddle.SingleModeWinsSaddle>
            [3] <Gallop.MasterSingleModeWinsSaddle.SingleModeWinsSaddle>
            [4] <Gallop.MasterSingleModeWinsSaddle.SingleModeWinsSaddle>
            [5] <Gallop.MasterSingleModeWinsSaddle.SingleModeWinsSaddle>
            [6] <Gallop.MasterSingleModeWinsSaddle.SingleModeWinsSaddle>
            [7] <Gallop.MasterSingleModeWinsSaddle.SingleModeWinsSaddle>
            [8] <Gallop.MasterSingleModeWinsSaddle.SingleModeWinsSaddle>
            [9] <Gallop.MasterSingleModeWinsSaddle.SingleModeWinsSaddle>
          ._winSaddleIdArray = <? len=28>
            [0] 2 (obscured)
            [1] 3 (obscured)
            [2] 4 (obscured)
            [3] 5 (obscured)
            [4] 6 (obscured)
            [5] 10 (obscured)
            [6] 11 (obscured)
            [7] 13 (obscured)
            [8] 14 (obscured)
            [9] 15 (obscured)
          ._cacheCharaId = 1059 (obscured)
          ._masterCardData = <Gallop.MasterCardData.CardData>
            .Id = 105901
            .CharaId = 1059
            .DefaultRarity = 3
            .LimitedChara = 0
            .AvailableSkillSetId = 105901
            .TalentSpeed = 10
            .TalentStamina = 0
            .TalentPow = 0
            .TalentGuts = 0
            .TalentWiz = 20
            .TalentGroupId = 105901
            .BgId = 55
            .GetPieceId = 105901
            .RunningStyle = 3
          ._masterCharaData = <?>
          ._masterCardRarityData = <Gallop.MasterCardRarityData.CardRarityData>
            .Id = 10590103
            .CardId = 105901
            .Rarity = 3
            .RaceDressId = 105901
            .SkillSet = 10590103
            .Speed = 96
            .Stamina = 85
            .Pow = 97
            .Guts = 75
            .Wiz = 97
            .MaxSpeed = 1200
            .MaxStamina = 1200
            .MaxPow = 1200
            .MaxGuts = 1200
            .MaxWiz = 1200
            .ProperDistanceShort = 3
            .ProperDistanceMile = 7
            .ProperDistanceMiddle = 7
            .ProperDistanceLong = 2
            .ProperRunningStyleNige = 5
            .ProperRunningStyleSenko = 6
            .ProperRunningStyleSashi = 7
            .ProperRunningStyleOikomi = 1
            .ProperGroundTurf = 7
            .ProperGroundDirt = 1
            .GetDressId1 = 101
            .GetDressId2 = 105901
            ._charaId = 1059
          .<SingleTotalRaceNum>k__BackingField = 32
          ._singleWinNum = 32 (obscured)
          .<TrainedCharaDataAccessor>k__BackingField = <Gallop.PlayerTrainedCharaDataAccessor>
        .<ScenarioId>k__BackingField = 1
        .<UseEventRental>k__BackingField = <?>
        .<UseTp>k__BackingField = 15
        .<UseTpWhenBoostMode>k__BackingField = 15
        .<EnableTpBoost>k__BackingField = false
        .<DifficultyId>k__BackingField = 0
        .<Difficulty>k__BackingField = 0
        ._paramDict = <System.Collections.Generic.Dictionary<Gallop.GameDefine.ParameterType,Gallop.PartsSingleModeMemberParamaters.ParamSet> count=5>
          {<?>} <Gallop.PartsSingleModeMemberParamaters.ParamSet>
              .<Value>k__BackingField = 0
              .<Addition>k__BackingField = 0
          {<?>} <Gallop.PartsSingleModeMemberParamaters.ParamSet>
              .<Value>k__BackingField = 0
              .<Addition>k__BackingField = 0
          {<?>} <Gallop.PartsSingleModeMemberParamaters.ParamSet>
              .<Value>k__BackingField = 0
              .<Addition>k__BackingField = 0
          {<?>} <Gallop.PartsSingleModeMemberParamaters.ParamSet>
              .<Value>k__BackingField = 0
              .<Addition>k__BackingField = 0
          {<?>} <Gallop.PartsSingleModeMemberParamaters.ParamSet>
              .<Value>k__BackingField = 0
              .<Addition>k__BackingField = 0
          {<?>} <?>
          {<?>} <?>
        ._cardDressIdSet = <Gallop.CardDressIdSet>
          ._cardId = 101102
          ._dressId = 101116
        .<EnableEventType>k__BackingField = <?>
        .FriendCardInfoList = <System.Collections.Generic.List<Gallop.SingleModeStartViewController.EntryInfo.FriendCardInfo> count=79>
          [0] <Gallop.SingleModeStartViewController.EntryInfo.FriendCardInfo>
              .ViewerId = <redacted>
              .UserName = <redacted>
              .SupportCardId = 30001
              .SupportCardLevel = 30
              .LimitBreakCount = 0
              ._skillTriggerTagArray = <read err: access violation accessing 0x18>
              .FriendState = <?>
              .LastLoginTime = <redacted>
          [1] <Gallop.SingleModeStartViewController.EntryInfo.FriendCardInfo>
              .ViewerId = <redacted>
              .UserName = <redacted>
              .SupportCardId = 30054
              .SupportCardLevel = 50
              .LimitBreakCount = 4
              ._skillTriggerTagArray = <read err: access violation accessing 0x18>
              .FriendState = <?>
              .LastLoginTime = <redacted>
          [2] <Gallop.SingleModeStartViewController.EntryInfo.FriendCardInfo>
              .ViewerId = <redacted>
              .UserName = <redacted>
              .SupportCardId = 20040
              .SupportCardLevel = 45
              .LimitBreakCount = 4
              ._skillTriggerTagArray = <read err: access violation accessing 0x18>
              .FriendState = <?>
              .LastLoginTime = <redacted>
          [3] <Gallop.SingleModeStartViewController.EntryInfo.FriendCardInfo>
              .ViewerId = <redacted>
              .UserName = <redacted>
              .SupportCardId = 30010
              .SupportCardLevel = 50
              .LimitBreakCount = 4
              ._skillTriggerTagArray = <read err: access violation accessing 0x18>
              .FriendState = <?>
              .LastLoginTime = <redacted>
          [4] <Gallop.SingleModeStartViewController.EntryInfo.FriendCardInfo>
              .ViewerId = <redacted>
              .UserName = <redacted>
              .SupportCardId = 30077
              .SupportCardLevel = 50
              .LimitBreakCount = 4
              ._skillTriggerTagArray = <read err: access violation accessing 0x18>
              .FriendState = <?>
              .LastLoginTime = <redacted>
          [5] <Gallop.SingleModeStartViewController.EntryInfo.FriendCardInfo>
              .ViewerId = <redacted>
              .UserName = <redacted>
              .SupportCardId = 30016
              .SupportCardLevel = 50
              .LimitBreakCount = 4
              ._skillTriggerTagArray = <read err: access violation accessing 0x18>
              .FriendState = <?>
              .LastLoginTime = <redacted>
          [6] <Gallop.SingleModeStartViewController.EntryInfo.FriendCardInfo>
              .ViewerId = <redacted>
              .UserName = <redacted>
              .SupportCardId = 30052
              .SupportCardLevel = 50
              .LimitBreakCount = 4
              ._skillTriggerTagArray = <read err: access violation accessing 0x18>
              .FriendState = <?>
              .LastLoginTime = <redacted>
          [7] <Gallop.SingleModeStartViewController.EntryInfo.FriendCardInfo>
              .ViewerId = <redacted>
              .UserName = <redacted>
              .SupportCardId = 30016
              .SupportCardLevel = 50
              .LimitBreakCount = 4
              ._skillTriggerTagArray = <read err: access violation accessing 0x18>
              .FriendState = <?>
              .LastLoginTime = <redacted>
          [8] <Gallop.SingleModeStartViewController.EntryInfo.FriendCardInfo>
              .ViewerId = <redacted>
              .UserName = <redacted>
              .SupportCardId = 30086
              .SupportCardLevel = 50
              .LimitBreakCount = 4
              ._skillTriggerTagArray = <read err: access violation accessing 0x18>
              .FriendState = <?>
              .LastLoginTime = <redacted>
          [9] <Gallop.SingleModeStartViewController.EntryInfo.FriendCardInfo>
              .ViewerId = <redacted>
              .UserName = <redacted>
              .SupportCardId = 30107
              .SupportCardLevel = 50
              .LimitBreakCount = 4
              ._skillTriggerTagArray = <read err: access violation accessing 0x18>
              .FriendState = <?>
              .LastLoginTime = <redacted>
        .SelectFriendCardInfo = <Gallop.SingleModeStartViewController.EntryInfo.FriendCardInfo>
          .ViewerId = <redacted>
          .UserName = <redacted>
          .SupportCardId = 30054
          .SupportCardLevel = 50
          .LimitBreakCount = 4
          ._skillTriggerTagArray = <read err: access violation accessing 0x18>
          .FriendState = <?>
          .LastLoginTime = <redacted>
        .RentalUserInfoArray = <? len=69>
          [0] <Gallop.UserInfoAtFriend>
              .viewer_id = <redacted>
              .name = <redacted>
              .honor_data = <Gallop.HonorData>
              .last_login_time = <redacted>
              .leader_chara_id = <redacted>
              .support_card_id = 30098
              .comment = <redacted>
              .fan = <?>
              .directory_level = 0
              .rank_score = <redacted>
              .team_stadium_win_count = <redacted>
              .single_mode_play_count = <redacted>
              .team_evaluation_point = 309712
              .best_team_evaluation_point = 0
              .friend_state = 1
              .circle_info = <Gallop.CircleInfoAtFriend>
              .circle_user = <Gallop.CircleUser>
              .user_support_card = <Gallop.UserSupportCardAtFriend>
              .leader_chara_dress_id = 106050
              .user_trained_chara = <Gallop.UserTrainedCharaAtFriend>
              .state = 0
          [1] <Gallop.UserInfoAtFriend>
              .viewer_id = <redacted>
              .name = <redacted>
              .honor_data = <Gallop.HonorData>
              .last_login_time = <redacted>
              .leader_chara_id = <redacted>
              .support_card_id = 30016
              .comment = <redacted>
              .fan = <?>
              .directory_level = 0
              .rank_score = <redacted>
              .team_stadium_win_count = <redacted>
              .single_mode_play_count = <redacted>
              .team_evaluation_point = 327443
              .best_team_evaluation_point = 0
              .friend_state = 1
              .circle_info = <Gallop.CircleInfoAtFriend>
              .circle_user = <Gallop.CircleUser>
              .user_support_card = <Gallop.UserSupportCardAtFriend>
              .leader_chara_dress_id = 106801
              .user_trained_chara = <Gallop.UserTrainedCharaAtFriend>
              .state = 0
          [2] <Gallop.UserInfoAtFriend>
              .viewer_id = <redacted>
              .name = <redacted>
              .honor_data = <Gallop.HonorData>
              .last_login_time = <redacted>
              .leader_chara_id = <redacted>
              .support_card_id = 30052
              .comment = <redacted>
              .fan = <?>
              .directory_level = 0
              .rank_score = <redacted>
              .team_stadium_win_count = <redacted>
              .single_mode_play_count = <redacted>
              .team_evaluation_point = 317009
              .best_team_evaluation_point = 0
              .friend_state = 1
              .circle_info = <Gallop.CircleInfoAtFriend>
              .circle_user = <Gallop.CircleUser>
              .user_support_card = <Gallop.UserSupportCardAtFriend>
              .leader_chara_dress_id = 102613
              .user_trained_chara = <Gallop.UserTrainedCharaAtFriend>
              .state = 0
          [3] <Gallop.UserInfoAtFriend>
              .viewer_id = <redacted>
              .name = <redacted>
              .honor_data = <Gallop.HonorData>
              .last_login_time = <redacted>
              .leader_chara_id = <redacted>
              .support_card_id = 30118
              .comment = <redacted>
              .fan = <?>
              .directory_level = 0
              .rank_score = <redacted>
              .team_stadium_win_count = <redacted>
              .single_mode_play_count = <redacted>
              .team_evaluation_point = 346655
              .best_team_evaluation_point = 0
              .friend_state = 1
              .circle_info = <Gallop.CircleInfoAtFriend>
              .circle_user = <Gallop.CircleUser>
              .user_support_card = <Gallop.UserSupportCardAtFriend>
              .leader_chara_dress_id = 110001
              .user_trained_chara = <Gallop.UserTrainedCharaAtFriend>
              .state = 0
          [4] <Gallop.UserInfoAtFriend>
              .viewer_id = <redacted>
              .name = <redacted>
              .honor_data = <Gallop.HonorData>
              .last_login_time = <redacted>
              .leader_chara_id = <redacted>
              .support_card_id = 30052
              .comment = <redacted>
              .fan = <?>
              .directory_level = 0
              .rank_score = <redacted>
              .team_stadium_win_count = <redacted>
              .single_mode_play_count = <redacted>
              .team_evaluation_point = 204090
              .best_team_evaluation_point = 0
              .friend_state = 1
              .circle_info = <?>
              .circle_user = <Gallop.CircleUser>
              .user_support_card = <Gallop.UserSupportCardAtFriend>
              .leader_chara_dress_id = 5
              .user_trained_chara = <Gallop.UserTrainedCharaAtFriend>
              .state = 0
          [5] <Gallop.UserInfoAtFriend>
              .viewer_id = <redacted>
              .name = <redacted>
              .honor_data = <Gallop.HonorData>
              .last_login_time = <redacted>
              .leader_chara_id = <redacted>
              .support_card_id = 30028
              .comment = <redacted>
              .fan = <?>
              .directory_level = 0
              .rank_score = <redacted>
              .team_stadium_win_count = <redacted>
              .single_mode_play_count = <redacted>
              .team_evaluation_point = 189760
              .best_team_evaluation_point = 0
              .friend_state = 1
              .circle_info = <?>
              .circle_user = <Gallop.CircleUser>
              .user_support_card = <Gallop.UserSupportCardAtFriend>
              .leader_chara_dress_id = 100646
              .user_trained_chara = <Gallop.UserTrainedCharaAtFriend>
              .state = 0
          [6] <Gallop.UserInfoAtFriend>
              .viewer_id = <redacted>
              .name = <redacted>
              .honor_data = <Gallop.HonorData>
              .last_login_time = <redacted>
              .leader_chara_id = <redacted>
              .support_card_id = 30052
              .comment = <redacted>
              .fan = <?>
              .directory_level = 0
              .rank_score = <redacted>
              .team_stadium_win_count = <redacted>
              .single_mode_play_count = <redacted>
              .team_evaluation_point = 273226
              .best_team_evaluation_point = 0
              .friend_state = 1
              .circle_info = <Gallop.CircleInfoAtFriend>
              .circle_user = <Gallop.CircleUser>
              .user_support_card = <Gallop.UserSupportCardAtFriend>
              .leader_chara_dress_id = 105210
              .user_trained_chara = <Gallop.UserTrainedCharaAtFriend>
              .state = 0
          [7] <Gallop.UserInfoAtFriend>
              .viewer_id = <redacted>
              .name = <redacted>
              .honor_data = <Gallop.HonorData>
              .last_login_time = <redacted>
              .leader_chara_id = <redacted>
              .support_card_id = 30097
              .comment = <redacted>
              .fan = <?>
              .directory_level = 0
              .rank_score = <redacted>
              .team_stadium_win_count = <redacted>
              .single_mode_play_count = <redacted>
              .team_evaluation_point = 303795
              .best_team_evaluation_point = 0
              .friend_state = 1
              .circle_info = <Gallop.CircleInfoAtFriend>
              .circle_user = <Gallop.CircleUser>
              .user_support_card = <Gallop.UserSupportCardAtFriend>
              .leader_chara_dress_id = 100730
              .user_trained_chara = <Gallop.UserTrainedCharaAtFriend>
              .state = 0
          [8] <Gallop.UserInfoAtFriend>
              .viewer_id = <redacted>
              .name = <redacted>
              .honor_data = <Gallop.HonorData>
              .last_login_time = <redacted>
              .leader_chara_id = <redacted>
              .support_card_id = 30101
              .comment = <redacted>
              .fan = <?>
              .directory_level = 0
              .rank_score = <redacted>
              .team_stadium_win_count = <redacted>
              .single_mode_play_count = <redacted>
              .team_evaluation_point = 318878
              .best_team_evaluation_point = 0
              .friend_state = 1
              .circle_info = <Gallop.CircleInfoAtFriend>
              .circle_user = <Gallop.CircleUser>
              .user_support_card = <Gallop.UserSupportCardAtFriend>
              .leader_chara_dress_id = 102143
              .user_trained_chara = <Gallop.UserTrainedCharaAtFriend>
              .state = 0
          [9] <Gallop.UserInfoAtFriend>
              .viewer_id = <redacted>
              .name = <redacted>
              .honor_data = <Gallop.HonorData>
              .last_login_time = <redacted>
              .leader_chara_id = <redacted>
              .support_card_id = 20032
              .comment = <redacted>
              .fan = <?>
              .directory_level = 0
              .rank_score = <redacted>
              .team_stadium_win_count = <redacted>
              .single_mode_play_count = <redacted>
              .team_evaluation_point = 176572
              .best_team_evaluation_point = 0
              .friend_state = 1
              .circle_info = <?>
              .circle_user = <Gallop.CircleUser>
              .user_support_card = <Gallop.UserSupportCardAtFriend>
              .leader_chara_dress_id = 106201
              .user_trained_chara = <Gallop.UserTrainedCharaAtFriend>
              .state = 0
        .RentalTrainedCharaArray = <? len=69>
          [0] <Gallop.WorkTrainedCharaData.TrainedCharaData>
              ._id = 3209 (obscured)
              ._isSaved = 213 (obscured)
              ._viewerId = <redacted>
              ._ownerViewerId = <redacted>
              ._ownerTrainedCharaId = 0 (obscured)
              ._useType = <?>
              ._cardId = 106002 (obscured)
              ._nickNameId = 180 (obscured)
              ._nickNameIdArray = <? len=61>
                [0] 1 (obscured)
                [1] 2 (obscured)
                [2] 7 (obscured)
                [3] 16 (obscured)
                [4] 18 (obscured)
                [5] 22 (obscured)
                [6] 24 (obscured)
                [7] 26 (obscured)
                [8] 28 (obscured)
                [9] 29 (obscured)
              ._stamina = 679 (obscured)
              ._speed = 1200 (obscured)
              ._power = 909 (obscured)
              ._guts = 574 (obscured)
              ._wiz = 958 (obscured)
              ._fans = 886593 (obscured)
              ._rank = 16 (obscured)
              ._rankScore = 17135 (obscured)
              ._runningStyle = 3 (obscured)
              ._properGroundTurf = 7 (obscured)
              ._properGroundDirt = 1 (obscured)
              ._properDistanceShort = 1 (obscured)
              ._properDistanceMile = 8 (obscured)
              ._properDistanceMiddle = 7 (obscured)
              ._properDistanceLong = 7 (obscured)
              ._properRunningStyleNige = 2 (obscured)
              ._properRunningStyleSenko = 6 (obscured)
              ._properRunningStyleSashi = 8 (obscured)
              ._properRunningStyleOikomi = 4 (obscured)
              .<SuccessionCount>k__BackingField = 483 (obscured)
              .<FactorDataArray>k__BackingField = <? len=10>
                [0] <Gallop.WorkTrainedCharaData.TrainedCharaData.SuccessionCharaData.FactorData>
                [1] <Gallop.WorkTrainedCharaData.TrainedCharaData.SuccessionCharaData.FactorData>
                [2] <Gallop.WorkTrainedCharaData.TrainedCharaData.SuccessionCharaData.FactorData>
                [3] <Gallop.WorkTrainedCharaData.TrainedCharaData.SuccessionCharaData.FactorData>
                [4] <Gallop.WorkTrainedCharaData.TrainedCharaData.SuccessionCharaData.FactorData>
                [5] <Gallop.WorkTrainedCharaData.TrainedCharaData.SuccessionCharaData.FactorData>
                [6] <Gallop.WorkTrainedCharaData.TrainedCharaData.SuccessionCharaData.FactorData>
                [7] <Gallop.WorkTrainedCharaData.TrainedCharaData.SuccessionCharaData.FactorData>
                [8] <Gallop.WorkTrainedCharaData.TrainedCharaData.SuccessionCharaData.FactorData>
                [9] <Gallop.WorkTrainedCharaData.TrainedCharaData.SuccessionCharaData.FactorData>
              .<CreateTime>k__BackingField = 0 (obscured)
              .<ScenarioId>k__BackingField = 4 (obscured)
              .<TalentLevel>k__BackingField = 5 (obscured)
              .<CharaGrade>k__BackingField = 10 (obscured)
              .<Rarity>k__BackingField = 4 (obscured)
              .<IsLock>k__BackingField = 213 (obscured)
              ._favoriteData = <Gallop.WorkTrainedCharaData.FavoriteData>
              ._cachedCreateTimeTimeStamp = 0 (obscured)
              ._sortedFactorList = <System.Collections.Generic.List<Gallop.MasterSuccessionFactor.SuccessionFactor>>
              ._sortedFactorProfileCardList = <?>
              ._factorListIncludingSuccession = <?>
              .<SuccessionCharaList>k__BackingField = <System.Collections.Generic.List<Gallop.WorkTrainedCharaData.TrainedCharaData.SuccessionCharaData>>
              .IsSuccessionHistoryInitialized = false
              .<SuccessionHistoryList>k__BackingField = <System.Collections.Generic.List<Gallop.SuccessionHistory>>
              .<AcquiredSkillArray>k__BackingField = <? len=20>
                [0] <Gallop.WorkSkillData.AcquiredSkill>
                [1] <Gallop.WorkSkillData.AcquiredSkill>
                [2] <Gallop.WorkSkillData.AcquiredSkill>
                [3] <Gallop.WorkSkillData.AcquiredSkill>
                [4] <Gallop.WorkSkillData.AcquiredSkill>
                [5] <Gallop.WorkSkillData.AcquiredSkill>
                [6] <Gallop.WorkSkillData.AcquiredSkill>
                [7] <Gallop.WorkSkillData.AcquiredSkill>
                [8] <Gallop.WorkSkillData.AcquiredSkill>
                [9] <Gallop.WorkSkillData.AcquiredSkill>
              .<SupportCardArray>k__BackingField = <? len=6>
                [0] <Gallop.WorkTrainedCharaData.SupportCardData>
                [1] <Gallop.WorkTrainedCharaData.SupportCardData>
                [2] <Gallop.WorkTrainedCharaData.SupportCardData>
                [3] <Gallop.WorkTrainedCharaData.SupportCardData>
                [4] <Gallop.WorkTrainedCharaData.SupportCardData>
                [5] <Gallop.WorkTrainedCharaData.SupportCardData>
              .<SingleModeRaceResultArray>k__BackingField = <? len=35>
                [0] <Gallop.SingleModeUtils.RaceHistoryInfo>
                [1] <Gallop.SingleModeUtils.RaceHistoryInfo>
                [2] <Gallop.SingleModeUtils.RaceHistoryInfo>
                [3] <Gallop.SingleModeUtils.RaceHistoryInfo>
                [4] <Gallop.SingleModeUtils.RaceHistoryInfo>
                [5] <Gallop.SingleModeUtils.RaceHistoryInfo>
                [6] <Gallop.SingleModeUtils.RaceHistoryInfo>
                [7] <Gallop.SingleModeUtils.RaceHistoryInfo>
                [8] <Gallop.SingleModeUtils.RaceHistoryInfo>
                [9] <Gallop.SingleModeUtils.RaceHistoryInfo>
              ._winSaddleArray = <? len=32>
                [0] <Gallop.MasterSingleModeWinsSaddle.SingleModeWinsSaddle>
                [1] <Gallop.MasterSingleModeWinsSaddle.SingleModeWinsSaddle>
                [2] <Gallop.MasterSingleModeWinsSaddle.SingleModeWinsSaddle>
                [3] <Gallop.MasterSingleModeWinsSaddle.SingleModeWinsSaddle>
                [4] <Gallop.MasterSingleModeWinsSaddle.SingleModeWinsSaddle>
                [5] <Gallop.MasterSingleModeWinsSaddle.SingleModeWinsSaddle>
                [6] <Gallop.MasterSingleModeWinsSaddle.SingleModeWinsSaddle>
                [7] <Gallop.MasterSingleModeWinsSaddle.SingleModeWinsSaddle>
                [8] <Gallop.MasterSingleModeWinsSaddle.SingleModeWinsSaddle>
                [9] <Gallop.MasterSingleModeWinsSaddle.SingleModeWinsSaddle>
              ._winSaddleIdArray = <? len=32>
                [0] 1 (obscured)
                [1] 2 (obscured)
                [2] 4 (obscured)
                [3] 5 (obscured)
                [4] 6 (obscured)
                [5] 10 (obscured)
                [6] 11 (obscured)
                [7] 12 (obscured)
                [8] 13 (obscured)
                [9] 14 (obscured)
              ._cacheCharaId = 1060 (obscured)
              ._masterCardData = <Gallop.MasterCardData.CardData>
              ._masterCharaData = <?>
              ._masterCardRarityData = <?>
              .<SingleTotalRaceNum>k__BackingField = 35
              ._singleWinNum = -1 (obscured)
              .<TrainedCharaDataAccessor>k__BackingField = <Gallop.PlayerTrainedCharaDataAccessor>
          [1] <Gallop.WorkTrainedCharaData.TrainedCharaData>
              ._id = 5476 (obscured)
              ._isSaved = 213 (obscured)
              ._viewerId = <redacted>
              ._ownerViewerId = <redacted>
              ._ownerTrainedCharaId = 0 (obscured)
              ._useType = <?>
              ._cardId = 101502 (obscured)
              ._nickNameId = 394 (obscured)
              ._nickNameIdArray = <? len=1>
                [0] 394 (obscured)
              ._stamina = 785 (obscured)
              ._speed = 1225 (obscured)
              ._power = 869 (obscured)
              ._guts = 620 (obscured)
              ._wiz = 897 (obscured)
              ._fans = 643166 (obscured)
              ._rank = 17 (obscured)
              ._rankScore = 18392 (obscured)
              ._runningStyle = 2 (obscured)
              ._properGroundTurf = 7 (obscured)
              ._properGroundDirt = 3 (obscured)
              ._properDistanceShort = 1 (obscured)
              ._properDistanceMile = 3 (obscured)
              ._properDistanceMiddle = 8 (obscured)
              ._properDistanceLong = 7 (obscured)
              ._properRunningStyleNige = 5 (obscured)
              ._properRunningStyleSenko = 7 (obscured)
              ._properRunningStyleSashi = 7 (obscured)
              ._properRunningStyleOikomi = 1 (obscured)
              .<SuccessionCount>k__BackingField = 150 (obscured)
              .<FactorDataArray>k__BackingField = <? len=13>
                [0] <Gallop.WorkTrainedCharaData.TrainedCharaData.SuccessionCharaData.FactorData>
                [1] <Gallop.WorkTrainedCharaData.TrainedCharaData.SuccessionCharaData.FactorData>
                [2] <Gallop.WorkTrainedCharaData.TrainedCharaData.SuccessionCharaData.FactorData>
                [3] <Gallop.WorkTrainedCharaData.TrainedCharaData.SuccessionCharaData.FactorData>
                [4] <Gallop.WorkTrainedCharaData.TrainedCharaData.SuccessionCharaData.FactorData>
                [5] <Gallop.WorkTrainedCharaData.TrainedCharaData.SuccessionCharaData.FactorData>
                [6] <Gallop.WorkTrainedCharaData.TrainedCharaData.SuccessionCharaData.FactorData>
                [7] <Gallop.WorkTrainedCharaData.TrainedCharaData.SuccessionCharaData.FactorData>
                [8] <Gallop.WorkTrainedCharaData.TrainedCharaData.SuccessionCharaData.FactorData>
                [9] <Gallop.WorkTrainedCharaData.TrainedCharaData.SuccessionCharaData.FactorData>
              .<CreateTime>k__BackingField = 0 (obscured)
              .<ScenarioId>k__BackingField = 3 (obscured)
              .<TalentLevel>k__BackingField = 5 (obscured)
              .<CharaGrade>k__BackingField = 10 (obscured)
              .<Rarity>k__BackingField = 3 (obscured)
              .<IsLock>k__BackingField = 181 (obscured)
              ._favoriteData = <Gallop.WorkTrainedCharaData.FavoriteData>
              ._cachedCreateTimeTimeStamp = 0 (obscured)
              ._sortedFactorList = <System.Collections.Generic.List<Gallop.MasterSuccessionFactor.SuccessionFactor>>
              ._sortedFactorProfileCardList = <?>
              ._factorListIncludingSuccession = <?>
              .<SuccessionCharaList>k__BackingField = <System.Collections.Generic.List<Gallop.WorkTrainedCharaData.TrainedCharaData.SuccessionCharaData>>
              .IsSuccessionHistoryInitialized = false
              .<SuccessionHistoryList>k__BackingField = <System.Collections.Generic.List<Gallop.SuccessionHistory>>
              .<AcquiredSkillArray>k__BackingField = <? len=26>
                [0] <Gallop.WorkSkillData.AcquiredSkill>
                [1] <Gallop.WorkSkillData.AcquiredSkill>
                [2] <Gallop.WorkSkillData.AcquiredSkill>
                [3] <Gallop.WorkSkillData.AcquiredSkill>
                [4] <Gallop.WorkSkillData.AcquiredSkill>
                [5] <Gallop.WorkSkillData.AcquiredSkill>
                [6] <Gallop.WorkSkillData.AcquiredSkill>
                [7] <Gallop.WorkSkillData.AcquiredSkill>
                [8] <Gallop.WorkSkillData.AcquiredSkill>
                [9] <Gallop.WorkSkillData.AcquiredSkill>
              .<SupportCardArray>k__BackingField = <? len=6>
                [0] <Gallop.WorkTrainedCharaData.SupportCardData>
                [1] <Gallop.WorkTrainedCharaData.SupportCardData>
                [2] <Gallop.WorkTrainedCharaData.SupportCardData>
                [3] <Gallop.WorkTrainedCharaData.SupportCardData>
                [4] <Gallop.WorkTrainedCharaData.SupportCardData>
                [5] <Gallop.WorkTrainedCharaData.SupportCardData>
              .<SingleModeRaceResultArray>k__BackingField = <? len=21>
                [0] <Gallop.SingleModeUtils.RaceHistoryInfo>
                [1] <Gallop.SingleModeUtils.RaceHistoryInfo>
                [2] <Gallop.SingleModeUtils.RaceHistoryInfo>
                [3] <Gallop.SingleModeUtils.RaceHistoryInfo>
                [4] <Gallop.SingleModeUtils.RaceHistoryInfo>
                [5] <Gallop.SingleModeUtils.RaceHistoryInfo>
                [6] <Gallop.SingleModeUtils.RaceHistoryInfo>
                [7] <Gallop.SingleModeUtils.RaceHistoryInfo>
                [8] <Gallop.SingleModeUtils.RaceHistoryInfo>
                [9] <Gallop.SingleModeUtils.RaceHistoryInfo>
              ._winSaddleArray = <? len=17>
                [0] <Gallop.MasterSingleModeWinsSaddle.SingleModeWinsSaddle>
                [1] <Gallop.MasterSingleModeWinsSaddle.SingleModeWinsSaddle>
                [2] <Gallop.MasterSingleModeWinsSaddle.SingleModeWinsSaddle>
                [3] <Gallop.MasterSingleModeWinsSaddle.SingleModeWinsSaddle>
                [4] <Gallop.MasterSingleModeWinsSaddle.SingleModeWinsSaddle>
                [5] <Gallop.MasterSingleModeWinsSaddle.SingleModeWinsSaddle>
                [6] <Gallop.MasterSingleModeWinsSaddle.SingleModeWinsSaddle>
                [7] <Gallop.MasterSingleModeWinsSaddle.SingleModeWinsSaddle>
                [8] <Gallop.MasterSingleModeWinsSaddle.SingleModeWinsSaddle>
                [9] <Gallop.MasterSingleModeWinsSaddle.SingleModeWinsSaddle>
              ._winSaddleIdArray = <? len=17>
                [0] 1 (obscured)
                [1] 2 (obscured)
                [2] 4 (obscured)
                [3] 5 (obscured)
                [4] 6 (obscured)
                [5] 10 (obscured)
                [6] 11 (obscured)
                [7] 12 (obscured)
                [8] 13 (obscured)
                [9] 14 (obscured)
              ._cacheCharaId = 1015 (obscured)
              ._masterCardData = <Gallop.MasterCardData.CardData>
              ._masterCharaData = <?>
              ._masterCardRarityData = <?>
              .<SingleTotalRaceNum>k__BackingField = 21
              ._singleWinNum = -1 (obscured)
              .<TrainedCharaDataAccessor>k__BackingField = <Gallop.PlayerTrainedCharaDataAccessor>
          [2] <Gallop.WorkTrainedCharaData.TrainedCharaData>
              ._id = 2762 (obscured)
              ._isSaved = 213 (obscured)
              ._viewerId = <redacted>
              ._ownerViewerId = <redacted>
              ._ownerTrainedCharaId = 0 (obscured)
              ._useType = <?>
              ._cardId = 100102 (obscured)
              ._nickNameId = 394 (obscured)
              ._nickNameIdArray = <? len=1>
                [0] 394 (obscured)
              ._stamina = 836 (obscured)
              ._speed = 1312 (obscured)
              ._power = 928 (obscured)
              ._guts = 704 (obscured)
              ._wiz = 926 (obscured)
              ._fans = 315439 (obscured)
              ._rank = 17 (obscured)
              ._rankScore = 18938 (obscured)
              ._runningStyle = 3 (obscured)
              ._properGroundTurf = 7 (obscured)
              ._properGroundDirt = 1 (obscured)
              ._properDistanceShort = 2 (obscured)
              ._properDistanceMile = 6 (obscured)
              ._properDistanceMiddle = 7 (obscured)
              ._properDistanceLong = 7 (obscured)
              ._properRunningStyleNige = 2 (obscured)
              ._properRunningStyleSenko = 7 (obscured)
              ._properRunningStyleSashi = 7 (obscured)
              ._properRunningStyleOikomi = 5 (obscured)
              .<SuccessionCount>k__BackingField = 93 (obscured)
              .<FactorDataArray>k__BackingField = <? len=10>
                [0] <Gallop.WorkTrainedCharaData.TrainedCharaData.SuccessionCharaData.FactorData>
                [1] <Gallop.WorkTrainedCharaData.TrainedCharaData.SuccessionCharaData.FactorData>
                [2] <Gallop.WorkTrainedCharaData.TrainedCharaData.SuccessionCharaData.FactorData>
                [3] <Gallop.WorkTrainedCharaData.TrainedCharaData.SuccessionCharaData.FactorData>
                [4] <Gallop.WorkTrainedCharaData.TrainedCharaData.SuccessionCharaData.FactorData>
                [5] <Gallop.WorkTrainedCharaData.TrainedCharaData.SuccessionCharaData.FactorData>
                [6] <Gallop.WorkTrainedCharaData.TrainedCharaData.SuccessionCharaData.FactorData>
                [7] <Gallop.WorkTrainedCharaData.TrainedCharaData.SuccessionCharaData.FactorData>
                [8] <Gallop.WorkTrainedCharaData.TrainedCharaData.SuccessionCharaData.FactorData>
                [9] <Gallop.WorkTrainedCharaData.TrainedCharaData.SuccessionCharaData.FactorData>
              .<CreateTime>k__BackingField = 0 (obscured)
              .<ScenarioId>k__BackingField = 3 (obscured)
              .<TalentLevel>k__BackingField = 4 (obscured)
              .<CharaGrade>k__BackingField = 9 (obscured)
              .<Rarity>k__BackingField = 3 (obscured)
              .<IsLock>k__BackingField = 213 (obscured)
              ._favoriteData = <Gallop.WorkTrainedCharaData.FavoriteData>
              ._cachedCreateTimeTimeStamp = 0 (obscured)
              ._sortedFactorList = <System.Collections.Generic.List<Gallop.MasterSuccessionFactor.SuccessionFactor>>
              ._sortedFactorProfileCardList = <?>
              ._factorListIncludingSuccession = <?>
              .<SuccessionCharaList>k__BackingField = <System.Collections.Generic.List<Gallop.WorkTrainedCharaData.TrainedCharaData.SuccessionCharaData>>
              .IsSuccessionHistoryInitialized = false
              .<SuccessionHistoryList>k__BackingField = <System.Collections.Generic.List<Gallop.SuccessionHistory>>
              .<AcquiredSkillArray>k__BackingField = <? len=28>
                [0] <Gallop.WorkSkillData.AcquiredSkill>
                [1] <Gallop.WorkSkillData.AcquiredSkill>
                [2] <Gallop.WorkSkillData.AcquiredSkill>
                [3] <Gallop.WorkSkillData.AcquiredSkill>
                [4] <Gallop.WorkSkillData.AcquiredSkill>
                [5] <Gallop.WorkSkillData.AcquiredSkill>
                [6] <Gallop.WorkSkillData.AcquiredSkill>
                [7] <Gallop.WorkSkillData.AcquiredSkill>
                [8] <Gallop.WorkSkillData.AcquiredSkill>
                [9] <Gallop.WorkSkillData.AcquiredSkill>
              .<SupportCardArray>k__BackingField = <? len=6>
                [0] <Gallop.WorkTrainedCharaData.SupportCardData>
                [1] <Gallop.WorkTrainedCharaData.SupportCardData>
                [2] <Gallop.WorkTrainedCharaData.SupportCardData>
                [3] <Gallop.WorkTrainedCharaData.SupportCardData>
                [4] <Gallop.WorkTrainedCharaData.SupportCardData>
                [5] <Gallop.WorkTrainedCharaData.SupportCardData>
              .<SingleModeRaceResultArray>k__BackingField = <? len=10>
                [0] <Gallop.SingleModeUtils.RaceHistoryInfo>
                [1] <Gallop.SingleModeUtils.RaceHistoryInfo>
                [2] <Gallop.SingleModeUtils.RaceHistoryInfo>
                [3] <Gallop.SingleModeUtils.RaceHistoryInfo>
                [4] <Gallop.SingleModeUtils.RaceHistoryInfo>
                [5] <Gallop.SingleModeUtils.RaceHistoryInfo>
                [6] <Gallop.SingleModeUtils.RaceHistoryInfo>
                [7] <Gallop.SingleModeUtils.RaceHistoryInfo>
                [8] <Gallop.SingleModeUtils.RaceHistoryInfo>
                [9] <Gallop.SingleModeUtils.RaceHistoryInfo>
              ._winSaddleArray = <? len=6>
                [0] <Gallop.MasterSingleModeWinsSaddle.SingleModeWinsSaddle>
                [1] <Gallop.MasterSingleModeWinsSaddle.SingleModeWinsSaddle>
                [2] <Gallop.MasterSingleModeWinsSaddle.SingleModeWinsSaddle>
                [3] <Gallop.MasterSingleModeWinsSaddle.SingleModeWinsSaddle>
                [4] <Gallop.MasterSingleModeWinsSaddle.SingleModeWinsSaddle>
                [5] <Gallop.MasterSingleModeWinsSaddle.SingleModeWinsSaddle>
              ._winSaddleIdArray = <? len=6>
                [0] 10 (obscured)
                [1] 11 (obscured)
                [2] 12 (obscured)
                [3] 13 (obscured)
                [4] 16 (obscured)
                [5] 82 (obscured)
              ._cacheCharaId = 1001 (obscured)
              ._masterCardData = <Gallop.MasterCardData.CardData>
              ._masterCharaData = <?>
              ._masterCardRarityData = <?>
              .<SingleTotalRaceNum>k__BackingField = 10
              ._singleWinNum = -1 (obscured)
              .<TrainedCharaDataAccessor>k__BackingField = <Gallop.PlayerTrainedCharaDataAccessor>
          [3] <Gallop.WorkTrainedCharaData.TrainedCharaData>
              ._id = 3867 (obscured)
              ._isSaved = 213 (obscured)
              ._viewerId = <redacted>
              ._ownerViewerId = <redacted>
              ._ownerTrainedCharaId = 0 (obscured)
              ._useType = <?>
              ._cardId = 102701 (obscured)
              ._nickNameId = 394 (obscured)
              ._nickNameIdArray = <? len=1>
                [0] 394 (obscured)
              ._stamina = 1195 (obscured)
              ._speed = 939 (obscured)
              ._power = 893 (obscured)
              ._guts = 747 (obscured)
              ._wiz = 642 (obscured)
              ._fans = 689192 (obscured)
              ._rank = 17 (obscured)
              ._rankScore = 18044 (obscured)
              ._runningStyle = 3 (obscured)
              ._properGroundTurf = 7 (obscured)
              ._properGroundDirt = 1 (obscured)
              ._properDistanceShort = 3 (obscured)
              ._properDistanceMile = 6 (obscured)
              ._properDistanceMiddle = 7 (obscured)
              ._properDistanceLong = 6 (obscured)
              ._properRunningStyleNige = 2 (obscured)
              ._properRunningStyleSenko = 7 (obscured)
              ._properRunningStyleSashi = 7 (obscured)
              ._properRunningStyleOikomi = 2 (obscured)
              .<SuccessionCount>k__BackingField = 192 (obscured)
              .<FactorDataArray>k__BackingField = <? len=17>
                [0] <Gallop.WorkTrainedCharaData.TrainedCharaData.SuccessionCharaData.FactorData>
                [1] <Gallop.WorkTrainedCharaData.TrainedCharaData.SuccessionCharaData.FactorData>
                [2] <Gallop.WorkTrainedCharaData.TrainedCharaData.SuccessionCharaData.FactorData>
                [3] <Gallop.WorkTrainedCharaData.TrainedCharaData.SuccessionCharaData.FactorData>
                [4] <Gallop.WorkTrainedCharaData.TrainedCharaData.SuccessionCharaData.FactorData>
                [5] <Gallop.WorkTrainedCharaData.TrainedCharaData.SuccessionCharaData.FactorData>
                [6] <Gallop.WorkTrainedCharaData.TrainedCharaData.SuccessionCharaData.FactorData>
                [7] <Gallop.WorkTrainedCharaData.TrainedCharaData.SuccessionCharaData.FactorData>
                [8] <Gallop.WorkTrainedCharaData.TrainedCharaData.SuccessionCharaData.FactorData>
                [9] <Gallop.WorkTrainedCharaData.TrainedCharaData.SuccessionCharaData.FactorData>
              .<CreateTime>k__BackingField = 0 (obscured)
              .<ScenarioId>k__BackingField = 3 (obscured)
              .<TalentLevel>k__BackingField = 1 (obscured)
              .<CharaGrade>k__BackingField = 10 (obscured)
              .<Rarity>k__BackingField = 5 (obscured)
              .<IsLock>k__BackingField = 213 (obscured)
              ._favoriteData = <Gallop.WorkTrainedCharaData.FavoriteData>
              ._cachedCreateTimeTimeStamp = 0 (obscured)
              ._sortedFactorList = <System.Collections.Generic.List<Gallop.MasterSuccessionFactor.SuccessionFactor>>
              ._sortedFactorProfileCardList = <?>
              ._factorListIncludingSuccession = <?>
              .<SuccessionCharaList>k__BackingField = <System.Collections.Generic.List<Gallop.WorkTrainedCharaData.TrainedCharaData.SuccessionCharaData>>
              .IsSuccessionHistoryInitialized = false
              .<SuccessionHistoryList>k__BackingField = <System.Collections.Generic.List<Gallop.SuccessionHistory>>
              .<AcquiredSkillArray>k__BackingField = <? len=24>
                [0] <Gallop.WorkSkillData.AcquiredSkill>
                [1] <Gallop.WorkSkillData.AcquiredSkill>
                [2] <Gallop.WorkSkillData.AcquiredSkill>
                [3] <Gallop.WorkSkillData.AcquiredSkill>
                [4] <Gallop.WorkSkillData.AcquiredSkill>
                [5] <Gallop.WorkSkillData.AcquiredSkill>
                [6] <Gallop.WorkSkillData.AcquiredSkill>
                [7] <Gallop.WorkSkillData.AcquiredSkill>
                [8] <Gallop.WorkSkillData.AcquiredSkill>
                [9] <Gallop.WorkSkillData.AcquiredSkill>
              .<SupportCardArray>k__BackingField = <? len=6>
                [0] <Gallop.WorkTrainedCharaData.SupportCardData>
                [1] <Gallop.WorkTrainedCharaData.SupportCardData>
                [2] <Gallop.WorkTrainedCharaData.SupportCardData>
                [3] <Gallop.WorkTrainedCharaData.SupportCardData>
                [4] <Gallop.WorkTrainedCharaData.SupportCardData>
                [5] <Gallop.WorkTrainedCharaData.SupportCardData>
              .<SingleModeRaceResultArray>k__BackingField = <? len=24>
                [0] <Gallop.SingleModeUtils.RaceHistoryInfo>
                [1] <Gallop.SingleModeUtils.RaceHistoryInfo>
                [2] <Gallop.SingleModeUtils.RaceHistoryInfo>
                [3] <Gallop.SingleModeUtils.RaceHistoryInfo>
                [4] <Gallop.SingleModeUtils.RaceHistoryInfo>
                [5] <Gallop.SingleModeUtils.RaceHistoryInfo>
                [6] <Gallop.SingleModeUtils.RaceHistoryInfo>
                [7] <Gallop.SingleModeUtils.RaceHistoryInfo>
                [8] <Gallop.SingleModeUtils.RaceHistoryInfo>
                [9] <Gallop.SingleModeUtils.RaceHistoryInfo>
              ._winSaddleArray = <? len=22>
                [0] <Gallop.MasterSingleModeWinsSaddle.SingleModeWinsSaddle>
                [1] <Gallop.MasterSingleModeWinsSaddle.SingleModeWinsSaddle>
                [2] <Gallop.MasterSingleModeWinsSaddle.SingleModeWinsSaddle>
                [3] <Gallop.MasterSingleModeWinsSaddle.SingleModeWinsSaddle>
                [4] <Gallop.MasterSingleModeWinsSaddle.SingleModeWinsSaddle>
                [5] <Gallop.MasterSingleModeWinsSaddle.SingleModeWinsSaddle>
                [6] <Gallop.MasterSingleModeWinsSaddle.SingleModeWinsSaddle>
                [7] <Gallop.MasterSingleModeWinsSaddle.SingleModeWinsSaddle>
                [8] <Gallop.MasterSingleModeWinsSaddle.SingleModeWinsSaddle>
                [9] <Gallop.MasterSingleModeWinsSaddle.SingleModeWinsSaddle>
              ._winSaddleIdArray = <? len=22>
                [0] 1 (obscured)
                [1] 2 (obscured)
                [2] 4 (obscured)
                [3] 5 (obscured)
                [4] 6 (obscured)
                [5] 7 (obscured)
                [6] 10 (obscured)
                [7] 11 (obscured)
                [8] 12 (obscured)
                [9] 13 (obscured)
              ._cacheCharaId = 1027 (obscured)
              ._masterCardData = <Gallop.MasterCardData.CardData>
              ._masterCharaData = <?>
              ._masterCardRarityData = <?>
              .<SingleTotalRaceNum>k__BackingField = 24
              ._singleWinNum = -1 (obscured)
              .<TrainedCharaDataAccessor>k__BackingField = <Gallop.PlayerTrainedCharaDataAccessor>
          [4] <Gallop.WorkTrainedCharaData.TrainedCharaData>
              ._id = 3119 (obscured)
              ._isSaved = 213 (obscured)
              ._viewerId = <redacted>
              ._ownerViewerId = <redacted>
              ._ownerTrainedCharaId = 0 (obscured)
              ._useType = <?>
              ._cardId = 101401 (obscured)
              ._nickNameId = 154 (obscured)
              ._nickNameIdArray = <? len=31>
                [0] 1 (obscured)
                [1] 2 (obscured)
                [2] 10 (obscured)
                [3] 20 (obscured)
                [4] 29 (obscured)
                [5] 31 (obscured)
                [6] 32 (obscured)
                [7] 34 (obscured)
                [8] 38 (obscured)
                [9] 39 (obscured)
              ._stamina = 652 (obscured)
              ._speed = 933 (obscured)
              ._power = 855 (obscured)
              ._guts = 372 (obscured)
              ._wiz = 478 (obscured)
              ._fans = 479676 (obscured)
              ._rank = 13 (obscured)
              ._rankScore = 10673 (obscured)
              ._runningStyle = 2 (obscured)
              ._properGroundTurf = 7 (obscured)
              ._properGroundDirt = 7 (obscured)
              ._properDistanceShort = 2 (obscured)
              ._properDistanceMile = 7 (obscured)
              ._properDistanceMiddle = 7 (obscured)
              ._properDistanceLong = 6 (obscured)
              ._properRunningStyleNige = 3 (obscured)
              ._properRunningStyleSenko = 7 (obscured)
              ._properRunningStyleSashi = 7 (obscured)
              ._properRunningStyleOikomi = 5 (obscured)
              .<SuccessionCount>k__BackingField = 7796 (obscured)
              .<FactorDataArray>k__BackingField = <? len=9>
                [0] <Gallop.WorkTrainedCharaData.TrainedCharaData.SuccessionCharaData.FactorData>
                [1] <Gallop.WorkTrainedCharaData.TrainedCharaData.SuccessionCharaData.FactorData>
                [2] <Gallop.WorkTrainedCharaData.TrainedCharaData.SuccessionCharaData.FactorData>
                [3] <Gallop.WorkTrainedCharaData.TrainedCharaData.SuccessionCharaData.FactorData>
                [4] <Gallop.WorkTrainedCharaData.TrainedCharaData.SuccessionCharaData.FactorData>
                [5] <Gallop.WorkTrainedCharaData.TrainedCharaData.SuccessionCharaData.FactorData>
                [6] <Gallop.WorkTrainedCharaData.TrainedCharaData.SuccessionCharaData.FactorData>
                [7] <Gallop.WorkTrainedCharaData.TrainedCharaData.SuccessionCharaData.FactorData>
                [8] <Gallop.WorkTrainedCharaData.TrainedCharaData.SuccessionCharaData.FactorData>
              .<CreateTime>k__BackingField = 0 (obscured)
              .<ScenarioId>k__BackingField = 2 (obscured)
              .<TalentLevel>k__BackingField = 2 (obscured)
              .<CharaGrade>k__BackingField = 10 (obscured)
              .<Rarity>k__BackingField = 3 (obscured)
              .<IsLock>k__BackingField = 213 (obscured)
              ._favoriteData = <Gallop.WorkTrainedCharaData.FavoriteData>
              ._cachedCreateTimeTimeStamp = 0 (obscured)
              ._sortedFactorList = <System.Collections.Generic.List<Gallop.MasterSuccessionFactor.SuccessionFactor>>
              ._sortedFactorProfileCardList = <?>
              ._factorListIncludingSuccession = <?>
              .<SuccessionCharaList>k__BackingField = <System.Collections.Generic.List<Gallop.WorkTrainedCharaData.TrainedCharaData.SuccessionCharaData>>
              .IsSuccessionHistoryInitialized = false
              .<SuccessionHistoryList>k__BackingField = <System.Collections.Generic.List<Gallop.SuccessionHistory>>
              .<AcquiredSkillArray>k__BackingField = <? len=15>
                [0] <Gallop.WorkSkillData.AcquiredSkill>
                [1] <Gallop.WorkSkillData.AcquiredSkill>
                [2] <Gallop.WorkSkillData.AcquiredSkill>
                [3] <Gallop.WorkSkillData.AcquiredSkill>
                [4] <Gallop.WorkSkillData.AcquiredSkill>
                [5] <Gallop.WorkSkillData.AcquiredSkill>
                [6] <Gallop.WorkSkillData.AcquiredSkill>
                [7] <Gallop.WorkSkillData.AcquiredSkill>
                [8] <Gallop.WorkSkillData.AcquiredSkill>
                [9] <Gallop.WorkSkillData.AcquiredSkill>
              .<SupportCardArray>k__BackingField = <? len=6>
                [0] <Gallop.WorkTrainedCharaData.SupportCardData>
                [1] <Gallop.WorkTrainedCharaData.SupportCardData>
                [2] <Gallop.WorkTrainedCharaData.SupportCardData>
                [3] <Gallop.WorkTrainedCharaData.SupportCardData>
                [4] <Gallop.WorkTrainedCharaData.SupportCardData>
                [5] <Gallop.WorkTrainedCharaData.SupportCardData>
              .<SingleModeRaceResultArray>k__BackingField = <? len=28>
                [0] <Gallop.SingleModeUtils.RaceHistoryInfo>
                [1] <Gallop.SingleModeUtils.RaceHistoryInfo>
                [2] <Gallop.SingleModeUtils.RaceHistoryInfo>
                [3] <Gallop.SingleModeUtils.RaceHistoryInfo>
                [4] <Gallop.SingleModeUtils.RaceHistoryInfo>
                [5] <Gallop.SingleModeUtils.RaceHistoryInfo>
                [6] <Gallop.SingleModeUtils.RaceHistoryInfo>
                [7] <Gallop.SingleModeUtils.RaceHistoryInfo>
                [8] <Gallop.SingleModeUtils.RaceHistoryInfo>
                [9] <Gallop.SingleModeUtils.RaceHistoryInfo>
              ._winSaddleArray = <? len=25>
                [0] <Gallop.MasterSingleModeWinsSaddle.SingleModeWinsSaddle>
                [1] <Gallop.MasterSingleModeWinsSaddle.SingleModeWinsSaddle>
                [2] <Gallop.MasterSingleModeWinsSaddle.SingleModeWinsSaddle>
                [3] <Gallop.MasterSingleModeWinsSaddle.SingleModeWinsSaddle>
                [4] <Gallop.MasterSingleModeWinsSaddle.SingleModeWinsSaddle>
                [5] <Gallop.MasterSingleModeWinsSaddle.SingleModeWinsSaddle>
                [6] <Gallop.MasterSingleModeWinsSaddle.SingleModeWinsSaddle>
                [7] <Gallop.MasterSingleModeWinsSaddle.SingleModeWinsSaddle>
                [8] <Gallop.MasterSingleModeWinsSaddle.SingleModeWinsSaddle>
                [9] <Gallop.MasterSingleModeWinsSaddle.SingleModeWinsSaddle>
              ._winSaddleIdArray = <? len=25>
                [0] 2 (obscured)
                [1] 6 (obscured)
                [2] 7 (obscured)
                [3] 10 (obscured)
                [4] 11 (obscured)
                [5] 14 (obscured)
                [6] 15 (obscured)
                [7] 18 (obscured)
                [8] 21 (obscured)
                [9] 23 (obscured)
              ._cacheCharaId = 1014 (obscured)
              ._masterCardData = <Gallop.MasterCardData.CardData>
              ._masterCharaData = <?>
              ._masterCardRarityData = <?>
              .<SingleTotalRaceNum>k__BackingField = 28
              ._singleWinNum = -1 (obscured)
              .<TrainedCharaDataAccessor>k__BackingField = <Gallop.PlayerTrainedCharaDataAccessor>
          [5] <Gallop.WorkTrainedCharaData.TrainedCharaData>
              ._id = 1254 (obscured)
              ._isSaved = 213 (obscured)
              ._viewerId = <redacted>
              ._ownerViewerId = <redacted>
              ._ownerTrainedCharaId = 0 (obscured)
              ._useType = <?>
              ._cardId = 105901 (obscured)
              ._nickNameId = 171 (obscured)
              ._nickNameIdArray = <? len=31>
                [0] 2 (obscured)
                [1] 7 (obscured)
                [2] 8 (obscured)
                [3] 16 (obscured)
                [4] 20 (obscured)
                [5] 25 (obscured)
                [6] 27 (obscured)
                [7] 31 (obscured)
                [8] 32 (obscured)
                [9] 34 (obscured)
              ._stamina = 724 (obscured)
              ._speed = 973 (obscured)
              ._power = 708 (obscured)
              ._guts = 464 (obscured)
              ._wiz = 484 (obscured)
              ._fans = 395927 (obscured)
              ._rank = 13 (obscured)
              ._rankScore = 10782 (obscured)
              ._runningStyle = 3 (obscured)
              ._properGroundTurf = 7 (obscured)
              ._properGroundDirt = 1 (obscured)
              ._properDistanceShort = 3 (obscured)
              ._properDistanceMile = 7 (obscured)
              ._properDistanceMiddle = 7 (obscured)
              ._properDistanceLong = 6 (obscured)
              ._properRunningStyleNige = 5 (obscured)
              ._properRunningStyleSenko = 6 (obscured)
              ._properRunningStyleSashi = 7 (obscured)
              ._properRunningStyleOikomi = 3 (obscured)
              .<SuccessionCount>k__BackingField = 3812 (obscured)
              .<FactorDataArray>k__BackingField = <? len=11>
                [0] <Gallop.WorkTrainedCharaData.TrainedCharaData.SuccessionCharaData.FactorData>
                [1] <Gallop.WorkTrainedCharaData.TrainedCharaData.SuccessionCharaData.FactorData>
                [2] <Gallop.WorkTrainedCharaData.TrainedCharaData.SuccessionCharaData.FactorData>
                [3] <Gallop.WorkTrainedCharaData.TrainedCharaData.SuccessionCharaData.FactorData>
                [4] <Gallop.WorkTrainedCharaData.TrainedCharaData.SuccessionCharaData.FactorData>
                [5] <Gallop.WorkTrainedCharaData.TrainedCharaData.SuccessionCharaData.FactorData>
                [6] <Gallop.WorkTrainedCharaData.TrainedCharaData.SuccessionCharaData.FactorData>
                [7] <Gallop.WorkTrainedCharaData.TrainedCharaData.SuccessionCharaData.FactorData>
                [8] <Gallop.WorkTrainedCharaData.TrainedCharaData.SuccessionCharaData.FactorData>
                [9] <Gallop.WorkTrainedCharaData.TrainedCharaData.SuccessionCharaData.FactorData>
              .<CreateTime>k__BackingField = 0 (obscured)
              .<ScenarioId>k__BackingField = 2 (obscured)
              .<TalentLevel>k__BackingField = 1 (obscured)
              .<CharaGrade>k__BackingField = 10 (obscured)
              .<Rarity>k__BackingField = 3 (obscured)
              .<IsLock>k__BackingField = 213 (obscured)
              ._favoriteData = <Gallop.WorkTrainedCharaData.FavoriteData>
              ._cachedCreateTimeTimeStamp = 0 (obscured)
              ._sortedFactorList = <System.Collections.Generic.List<Gallop.MasterSuccessionFactor.SuccessionFactor>>
              ._sortedFactorProfileCardList = <?>
              ._factorListIncludingSuccession = <?>
              .<SuccessionCharaList>k__BackingField = <System.Collections.Generic.List<Gallop.WorkTrainedCharaData.TrainedCharaData.SuccessionCharaData>>
              .IsSuccessionHistoryInitialized = false
              .<SuccessionHistoryList>k__BackingField = <System.Collections.Generic.List<Gallop.SuccessionHistory>>
              .<AcquiredSkillArray>k__BackingField = <? len=10>
                [0] <Gallop.WorkSkillData.AcquiredSkill>
                [1] <Gallop.WorkSkillData.AcquiredSkill>
                [2] <Gallop.WorkSkillData.AcquiredSkill>
                [3] <Gallop.WorkSkillData.AcquiredSkill>
                [4] <Gallop.WorkSkillData.AcquiredSkill>
                [5] <Gallop.WorkSkillData.AcquiredSkill>
                [6] <Gallop.WorkSkillData.AcquiredSkill>
                [7] <Gallop.WorkSkillData.AcquiredSkill>
                [8] <Gallop.WorkSkillData.AcquiredSkill>
                [9] <Gallop.WorkSkillData.AcquiredSkill>
              .<SupportCardArray>k__BackingField = <? len=6>
                [0] <Gallop.WorkTrainedCharaData.SupportCardData>
                [1] <Gallop.WorkTrainedCharaData.SupportCardData>
                [2] <Gallop.WorkTrainedCharaData.SupportCardData>
                [3] <Gallop.WorkTrainedCharaData.SupportCardData>
                [4] <Gallop.WorkTrainedCharaData.SupportCardData>
                [5] <Gallop.WorkTrainedCharaData.SupportCardData>
              .<SingleModeRaceResultArray>k__BackingField = <? len=24>
                [0] <Gallop.SingleModeUtils.RaceHistoryInfo>
                [1] <Gallop.SingleModeUtils.RaceHistoryInfo>
                [2] <Gallop.SingleModeUtils.RaceHistoryInfo>
                [3] <Gallop.SingleModeUtils.RaceHistoryInfo>
                [4] <Gallop.SingleModeUtils.RaceHistoryInfo>
                [5] <Gallop.SingleModeUtils.RaceHistoryInfo>
                [6] <Gallop.SingleModeUtils.RaceHistoryInfo>
                [7] <Gallop.SingleModeUtils.RaceHistoryInfo>
                [8] <Gallop.SingleModeUtils.RaceHistoryInfo>
                [9] <Gallop.SingleModeUtils.RaceHistoryInfo>
              ._winSaddleArray = <? len=15>
                [0] <Gallop.MasterSingleModeWinsSaddle.SingleModeWinsSaddle>
                [1] <Gallop.MasterSingleModeWinsSaddle.SingleModeWinsSaddle>
                [2] <Gallop.MasterSingleModeWinsSaddle.SingleModeWinsSaddle>
                [3] <Gallop.MasterSingleModeWinsSaddle.SingleModeWinsSaddle>
                [4] <Gallop.MasterSingleModeWinsSaddle.SingleModeWinsSaddle>
                [5] <Gallop.MasterSingleModeWinsSaddle.SingleModeWinsSaddle>
                [6] <Gallop.MasterSingleModeWinsSaddle.SingleModeWinsSaddle>
                [7] <Gallop.MasterSingleModeWinsSaddle.SingleModeWinsSaddle>
                [8] <Gallop.MasterSingleModeWinsSaddle.SingleModeWinsSaddle>
                [9] <Gallop.MasterSingleModeWinsSaddle.SingleModeWinsSaddle>
              ._winSaddleIdArray = <? len=15>
                [0] 3 (obscured)
                [1] 11 (obscured)
                [2] 14 (obscured)
                [3] 15 (obscured)
                [4] 17 (obscured)
                [5] 19 (obscured)
                [6] 21 (obscured)
                [7] 24 (obscured)
                [8] 26 (obscured)
                [9] 27 (obscured)
              ._cacheCharaId = 1059 (obscured)
              ._masterCardData = <Gallop.MasterCardData.CardData>
              ._masterCharaData = <?>
              ._masterCardRarityData = <Gallop.MasterCardRarityData.CardRarityData>
              .<SingleTotalRaceNum>k__BackingField = 24
              ._singleWinNum = 20 (obscured)
              .<TrainedCharaDataAccessor>k__BackingField = <Gallop.PlayerTrainedCharaDataAccessor>
          [6] <Gallop.WorkTrainedCharaData.TrainedCharaData>
              ._id = 3885 (obscured)
              ._isSaved = 213 (obscured)
              ._viewerId = <redacted>
              ._ownerViewerId = <redacted>
              ._ownerTrainedCharaId = 0 (obscured)
              ._useType = <?>
              ._cardId = 102701 (obscured)
              ._nickNameId = 394 (obscured)
              ._nickNameIdArray = <? len=1>
                [0] 394 (obscured)
              ._stamina = 424 (obscured)
              ._speed = 992 (obscured)
              ._power = 876 (obscured)
              ._guts = 398 (obscured)
              ._wiz = 739 (obscured)
              ._fans = 770940 (obscured)
              ._rank = 14 (obscured)
              ._rankScore = 12770 (obscured)
              ._runningStyle = 3 (obscured)
              ._properGroundTurf = 7 (obscured)
              ._properGroundDirt = 1 (obscured)
              ._properDistanceShort = 3 (obscured)
              ._properDistanceMile = 7 (obscured)
              ._properDistanceMiddle = 7 (obscured)
              ._properDistanceLong = 6 (obscured)
              ._properRunningStyleNige = 2 (obscured)
              ._properRunningStyleSenko = 7 (obscured)
              ._properRunningStyleSashi = 7 (obscured)
              ._properRunningStyleOikomi = 3 (obscured)
              .<SuccessionCount>k__BackingField = 13 (obscured)
              .<FactorDataArray>k__BackingField = <? len=13>
                [0] <Gallop.WorkTrainedCharaData.TrainedCharaData.SuccessionCharaData.FactorData>
                [1] <Gallop.WorkTrainedCharaData.TrainedCharaData.SuccessionCharaData.FactorData>
                [2] <Gallop.WorkTrainedCharaData.TrainedCharaData.SuccessionCharaData.FactorData>
                [3] <Gallop.WorkTrainedCharaData.TrainedCharaData.SuccessionCharaData.FactorData>
                [4] <Gallop.WorkTrainedCharaData.TrainedCharaData.SuccessionCharaData.FactorData>
                [5] <Gallop.WorkTrainedCharaData.TrainedCharaData.SuccessionCharaData.FactorData>
                [6] <Gallop.WorkTrainedCharaData.TrainedCharaData.SuccessionCharaData.FactorData>
                [7] <Gallop.WorkTrainedCharaData.TrainedCharaData.SuccessionCharaData.FactorData>
                [8] <Gallop.WorkTrainedCharaData.TrainedCharaData.SuccessionCharaData.FactorData>
                [9] <Gallop.WorkTrainedCharaData.TrainedCharaData.SuccessionCharaData.FactorData>
              .<CreateTime>k__BackingField = 0 (obscured)
              .<ScenarioId>k__BackingField = 3 (obscured)
              .<TalentLevel>k__BackingField = 5 (obscured)
              .<CharaGrade>k__BackingField = 10 (obscured)
              .<Rarity>k__BackingField = 4 (obscured)
              .<IsLock>k__BackingField = 213 (obscured)
              ._favoriteData = <Gallop.WorkTrainedCharaData.FavoriteData>
              ._cachedCreateTimeTimeStamp = 0 (obscured)
              ._sortedFactorList = <System.Collections.Generic.List<Gallop.MasterSuccessionFactor.SuccessionFactor>>
              ._sortedFactorProfileCardList = <?>
              ._factorListIncludingSuccession = <?>
              .<SuccessionCharaList>k__BackingField = <System.Collections.Generic.List<Gallop.WorkTrainedCharaData.TrainedCharaData.SuccessionCharaData>>
              .IsSuccessionHistoryInitialized = false
              .<SuccessionHistoryList>k__BackingField = <System.Collections.Generic.List<Gallop.SuccessionHistory>>
              .<AcquiredSkillArray>k__BackingField = <? len=19>
                [0] <Gallop.WorkSkillData.AcquiredSkill>
                [1] <Gallop.WorkSkillData.AcquiredSkill>
                [2] <Gallop.WorkSkillData.AcquiredSkill>
                [3] <Gallop.WorkSkillData.AcquiredSkill>
                [4] <Gallop.WorkSkillData.AcquiredSkill>
                [5] <Gallop.WorkSkillData.AcquiredSkill>
                [6] <Gallop.WorkSkillData.AcquiredSkill>
                [7] <Gallop.WorkSkillData.AcquiredSkill>
                [8] <Gallop.WorkSkillData.AcquiredSkill>
                [9] <Gallop.WorkSkillData.AcquiredSkill>
              .<SupportCardArray>k__BackingField = <? len=6>
                [0] <Gallop.WorkTrainedCharaData.SupportCardData>
                [1] <Gallop.WorkTrainedCharaData.SupportCardData>
                [2] <Gallop.WorkTrainedCharaData.SupportCardData>
                [3] <Gallop.WorkTrainedCharaData.SupportCardData>
                [4] <Gallop.WorkTrainedCharaData.SupportCardData>
                [5] <Gallop.WorkTrainedCharaData.SupportCardData>
              .<SingleModeRaceResultArray>k__BackingField = <? len=28>
                [0] <Gallop.SingleModeUtils.RaceHistoryInfo>
                [1] <Gallop.SingleModeUtils.RaceHistoryInfo>
                [2] <Gallop.SingleModeUtils.RaceHistoryInfo>
                [3] <Gallop.SingleModeUtils.RaceHistoryInfo>
                [4] <Gallop.SingleModeUtils.RaceHistoryInfo>
                [5] <Gallop.SingleModeUtils.RaceHistoryInfo>
                [6] <Gallop.SingleModeUtils.RaceHistoryInfo>
                [7] <Gallop.SingleModeUtils.RaceHistoryInfo>
                [8] <Gallop.SingleModeUtils.RaceHistoryInfo>
                [9] <Gallop.SingleModeUtils.RaceHistoryInfo>
              ._winSaddleArray = <? len=24>
                [0] <Gallop.MasterSingleModeWinsSaddle.SingleModeWinsSaddle>
                [1] <Gallop.MasterSingleModeWinsSaddle.SingleModeWinsSaddle>
                [2] <Gallop.MasterSingleModeWinsSaddle.SingleModeWinsSaddle>
                [3] <Gallop.MasterSingleModeWinsSaddle.SingleModeWinsSaddle>
                [4] <Gallop.MasterSingleModeWinsSaddle.SingleModeWinsSaddle>
                [5] <Gallop.MasterSingleModeWinsSaddle.SingleModeWinsSaddle>
                [6] <Gallop.MasterSingleModeWinsSaddle.SingleModeWinsSaddle>
                [7] <Gallop.MasterSingleModeWinsSaddle.SingleModeWinsSaddle>
                [8] <Gallop.MasterSingleModeWinsSaddle.SingleModeWinsSaddle>
                [9] <Gallop.MasterSingleModeWinsSaddle.SingleModeWinsSaddle>
              ._winSaddleIdArray = <? len=24>
                [0] 1 (obscured)
                [1] 2 (obscured)
                [2] 4 (obscured)
                [3] 5 (obscured)
                [4] 6 (obscured)
                [5] 7 (obscured)
                [6] 10 (obscured)
                [7] 11 (obscured)
                [8] 12 (obscured)
                [9] 13 (obscured)
              ._cacheCharaId = 1027 (obscured)
              ._masterCardData = <Gallop.MasterCardData.CardData>
              ._masterCharaData = <?>
              ._masterCardRarityData = <?>
              .<SingleTotalRaceNum>k__BackingField = 28
              ._singleWinNum = -1 (obscured)
              .<TrainedCharaDataAccessor>k__BackingField = <Gallop.PlayerTrainedCharaDataAccessor>
          [7] <Gallop.WorkTrainedCharaData.TrainedCharaData>
              ._id = 4513 (obscured)
              ._isSaved = 213 (obscured)
              ._viewerId = <redacted>
              ._ownerViewerId = <redacted>
              ._ownerTrainedCharaId = 0 (obscured)
              ._useType = <?>
              ._cardId = 101502 (obscured)
              ._nickNameId = 394 (obscured)
              ._nickNameIdArray = <? len=1>
                [0] 394 (obscured)
              ._stamina = 717 (obscured)
              ._speed = 1214 (obscured)
              ._power = 951 (obscured)
              ._guts = 566 (obscured)
              ._wiz = 766 (obscured)
              ._fans = 690280 (obscured)
              ._rank = 17 (obscured)
              ._rankScore = 17588 (obscured)
              ._runningStyle = 3 (obscured)
              ._properGroundTurf = 7 (obscured)
              ._properGroundDirt = 8 (obscured)
              ._properDistanceShort = 1 (obscured)
              ._properDistanceMile = 5 (obscured)
              ._properDistanceMiddle = 7 (obscured)
              ._properDistanceLong = 7 (obscured)
              ._properRunningStyleNige = 5 (obscured)
              ._properRunningStyleSenko = 7 (obscured)
              ._properRunningStyleSashi = 7 (obscured)
              ._properRunningStyleOikomi = 1 (obscured)
              .<SuccessionCount>k__BackingField = 91 (obscured)
              .<FactorDataArray>k__BackingField = <? len=17>
                [0] <Gallop.WorkTrainedCharaData.TrainedCharaData.SuccessionCharaData.FactorData>
                [1] <Gallop.WorkTrainedCharaData.TrainedCharaData.SuccessionCharaData.FactorData>
                [2] <Gallop.WorkTrainedCharaData.TrainedCharaData.SuccessionCharaData.FactorData>
                [3] <Gallop.WorkTrainedCharaData.TrainedCharaData.SuccessionCharaData.FactorData>
                [4] <Gallop.WorkTrainedCharaData.TrainedCharaData.SuccessionCharaData.FactorData>
                [5] <Gallop.WorkTrainedCharaData.TrainedCharaData.SuccessionCharaData.FactorData>
                [6] <Gallop.WorkTrainedCharaData.TrainedCharaData.SuccessionCharaData.FactorData>
                [7] <Gallop.WorkTrainedCharaData.TrainedCharaData.SuccessionCharaData.FactorData>
                [8] <Gallop.WorkTrainedCharaData.TrainedCharaData.SuccessionCharaData.FactorData>
                [9] <Gallop.WorkTrainedCharaData.TrainedCharaData.SuccessionCharaData.FactorData>
              .<CreateTime>k__BackingField = 0 (obscured)
              .<ScenarioId>k__BackingField = 3 (obscured)
              .<TalentLevel>k__BackingField = 5 (obscured)
              .<CharaGrade>k__BackingField = 10 (obscured)
              .<Rarity>k__BackingField = 3 (obscured)
              .<IsLock>k__BackingField = 213 (obscured)
              ._favoriteData = <?>
              ._cachedCreateTimeTimeStamp = 0 (obscured)
              ._sortedFactorList = <System.Collections.Generic.List<Gallop.MasterSuccessionFactor.SuccessionFactor>>
              ._sortedFactorProfileCardList = <?>
              ._factorListIncludingSuccession = <?>
              .<SuccessionCharaList>k__BackingField = <System.Collections.Generic.List<Gallop.WorkTrainedCharaData.TrainedCharaData.SuccessionCharaData>>
              .IsSuccessionHistoryInitialized = false
              .<SuccessionHistoryList>k__BackingField = <System.Collections.Generic.List<Gallop.SuccessionHistory>>
              .<AcquiredSkillArray>k__BackingField = <? len=23>
                [0] <Gallop.WorkSkillData.AcquiredSkill>
                [1] <Gallop.WorkSkillData.AcquiredSkill>
                [2] <Gallop.WorkSkillData.AcquiredSkill>
                [3] <Gallop.WorkSkillData.AcquiredSkill>
                [4] <Gallop.WorkSkillData.AcquiredSkill>
                [5] <Gallop.WorkSkillData.AcquiredSkill>
                [6] <Gallop.WorkSkillData.AcquiredSkill>
                [7] <Gallop.WorkSkillData.AcquiredSkill>
                [8] <Gallop.WorkSkillData.AcquiredSkill>
                [9] <Gallop.WorkSkillData.AcquiredSkill>
              .<SupportCardArray>k__BackingField = <? len=6>
                [0] <Gallop.WorkTrainedCharaData.SupportCardData>
                [1] <Gallop.WorkTrainedCharaData.SupportCardData>
                [2] <Gallop.WorkTrainedCharaData.SupportCardData>
                [3] <Gallop.WorkTrainedCharaData.SupportCardData>
                [4] <Gallop.WorkTrainedCharaData.SupportCardData>
                [5] <Gallop.WorkTrainedCharaData.SupportCardData>
              .<SingleModeRaceResultArray>k__BackingField = <? len=29>
                [0] <Gallop.SingleModeUtils.RaceHistoryInfo>
                [1] <Gallop.SingleModeUtils.RaceHistoryInfo>
                [2] <Gallop.SingleModeUtils.RaceHistoryInfo>
                [3] <Gallop.SingleModeUtils.RaceHistoryInfo>
                [4] <Gallop.SingleModeUtils.RaceHistoryInfo>
                [5] <Gallop.SingleModeUtils.RaceHistoryInfo>
                [6] <Gallop.SingleModeUtils.RaceHistoryInfo>
                [7] <Gallop.SingleModeUtils.RaceHistoryInfo>
                [8] <Gallop.SingleModeUtils.RaceHistoryInfo>
                [9] <Gallop.SingleModeUtils.RaceHistoryInfo>
              ._winSaddleArray = <? len=25>
                [0] <Gallop.MasterSingleModeWinsSaddle.SingleModeWinsSaddle>
                [1] <Gallop.MasterSingleModeWinsSaddle.SingleModeWinsSaddle>
                [2] <Gallop.MasterSingleModeWinsSaddle.SingleModeWinsSaddle>
                [3] <Gallop.MasterSingleModeWinsSaddle.SingleModeWinsSaddle>
                [4] <Gallop.MasterSingleModeWinsSaddle.SingleModeWinsSaddle>
                [5] <Gallop.MasterSingleModeWinsSaddle.SingleModeWinsSaddle>
                [6] <Gallop.MasterSingleModeWinsSaddle.SingleModeWinsSaddle>
                [7] <Gallop.MasterSingleModeWinsSaddle.SingleModeWinsSaddle>
                [8] <Gallop.MasterSingleModeWinsSaddle.SingleModeWinsSaddle>
                [9] <Gallop.MasterSingleModeWinsSaddle.SingleModeWinsSaddle>
              ._winSaddleIdArray = <? len=25>
                [0] 1 (obscured)
                [1] 2 (obscured)
                [2] 4 (obscured)
                [3] 5 (obscured)
                [4] 6 (obscured)
                [5] 7 (obscured)
                [6] 10 (obscured)
                [7] 11 (obscured)
                [8] 12 (obscured)
                [9] 13 (obscured)
              ._cacheCharaId = 1015 (obscured)
              ._masterCardData = <Gallop.MasterCardData.CardData>
              ._masterCharaData = <?>
              ._masterCardRarityData = <?>
              .<SingleTotalRaceNum>k__BackingField = 29
              ._singleWinNum = -1 (obscured)
              .<TrainedCharaDataAccessor>k__BackingField = <Gallop.PlayerTrainedCharaDataAccessor>
          [8] <Gallop.WorkTrainedCharaData.TrainedCharaData>
              ._id = 4589 (obscured)
              ._isSaved = 213 (obscured)
              ._viewerId = <redacted>
              ._ownerViewerId = <redacted>
              ._ownerTrainedCharaId = 0 (obscured)
              ._useType = <?>
              ._cardId = 101601 (obscured)
              ._nickNameId = 180 (obscured)
              ._nickNameIdArray = <? len=72>
                [0] 1 (obscured)
                [1] 2 (obscured)
                [2] 8 (obscured)
                [3] 20 (obscured)
                [4] 22 (obscured)
                [5] 25 (obscured)
                [6] 27 (obscured)
                [7] 28 (obscured)
                [8] 29 (obscured)
                [9] 30 (obscured)
              ._stamina = 1177 (obscured)
              ._speed = 1105 (obscured)
              ._power = 1233 (obscured)
              ._guts = 755 (obscured)
              ._wiz = 739 (obscured)
              ._fans = 957531 (obscured)
              ._rank = 19 (obscured)
              ._rankScore = 19938 (obscured)
              ._runningStyle = 4 (obscured)
              ._properGroundTurf = 7 (obscured)
              ._properGroundDirt = 5 (obscured)
              ._properDistanceShort = 2 (obscured)
              ._properDistanceMile = 6 (obscured)
              ._properDistanceMiddle = 7 (obscured)
              ._properDistanceLong = 7 (obscured)
              ._properRunningStyleNige = 1 (obscured)
              ._properRunningStyleSenko = 7 (obscured)
              ._properRunningStyleSashi = 7 (obscured)
              ._properRunningStyleOikomi = 5 (obscured)
              .<SuccessionCount>k__BackingField = 5330 (obscured)
              .<FactorDataArray>k__BackingField = <? len=21>
                [0] <Gallop.WorkTrainedCharaData.TrainedCharaData.SuccessionCharaData.FactorData>
                [1] <Gallop.WorkTrainedCharaData.TrainedCharaData.SuccessionCharaData.FactorData>
                [2] <Gallop.WorkTrainedCharaData.TrainedCharaData.SuccessionCharaData.FactorData>
                [3] <Gallop.WorkTrainedCharaData.TrainedCharaData.SuccessionCharaData.FactorData>
                [4] <Gallop.WorkTrainedCharaData.TrainedCharaData.SuccessionCharaData.FactorData>
                [5] <Gallop.WorkTrainedCharaData.TrainedCharaData.SuccessionCharaData.FactorData>
                [6] <Gallop.WorkTrainedCharaData.TrainedCharaData.SuccessionCharaData.FactorData>
                [7] <Gallop.WorkTrainedCharaData.TrainedCharaData.SuccessionCharaData.FactorData>
                [8] <Gallop.WorkTrainedCharaData.TrainedCharaData.SuccessionCharaData.FactorData>
                [9] <Gallop.WorkTrainedCharaData.TrainedCharaData.SuccessionCharaData.FactorData>
              .<CreateTime>k__BackingField = 0 (obscured)
              .<ScenarioId>k__BackingField = 4 (obscured)
              .<TalentLevel>k__BackingField = 5 (obscured)
              .<CharaGrade>k__BackingField = 10 (obscured)
              .<Rarity>k__BackingField = 4 (obscured)
              .<IsLock>k__BackingField = 213 (obscured)
              ._favoriteData = <?>
              ._cachedCreateTimeTimeStamp = 0 (obscured)
              ._sortedFactorList = <System.Collections.Generic.List<Gallop.MasterSuccessionFactor.SuccessionFactor>>
              ._sortedFactorProfileCardList = <?>
              ._factorListIncludingSuccession = <?>
              .<SuccessionCharaList>k__BackingField = <System.Collections.Generic.List<Gallop.WorkTrainedCharaData.TrainedCharaData.SuccessionCharaData>>
              .IsSuccessionHistoryInitialized = false
              .<SuccessionHistoryList>k__BackingField = <System.Collections.Generic.List<Gallop.SuccessionHistory>>
              .<AcquiredSkillArray>k__BackingField = <? len=21>
                [0] <Gallop.WorkSkillData.AcquiredSkill>
                [1] <Gallop.WorkSkillData.AcquiredSkill>
                [2] <Gallop.WorkSkillData.AcquiredSkill>
                [3] <Gallop.WorkSkillData.AcquiredSkill>
                [4] <Gallop.WorkSkillData.AcquiredSkill>
                [5] <Gallop.WorkSkillData.AcquiredSkill>
                [6] <Gallop.WorkSkillData.AcquiredSkill>
                [7] <Gallop.WorkSkillData.AcquiredSkill>
                [8] <Gallop.WorkSkillData.AcquiredSkill>
                [9] <Gallop.WorkSkillData.AcquiredSkill>
              .<SupportCardArray>k__BackingField = <? len=6>
                [0] <Gallop.WorkTrainedCharaData.SupportCardData>
                [1] <Gallop.WorkTrainedCharaData.SupportCardData>
                [2] <Gallop.WorkTrainedCharaData.SupportCardData>
                [3] <Gallop.WorkTrainedCharaData.SupportCardData>
                [4] <Gallop.WorkTrainedCharaData.SupportCardData>
                [5] <Gallop.WorkTrainedCharaData.SupportCardData>
              .<SingleModeRaceResultArray>k__BackingField = <? len=43>
                [0] <Gallop.SingleModeUtils.RaceHistoryInfo>
                [1] <Gallop.SingleModeUtils.RaceHistoryInfo>
                [2] <Gallop.SingleModeUtils.RaceHistoryInfo>
                [3] <Gallop.SingleModeUtils.RaceHistoryInfo>
                [4] <Gallop.SingleModeUtils.RaceHistoryInfo>
                [5] <Gallop.SingleModeUtils.RaceHistoryInfo>
                [6] <Gallop.SingleModeUtils.RaceHistoryInfo>
                [7] <Gallop.SingleModeUtils.RaceHistoryInfo>
                [8] <Gallop.SingleModeUtils.RaceHistoryInfo>
                [9] <Gallop.SingleModeUtils.RaceHistoryInfo>
              ._winSaddleArray = <? len=44>
                [0] <Gallop.MasterSingleModeWinsSaddle.SingleModeWinsSaddle>
                [1] <Gallop.MasterSingleModeWinsSaddle.SingleModeWinsSaddle>
                [2] <Gallop.MasterSingleModeWinsSaddle.SingleModeWinsSaddle>
                [3] <Gallop.MasterSingleModeWinsSaddle.SingleModeWinsSaddle>
                [4] <Gallop.MasterSingleModeWinsSaddle.SingleModeWinsSaddle>
                [5] <Gallop.MasterSingleModeWinsSaddle.SingleModeWinsSaddle>
                [6] <Gallop.MasterSingleModeWinsSaddle.SingleModeWinsSaddle>
                [7] <Gallop.MasterSingleModeWinsSaddle.SingleModeWinsSaddle>
                [8] <Gallop.MasterSingleModeWinsSaddle.SingleModeWinsSaddle>
                [9] <Gallop.MasterSingleModeWinsSaddle.SingleModeWinsSaddle>
              ._winSaddleIdArray = <? len=44>
                [0] 2 (obscured)
                [1] 3 (obscured)
                [2] 4 (obscured)
                [3] 5 (obscured)
                [4] 6 (obscured)
                [5] 7 (obscured)
                [6] 9 (obscured)
                [7] 10 (obscured)
                [8] 11 (obscured)
                [9] 13 (obscured)
              ._cacheCharaId = 1016 (obscured)
              ._masterCardData = <Gallop.MasterCardData.CardData>
              ._masterCharaData = <?>
              ._masterCardRarityData = <?>
              .<SingleTotalRaceNum>k__BackingField = 43
              ._singleWinNum = -1 (obscured)
              .<TrainedCharaDataAccessor>k__BackingField = <Gallop.PlayerTrainedCharaDataAccessor>
          [9] <Gallop.WorkTrainedCharaData.TrainedCharaData>
              ._id = 332 (obscured)
              ._isSaved = 213 (obscured)
              ._viewerId = <redacted>
              ._ownerViewerId = <redacted>
              ._ownerTrainedCharaId = 0 (obscured)
              ._useType = <?>
              ._cardId = 102602 (obscured)
              ._nickNameId = 180 (obscured)
              ._nickNameIdArray = <? len=64>
                [0] 2 (obscured)
                [1] 7 (obscured)
                [2] 8 (obscured)
                [3] 10 (obscured)
                [4] 20 (obscured)
                [5] 21 (obscured)
                [6] 24 (obscured)
                [7] 26 (obscured)
                [8] 28 (obscured)
                [9] 29 (obscured)
              ._stamina = 858 (obscured)
              ._speed = 1200 (obscured)
              ._power = 822 (obscured)
              ._guts = 628 (obscured)
              ._wiz = 616 (obscured)
              ._fans = 711121 (obscured)
              ._rank = 15 (obscured)
              ._rankScore = 15347 (obscured)
              ._runningStyle = 1 (obscured)
              ._properGroundTurf = 8 (obscured)
              ._properGroundDirt = 1 (obscured)
              ._properDistanceShort = 5 (obscured)
              ._properDistanceMile = 7 (obscured)
              ._properDistanceMiddle = 7 (obscured)
              ._properDistanceLong = 7 (obscured)
              ._properRunningStyleNige = 7 (obscured)
              ._properRunningStyleSenko = 3 (obscured)
              ._properRunningStyleSashi = 1 (obscured)
              ._properRunningStyleOikomi = 1 (obscured)
              .<SuccessionCount>k__BackingField = 2 (obscured)
              .<FactorDataArray>k__BackingField = <? len=14>
                [0] <Gallop.WorkTrainedCharaData.TrainedCharaData.SuccessionCharaData.FactorData>
                [1] <Gallop.WorkTrainedCharaData.TrainedCharaData.SuccessionCharaData.FactorData>
                [2] <Gallop.WorkTrainedCharaData.TrainedCharaData.SuccessionCharaData.FactorData>
                [3] <Gallop.WorkTrainedCharaData.TrainedCharaData.SuccessionCharaData.FactorData>
                [4] <Gallop.WorkTrainedCharaData.TrainedCharaData.SuccessionCharaData.FactorData>
                [5] <Gallop.WorkTrainedCharaData.TrainedCharaData.SuccessionCharaData.FactorData>
                [6] <Gallop.WorkTrainedCharaData.TrainedCharaData.SuccessionCharaData.FactorData>
                [7] <Gallop.WorkTrainedCharaData.TrainedCharaData.SuccessionCharaData.FactorData>
                [8] <Gallop.WorkTrainedCharaData.TrainedCharaData.SuccessionCharaData.FactorData>
                [9] <Gallop.WorkTrainedCharaData.TrainedCharaData.SuccessionCharaData.FactorData>
              .<CreateTime>k__BackingField = 0 (obscured)
              .<ScenarioId>k__BackingField = 4 (obscured)
              .<TalentLevel>k__BackingField = 5 (obscured)
              .<CharaGrade>k__BackingField = 10 (obscured)
              .<Rarity>k__BackingField = 5 (obscured)
              .<IsLock>k__BackingField = 181 (obscured)
              ._favoriteData = <Gallop.WorkTrainedCharaData.FavoriteData>
              ._cachedCreateTimeTimeStamp = 0 (obscured)
              ._sortedFactorList = <System.Collections.Generic.List<Gallop.MasterSuccessionFactor.SuccessionFactor>>
              ._sortedFactorProfileCardList = <?>
              ._factorListIncludingSuccession = <?>
              .<SuccessionCharaList>k__BackingField = <System.Collections.Generic.List<Gallop.WorkTrainedCharaData.TrainedCharaData.SuccessionCharaData>>
              .IsSuccessionHistoryInitialized = false
              .<SuccessionHistoryList>k__BackingField = <System.Collections.Generic.List<Gallop.SuccessionHistory>>
              .<AcquiredSkillArray>k__BackingField = <? len=14>
                [0] <Gallop.WorkSkillData.AcquiredSkill>
                [1] <Gallop.WorkSkillData.AcquiredSkill>
                [2] <Gallop.WorkSkillData.AcquiredSkill>
                [3] <Gallop.WorkSkillData.AcquiredSkill>
                [4] <Gallop.WorkSkillData.AcquiredSkill>
                [5] <Gallop.WorkSkillData.AcquiredSkill>
                [6] <Gallop.WorkSkillData.AcquiredSkill>
                [7] <Gallop.WorkSkillData.AcquiredSkill>
                [8] <Gallop.WorkSkillData.AcquiredSkill>
                [9] <Gallop.WorkSkillData.AcquiredSkill>
              .<SupportCardArray>k__BackingField = <? len=6>
                [0] <Gallop.WorkTrainedCharaData.SupportCardData>
                [1] <Gallop.WorkTrainedCharaData.SupportCardData>
                [2] <Gallop.WorkTrainedCharaData.SupportCardData>
                [3] <Gallop.WorkTrainedCharaData.SupportCardData>
                [4] <Gallop.WorkTrainedCharaData.SupportCardData>
                [5] <Gallop.WorkTrainedCharaData.SupportCardData>
              .<SingleModeRaceResultArray>k__BackingField = <? len=33>
                [0] <Gallop.SingleModeUtils.RaceHistoryInfo>
                [1] <Gallop.SingleModeUtils.RaceHistoryInfo>
                [2] <Gallop.SingleModeUtils.RaceHistoryInfo>
                [3] <Gallop.SingleModeUtils.RaceHistoryInfo>
                [4] <Gallop.SingleModeUtils.RaceHistoryInfo>
                [5] <Gallop.SingleModeUtils.RaceHistoryInfo>
                [6] <Gallop.SingleModeUtils.RaceHistoryInfo>
                [7] <Gallop.SingleModeUtils.RaceHistoryInfo>
                [8] <Gallop.SingleModeUtils.RaceHistoryInfo>
                [9] <Gallop.SingleModeUtils.RaceHistoryInfo>
              ._winSaddleArray = <? len=30>
                [0] <Gallop.MasterSingleModeWinsSaddle.SingleModeWinsSaddle>
                [1] <Gallop.MasterSingleModeWinsSaddle.SingleModeWinsSaddle>
                [2] <Gallop.MasterSingleModeWinsSaddle.SingleModeWinsSaddle>
                [3] <Gallop.MasterSingleModeWinsSaddle.SingleModeWinsSaddle>
                [4] <Gallop.MasterSingleModeWinsSaddle.SingleModeWinsSaddle>
                [5] <Gallop.MasterSingleModeWinsSaddle.SingleModeWinsSaddle>
                [6] <Gallop.MasterSingleModeWinsSaddle.SingleModeWinsSaddle>
                [7] <Gallop.MasterSingleModeWinsSaddle.SingleModeWinsSaddle>
                [8] <Gallop.MasterSingleModeWinsSaddle.SingleModeWinsSaddle>
                [9] <Gallop.MasterSingleModeWinsSaddle.SingleModeWinsSaddle>
              ._winSaddleIdArray = <? len=30>
                [0] 1 (obscured)
                [1] 2 (obscured)
                [2] 4 (obscured)
                [3] 5 (obscured)
                [4] 6 (obscured)
                [5] 7 (obscured)
                [6] 10 (obscured)
                [7] 11 (obscured)
                [8] 12 (obscured)
                [9] 13 (obscured)
              ._cacheCharaId = 1026 (obscured)
              ._masterCardData = <Gallop.MasterCardData.CardData>
              ._masterCharaData = <?>
              ._masterCardRarityData = <?>
              .<SingleTotalRaceNum>k__BackingField = 33
              ._singleWinNum = -1 (obscured)
              .<TrainedCharaDataAccessor>k__BackingField = <Gallop.PlayerTrainedCharaDataAccessor>
        .EventRentalUserInfoArray = <? len=0>
        .EventRentalTrainedCharaArray = <? len=0>
        .<RunningStyle>k__BackingField = <?>
        .<RouteRaceProgramId>k__BackingField = 0
      .<CharaProperInfo>k__BackingField = <Gallop.PartsSingleModeStartProperFrame.InfoWithBonus>
        ._paramWithBonus = <?>
        ._highlightArrayTargetList = <System.Collections.Generic.List<Gallop.MasterSuccessionFactorEffect.SuccessionFactorEffect.FactorTargetType> count=2>
          [0] <?>
          [1] <?>
        ._turf = <?>
        ._dirt = <?>
        ._short = <?>
        ._mile = <?>
        ._middle = <?>
        ._long = <?>
        ._nige = <?>
        ._senko = <?>
        ._sashi = <?>
        ._oikomi = <?>
      .<SelectRouteRaceProgramId>k__BackingField = 0

=== HEAP SCAN (0 of 0 candidates, cap 0) ===

[+] scout complete; detach happens now
