[i] mode path: run this with the game at: whatever the path needs
[+] attaching to PID 7568
[+] IL2CPP ready, scouting...

=== PATH: candidate classes ===

=== Gallop.SceneManager -> _currentViewController -> _skillInfoList ===
  _currentViewController: Gallop.SingleModeSkillLearningViewController
  _skillInfoList: System.Collections.Generic.List<Gallop.SingleModeSkillLearningViewController.SkillInfo>
  <System.Collections.Generic.List<Gallop.SingleModeSkillLearningViewController.SkillInfo> count=43>
      [0] <Gallop.SingleModeSkillLearningViewController.SkillInfo>
          ._skillList = <System.Collections.Generic.List<Gallop.PartsSingleModeSkillLearningListItem.Info> count=1>
            [0] <Gallop.PartsSingleModeSkillLearningListItem.Info>
                .<SkillId>k__BackingField = 110111
                .<Level>k__BackingField = 4
                .<IsAcquired>k__BackingField = false
                .<ChangeLevel>k__BackingField = 4
                .<IsGet>k__BackingField = true
                .<IsLock>k__BackingField = false
                .<StatusType>k__BackingField = <?>
                .<StatusValue>k__BackingField = 0
                .<NeedPoint>k__BackingField = 0
                .<CalcNeedPoint>k__BackingField = 0
                .<OriginNeedPoint>k__BackingField = 0
                .DiscountRateForDisplay = 0
                .HintLv = 0
                .IsSelected = false
                .<MasterData>k__BackingField = <Gallop.MasterSkillData.SkillData>
                  .Id = 110111
                  .Rarity = 5
                  .GroupId = 11011
                  .GroupRate = 1
                  .FilterSwitch = 0
                  .GradeValue = 340
                  .SkillCategory = 5
                  .TagId = "402"
                  .UniqueSkillId1 = 0
                  .UniqueSkillId2 = 0
                  .ExpType = 1
                  .PotentialPerDefault = 0
                  .ActivateLot = 0
                  .Priority = 0
                  .Precondition1 = ""
                  .Condition1 = "phase==1&change_order_onetime>0&order_rate>=40"
                  .FloatAbilityTime1 = 0
                  .AbilityTimeUsage1 = 1
                  .FloatCooldownTime1 = 5000000
                  .AbilityType11 = 9
                  .AbilityValueUsage11 = 1
                  .AdditionalActivateType11 = 0
                  .AbilityValueLevelUsage11 = 1
                  .FloatAbilityValue11 = 750
                  .TargetType11 = 1
                  .TargetValue11 = 0
                  .AbilityType12 = 0
                  .AbilityValueUsage12 = 1
                  .AdditionalActivateType12 = 0
                  .AbilityValueLevelUsage12 = 1
                  .FloatAbilityValue12 = 0
                  .TargetType12 = 0
                  .TargetValue12 = 0
                  .AbilityType13 = 0
                  .AbilityValueUsage13 = 1
                  .AdditionalActivateType13 = 0
                  .AbilityValueLevelUsage13 = 1
                  .FloatAbilityValue13 = 0
                  .TargetType13 = 0
                  .TargetValue13 = 0
                  .Precondition2 = ""
                  .Condition2 = ""
                  .FloatAbilityTime2 = 0
                  .AbilityTimeUsage2 = 1
                  .FloatCooldownTime2 = 0
                  .AbilityType21 = 0
                  .AbilityValueUsage21 = 1
                  .AdditionalActivateType21 = 0
                  .AbilityValueLevelUsage21 = 1
                  .FloatAbilityValue21 = 0
                  .TargetType21 = 0
                  .TargetValue21 = 0
                  .AbilityType22 = 0
                  .AbilityValueUsage22 = 1
                  .AdditionalActivateType22 = 0
                  .AbilityValueLevelUsage22 = 1
                  .FloatAbilityValue22 = 0
                  .TargetType22 = 0
                  .TargetValue22 = 0
                  .AbilityType23 = 0
                  .AbilityValueUsage23 = 1
                  .AdditionalActivateType23 = 0
                  .AbilityValueLevelUsage23 = 1
                  .FloatAbilityValue23 = 0
                  .TargetType23 = 0
                  .TargetValue23 = 0
                  .PopularityAddParam1 = 2
                  .PopularityAddValue1 = 60
                  .PopularityAddParam2 = 0
                  .PopularityAddValue2 = 0
                  .DispOrder = 10
                  .IconId = 20023
                  .PlateType = 0
                  .DisableSinglemode = 1
                  .DisableCountCondition = 0
                  .IsGeneralSkill = 0
                  .StartDate = 1483228800
                  .EndDate = 2524608000
                  ._tagIdsCached = false
                  ._tagIdList = <?>
                  ._eTagList = <?>
                .<NeedPointMasterData>k__BackingField = <?>
                .IsSkillUpgrade = false
      [1] <Gallop.SingleModeSkillLearningViewController.SkillInfo>
          ._skillList = <System.Collections.Generic.List<Gallop.PartsSingleModeSkillLearningListItem.Info> count=1>
            [0] <Gallop.PartsSingleModeSkillLearningListItem.Info>
                .<SkillId>k__BackingField = 900591
                .<Level>k__BackingField = 1
                .<IsAcquired>k__BackingField = false
                .<ChangeLevel>k__BackingField = 1
                .<IsGet>k__BackingField = false
                .<IsLock>k__BackingField = false
                .<StatusType>k__BackingField = <?>
                .<StatusValue>k__BackingField = 0
                .<NeedPoint>k__BackingField = 160
                .<CalcNeedPoint>k__BackingField = 160
                .<OriginNeedPoint>k__BackingField = 200
                .DiscountRateForDisplay = 20
                .HintLv = 2
                .IsSelected = false
                .<MasterData>k__BackingField = <Gallop.MasterSkillData.SkillData>
                  .Id = 900591
                  .Rarity = 1
                  .GroupId = 90059
                  .GroupRate = 2
                  .FilterSwitch = 0
                  .GradeValue = 180
                  .SkillCategory = 5
                  .TagId = "403"
                  .UniqueSkillId1 = 100591
                  .UniqueSkillId2 = 0
                  .ExpType = 0
                  .PotentialPerDefault = 0
                  .ActivateLot = 1
                  .Priority = 0
                  .Precondition1 = ""
                  .Condition1 = "phase>=2&corner!=0&is_finalcorner==0&temptation_count==0&order_rate>=50&order_rate<=70@phase==1&corner!=0&is_finalcorner==1&temptation_count==0&order_rate>=50&order_rate<=70"
                  .FloatAbilityTime1 = 24000
                  .AbilityTimeUsage1 = 1
                  .FloatCooldownTime1 = 5000000
                  .AbilityType11 = 31
                  .AbilityValueUsage11 = 1
                  .AdditionalActivateType11 = 0
                  .AbilityValueLevelUsage11 = 1
                  .FloatAbilityValue11 = 2000
                  .TargetType11 = 1
                  .TargetValue11 = 0
                  .AbilityType12 = 0
                  .AbilityValueUsage12 = 1
                  .AdditionalActivateType12 = 0
                  .AbilityValueLevelUsage12 = 1
                  .FloatAbilityValue12 = 0
                  .TargetType12 = 0
                  .TargetValue12 = 0
                  .AbilityType13 = 0
                  .AbilityValueUsage13 = 1
                  .AdditionalActivateType13 = 0
                  .AbilityValueLevelUsage13 = 1
                  .FloatAbilityValue13 = 0
                  .TargetType13 = 0
                  .TargetValue13 = 0
                  .Precondition2 = ""
                  .Condition2 = ""
                  .FloatAbilityTime2 = 0
                  .AbilityTimeUsage2 = 1
                  .FloatCooldownTime2 = 0
                  .AbilityType21 = 0
                  .AbilityValueUsage21 = 1
                  .AdditionalActivateType21 = 0
                  .AbilityValueLevelUsage21 = 1
                  .FloatAbilityValue21 = 0
                  .TargetType21 = 0
                  .TargetValue21 = 0
                  .AbilityType22 = 0
                  .AbilityValueUsage22 = 1
                  .AdditionalActivateType22 = 0
                  .AbilityValueLevelUsage22 = 1
                  .FloatAbilityValue22 = 0
                  .TargetType22 = 0
                  .TargetValue22 = 0
                  .AbilityType23 = 0
                  .AbilityValueUsage23 = 1
                  .AdditionalActivateType23 = 0
                  .AbilityValueLevelUsage23 = 1
                  .FloatAbilityValue23 = 0
                  .TargetType23 = 0
                  .TargetValue23 = 0
                  .PopularityAddParam1 = 3
                  .PopularityAddValue1 = 15
                  .PopularityAddParam2 = 0
                  .PopularityAddValue2 = 0
                  .DispOrder = 30
                  .IconId = 20041
                  .PlateType = 0
                  .DisableSinglemode = 1
                  .DisableCountCondition = 0
                  .IsGeneralSkill = 1
                  .StartDate = 1483228800
                  .EndDate = 2524608000
                  ._tagIdsCached = false
                  ._tagIdList = <?>
                  ._eTagList = <?>
                .<NeedPointMasterData>k__BackingField = <Gallop.MasterSingleModeSkillNeedPoint.SingleModeSkillNeedPoint>
                  .Id = 900591
                  .NeedSkillPoint = 200
                  .StatusType = 0
                  .StatusValue = 0
                  .SolvableType = 0
                .IsSkillUpgrade = false
      [2] <Gallop.SingleModeSkillLearningViewController.SkillInfo>
          ._skillList = <System.Collections.Generic.List<Gallop.PartsSingleModeSkillLearningListItem.Info> count=1>
            [0] <Gallop.PartsSingleModeSkillLearningListItem.Info>
                .<SkillId>k__BackingField = 900121
                .<Level>k__BackingField = 1
                .<IsAcquired>k__BackingField = false
                .<ChangeLevel>k__BackingField = 1
                .<IsGet>k__BackingField = false
                .<IsLock>k__BackingField = false
                .<StatusType>k__BackingField = <?>
                .<StatusValue>k__BackingField = 0
                .<NeedPoint>k__BackingField = 160
                .<CalcNeedPoint>k__BackingField = 160
                .<OriginNeedPoint>k__BackingField = 200
                .DiscountRateForDisplay = 20
                .HintLv = 2
                .IsSelected = false
                .<MasterData>k__BackingField = <Gallop.MasterSkillData.SkillData>
                  .Id = 900121
                  .Rarity = 1
                  .GroupId = 90012
                  .GroupRate = 2
                  .FilterSwitch = 0
                  .GradeValue = 180
                  .SkillCategory = 5
                  .TagId = "401"
                  .UniqueSkillId1 = 100121
                  .UniqueSkillId2 = 0
                  .ExpType = 0
                  .PotentialPerDefault = 0
                  .ActivateLot = 1
                  .Priority = 0
                  .Precondition1 = "is_finalcorner==1&is_behind_in==1&change_order_onetime<0&order_rate>=40"
                  .Condition1 = "is_finalcorner==1&corner==0"
                  .FloatAbilityTime1 = 30000
                  .AbilityTimeUsage1 = 1
                  .FloatCooldownTime1 = 5000000
                  .AbilityType11 = 27
                  .AbilityValueUsage11 = 1
                  .AdditionalActivateType11 = 0
                  .AbilityValueLevelUsage11 = 1
                  .FloatAbilityValue11 = 1500
                  .TargetType11 = 1
                  .TargetValue11 = 0
                  .AbilityType12 = 0
                  .AbilityValueUsage12 = 1
                  .AdditionalActivateType12 = 0
                  .AbilityValueLevelUsage12 = 1
                  .FloatAbilityValue12 = 0
                  .TargetType12 = 0
                  .TargetValue12 = 0
                  .AbilityType13 = 0
                  .AbilityValueUsage13 = 1
                  .AdditionalActivateType13 = 0
                  .AbilityValueLevelUsage13 = 1
                  .FloatAbilityValue13 = 0
                  .TargetType13 = 0
                  .TargetValue13 = 0
                  .Precondition2 = ""
                  .Condition2 = ""
                  .FloatAbilityTime2 = 0
                  .AbilityTimeUsage2 = 1
                  .FloatCooldownTime2 = 0
                  .AbilityType21 = 0
                  .AbilityValueUsage21 = 1
                  .AdditionalActivateType21 = 0
                  .AbilityValueLevelUsage21 = 1
                  .FloatAbilityValue21 = 0
                  .TargetType21 = 0
                  .TargetValue21 = 0
                  .AbilityType22 = 0
                  .AbilityValueUsage22 = 1
                  .AdditionalActivateType22 = 0
                  .AbilityValueLevelUsage22 = 1
                  .FloatAbilityValue22 = 0
                  .TargetType22 = 0
                  .TargetValue22 = 0
                  .AbilityType23 = 0
                  .AbilityValueUsage23 = 1
                  .AdditionalActivateType23 = 0
                  .AbilityValueLevelUsage23 = 1
                  .FloatAbilityValue23 = 0
                  .TargetType23 = 0
                  .TargetValue23 = 0
                  .PopularityAddParam1 = 1
                  .PopularityAddValue1 = 15
                  .PopularityAddParam2 = 0
                  .PopularityAddValue2 = 0
                  .DispOrder = 30
                  .IconId = 20011
                  .PlateType = 0
                  .DisableSinglemode = 1
                  .DisableCountCondition = 0
                  .IsGeneralSkill = 1
                  .StartDate = 1483228800
                  .EndDate = 2524608000
                  ._tagIdsCached = false
                  ._tagIdList = <?>
                  ._eTagList = <?>
                .<NeedPointMasterData>k__BackingField = <Gallop.MasterSingleModeSkillNeedPoint.SingleModeSkillNeedPoint>
                  .Id = 900121
                  .NeedSkillPoint = 200
                  .StatusType = 0
                  .StatusValue = 0
                  .SolvableType = 0
                .IsSkillUpgrade = false
      [3] <Gallop.SingleModeSkillLearningViewController.SkillInfo>
          ._skillList = <System.Collections.Generic.List<Gallop.PartsSingleModeSkillLearningListItem.Info> count=1>
            [0] <Gallop.PartsSingleModeSkillLearningListItem.Info>
                .<SkillId>k__BackingField = 900271
                .<Level>k__BackingField = 1
                .<IsAcquired>k__BackingField = false
                .<ChangeLevel>k__BackingField = 1
                .<IsGet>k__BackingField = false
                .<IsLock>k__BackingField = false
                .<StatusType>k__BackingField = <?>
                .<StatusValue>k__BackingField = 0
                .<NeedPoint>k__BackingField = 180
                .<CalcNeedPoint>k__BackingField = 180
                .<OriginNeedPoint>k__BackingField = 200
                .DiscountRateForDisplay = 10
                .HintLv = 1
                .IsSelected = false
                .<MasterData>k__BackingField = <Gallop.MasterSkillData.SkillData>
                  .Id = 900271
                  .Rarity = 1
                  .GroupId = 90027
                  .GroupRate = 2
                  .FilterSwitch = 0
                  .GradeValue = 180
                  .SkillCategory = 5
                  .TagId = "403"
                  .UniqueSkillId1 = 100271
                  .UniqueSkillId2 = 10271
                  .ExpType = 0
                  .PotentialPerDefault = 0
                  .ActivateLot = 1
                  .Priority = 0
                  .Precondition1 = ""
                  .Condition1 = "phase>=2&corner!=0&order_rate>=65&order_rate<=70"
                  .FloatAbilityTime1 = 24000
                  .AbilityTimeUsage1 = 1
                  .FloatCooldownTime1 = 5000000
                  .AbilityType11 = 31
                  .AbilityValueUsage11 = 1
                  .AdditionalActivateType11 = 0
                  .AbilityValueLevelUsage11 = 1
                  .FloatAbilityValue11 = 2000
                  .TargetType11 = 1
                  .TargetValue11 = 0
                  .AbilityType12 = 0
                  .AbilityValueUsage12 = 1
                  .AdditionalActivateType12 = 0
                  .AbilityValueLevelUsage12 = 1
                  .FloatAbilityValue12 = 0
                  .TargetType12 = 0
                  .TargetValue12 = 0
                  .AbilityType13 = 0
                  .AbilityValueUsage13 = 1
                  .AdditionalActivateType13 = 0
                  .AbilityValueLevelUsage13 = 1
                  .FloatAbilityValue13 = 0
                  .TargetType13 = 0
                  .TargetValue13 = 0
                  .Precondition2 = ""
                  .Condition2 = ""
                  .FloatAbilityTime2 = 0
                  .AbilityTimeUsage2 = 1
                  .FloatCooldownTime2 = 0
                  .AbilityType21 = 0
                  .AbilityValueUsage21 = 1
                  .AdditionalActivateType21 = 0
                  .AbilityValueLevelUsage21 = 1
                  .FloatAbilityValue21 = 0
                  .TargetType21 = 0
                  .TargetValue21 = 0
                  .AbilityType22 = 0
                  .AbilityValueUsage22 = 1
                  .AdditionalActivateType22 = 0
                  .AbilityValueLevelUsage22 = 1
                  .FloatAbilityValue22 = 0
                  .TargetType22 = 0
                  .TargetValue22 = 0
                  .AbilityType23 = 0
                  .AbilityValueUsage23 = 1
                  .AdditionalActivateType23 = 0
                  .AbilityValueLevelUsage23 = 1
                  .FloatAbilityValue23 = 0
                  .TargetType23 = 0
                  .TargetValue23 = 0
                  .PopularityAddParam1 = 3
                  .PopularityAddValue1 = 15
                  .PopularityAddParam2 = 0
                  .PopularityAddValue2 = 0
                  .DispOrder = 30
                  .IconId = 20041
                  .PlateType = 0
                  .DisableSinglemode = 1
                  .DisableCountCondition = 0
                  .IsGeneralSkill = 1
                  .StartDate = 1483228800
                  .EndDate = 2524608000
                  ._tagIdsCached = false
                  ._tagIdList = <?>
                  ._eTagList = <?>
                .<NeedPointMasterData>k__BackingField = <Gallop.MasterSingleModeSkillNeedPoint.SingleModeSkillNeedPoint>
                  .Id = 900271
                  .NeedSkillPoint = 200
                  .StatusType = 0
                  .StatusValue = 0
                  .SolvableType = 0
                .IsSkillUpgrade = false
      [4] <Gallop.SingleModeSkillLearningViewController.SkillInfo>
          ._skillList = <System.Collections.Generic.List<Gallop.PartsSingleModeSkillLearningListItem.Info> count=2>
            [0] <Gallop.PartsSingleModeSkillLearningListItem.Info>
                .<SkillId>k__BackingField = 200032
                .<Level>k__BackingField = 1
                .<IsAcquired>k__BackingField = false
                .<ChangeLevel>k__BackingField = 1
                .<IsGet>k__BackingField = false
                .<IsLock>k__BackingField = false
                .<StatusType>k__BackingField = <?>
                .<StatusValue>k__BackingField = 0
                .<NeedPoint>k__BackingField = 81
                .<CalcNeedPoint>k__BackingField = 81
                .<OriginNeedPoint>k__BackingField = 90
                .DiscountRateForDisplay = 10
                .HintLv = 1
                .IsSelected = false
                .<MasterData>k__BackingField = <Gallop.MasterSkillData.SkillData>
                  .Id = 200032
                  .Rarity = 1
                  .GroupId = 20003
                  .GroupRate = 1
                  .FilterSwitch = 0
                  .GradeValue = 129
                  .SkillCategory = 0
                  .TagId = "402/604"
                  .UniqueSkillId1 = 0
                  .UniqueSkillId2 = 0
                  .ExpType = 0
                  .PotentialPerDefault = 10
                  .ActivateLot = 0
                  .Priority = 0
                  .Precondition1 = ""
                  .Condition1 = "track_id==10006"
                  .FloatAbilityTime1 = -1
                  .AbilityTimeUsage1 = 1
                  .FloatCooldownTime1 = 0
                  .AbilityType11 = 2
                  .AbilityValueUsage11 = 1
                  .AdditionalActivateType11 = 0
                  .AbilityValueLevelUsage11 = 1
                  .FloatAbilityValue11 = 400000
                  .TargetType11 = 1
                  .TargetValue11 = 0
                  .AbilityType12 = 0
                  .AbilityValueUsage12 = 1
                  .AdditionalActivateType12 = 0
                  .AbilityValueLevelUsage12 = 1
                  .FloatAbilityValue12 = 0
                  .TargetType12 = 0
                  .TargetValue12 = 0
                  .AbilityType13 = 0
                  .AbilityValueUsage13 = 1
                  .AdditionalActivateType13 = 0
                  .AbilityValueLevelUsage13 = 1
                  .FloatAbilityValue13 = 0
                  .TargetType13 = 0
                  .TargetValue13 = 0
                  .Precondition2 = ""
                  .Condition2 = ""
                  .FloatAbilityTime2 = 0
                  .AbilityTimeUsage2 = 1
                  .FloatCooldownTime2 = 0
                  .AbilityType21 = 0
                  .AbilityValueUsage21 = 1
                  .AdditionalActivateType21 = 0
                  .AbilityValueLevelUsage21 = 1
                  .FloatAbilityValue21 = 0
                  .TargetType21 = 0
                  .TargetValue21 = 0
                  .AbilityType22 = 0
                  .AbilityValueUsage22 = 1
                  .AdditionalActivateType22 = 0
                  .AbilityValueLevelUsage22 = 1
                  .FloatAbilityValue22 = 0
                  .TargetType22 = 0
                  .TargetValue22 = 0
                  .AbilityType23 = 0
                  .AbilityValueUsage23 = 1
                  .AdditionalActivateType23 = 0
                  .AbilityValueLevelUsage23 = 1
                  .FloatAbilityValue23 = 0
                  .TargetType23 = 0
                  .TargetValue23 = 0
                  .PopularityAddParam1 = 2
                  .PopularityAddValue1 = 30
                  .PopularityAddParam2 = 0
                  .PopularityAddValue2 = 0
                  .DispOrder = 1070
                  .IconId = 10021
                  .PlateType = 0
                  .DisableSinglemode = 0
                  .DisableCountCondition = 0
                  .IsGeneralSkill = 1
                  .StartDate = 1483228800
                  .EndDate = 2524608000
                  ._tagIdsCached = false
                  ._tagIdList = <?>
                  ._eTagList = <?>
                .<NeedPointMasterData>k__BackingField = <Gallop.MasterSingleModeSkillNeedPoint.SingleModeSkillNeedPoint>
                  .Id = 200032
                  .NeedSkillPoint = 90
                  .StatusType = 0
                  .StatusValue = 0
                  .SolvableType = 0
                .IsSkillUpgrade = false
            [1] <Gallop.PartsSingleModeSkillLearningListItem.Info>
                .<SkillId>k__BackingField = 200031
                .<Level>k__BackingField = 1
                .<IsAcquired>k__BackingField = false
                .<ChangeLevel>k__BackingField = 1
                .<IsGet>k__BackingField = false
                .<IsLock>k__BackingField = false
                .<StatusType>k__BackingField = <?>
                .<StatusValue>k__BackingField = 0
                .<NeedPoint>k__BackingField = 99
                .<CalcNeedPoint>k__BackingField = 99
                .<OriginNeedPoint>k__BackingField = 110
                .DiscountRateForDisplay = 10
                .HintLv = 1
                .IsSelected = false
                .<MasterData>k__BackingField = <Gallop.MasterSkillData.SkillData>
                  .Id = 200031
                  .Rarity = 1
                  .GroupId = 20003
                  .GroupRate = 2
                  .FilterSwitch = 0
                  .GradeValue = 174
                  .SkillCategory = 0
                  .TagId = "402/604"
                  .UniqueSkillId1 = 0
                  .UniqueSkillId2 = 0
                  .ExpType = 0
                  .PotentialPerDefault = 10
                  .ActivateLot = 0
                  .Priority = 0
                  .Precondition1 = ""
                  .Condition1 = "track_id==10006"
                  .FloatAbilityTime1 = -1
                  .AbilityTimeUsage1 = 1
                  .FloatCooldownTime1 = 0
                  .AbilityType11 = 2
                  .AbilityValueUsage11 = 1
                  .AdditionalActivateType11 = 0
                  .AbilityValueLevelUsage11 = 1
                  .FloatAbilityValue11 = 600000
                  .TargetType11 = 1
                  .TargetValue11 = 0
                  .AbilityType12 = 0
                  .AbilityValueUsage12 = 1
                  .AdditionalActivateType12 = 0
                  .AbilityValueLevelUsage12 = 1
                  .FloatAbilityValue12 = 0
                  .TargetType12 = 0
                  .TargetValue12 = 0
                  .AbilityType13 = 0
                  .AbilityValueUsage13 = 1
                  .AdditionalActivateType13 = 0
                  .AbilityValueLevelUsage13 = 1
                  .FloatAbilityValue13 = 0
                  .TargetType13 = 0
                  .TargetValue13 = 0
                  .Precondition2 = ""
                  .Condition2 = ""
                  .FloatAbilityTime2 = 0
                  .AbilityTimeUsage2 = 1
                  .FloatCooldownTime2 = 0
                  .AbilityType21 = 0
                  .AbilityValueUsage21 = 1
                  .AdditionalActivateType21 = 0
                  .AbilityValueLevelUsage21 = 1
                  .FloatAbilityValue21 = 0
                  .TargetType21 = 0
                  .TargetValue21 = 0
                  .AbilityType22 = 0
                  .AbilityValueUsage22 = 1
                  .AdditionalActivateType22 = 0
                  .AbilityValueLevelUsage22 = 1
                  .FloatAbilityValue22 = 0
                  .TargetType22 = 0
                  .TargetValue22 = 0
                  .AbilityType23 = 0
                  .AbilityValueUsage23 = 1
                  .AdditionalActivateType23 = 0
                  .AbilityValueLevelUsage23 = 1
                  .FloatAbilityValue23 = 0
                  .TargetType23 = 0
                  .TargetValue23 = 0
                  .PopularityAddParam1 = 2
                  .PopularityAddValue1 = 45
                  .PopularityAddParam2 = 0
                  .PopularityAddValue2 = 0
                  .DispOrder = 1060
                  .IconId = 10021
                  .PlateType = 0
                  .DisableSinglemode = 1
                  .DisableCountCondition = 0
                  .IsGeneralSkill = 1
                  .StartDate = 1483228800
                  .EndDate = 2524608000
                  ._tagIdsCached = false
                  ._tagIdList = <?>
                  ._eTagList = <?>
                .<NeedPointMasterData>k__BackingField = <Gallop.MasterSingleModeSkillNeedPoint.SingleModeSkillNeedPoint>
                  .Id = 200031
                  .NeedSkillPoint = 110
                  .StatusType = 0
                  .StatusValue = 0
                  .SolvableType = 0
                .IsSkillUpgrade = false
      [5] <Gallop.SingleModeSkillLearningViewController.SkillInfo>
          ._skillList = <System.Collections.Generic.List<Gallop.PartsSingleModeSkillLearningListItem.Info> count=2>
            [0] <Gallop.PartsSingleModeSkillLearningListItem.Info>
                .<SkillId>k__BackingField = 200062
                .<Level>k__BackingField = 1
                .<IsAcquired>k__BackingField = false
                .<ChangeLevel>k__BackingField = 1
                .<IsGet>k__BackingField = false
                .<IsLock>k__BackingField = false
                .<StatusType>k__BackingField = <?>
                .<StatusValue>k__BackingField = 0
                .<NeedPoint>k__BackingField = 81
                .<CalcNeedPoint>k__BackingField = 81
                .<OriginNeedPoint>k__BackingField = 90
                .DiscountRateForDisplay = 10
                .HintLv = 1
                .IsSelected = false
                .<MasterData>k__BackingField = <Gallop.MasterSkillData.SkillData>
                  .Id = 200062
                  .Rarity = 1
                  .GroupId = 20006
                  .GroupRate = 1
                  .FilterSwitch = 0
                  .GradeValue = 129
                  .SkillCategory = 0
                  .TagId = "402/604"
                  .UniqueSkillId1 = 0
                  .UniqueSkillId2 = 0
                  .ExpType = 0
                  .PotentialPerDefault = 10
                  .ActivateLot = 0
                  .Priority = 0
                  .Precondition1 = ""
                  .Condition1 = "track_id==10008"
                  .FloatAbilityTime1 = -1
                  .AbilityTimeUsage1 = 1
                  .FloatCooldownTime1 = 0
                  .AbilityType11 = 2
                  .AbilityValueUsage11 = 1
                  .AdditionalActivateType11 = 0
                  .AbilityValueLevelUsage11 = 1
                  .FloatAbilityValue11 = 400000
                  .TargetType11 = 1
                  .TargetValue11 = 0
                  .AbilityType12 = 0
                  .AbilityValueUsage12 = 1
                  .AdditionalActivateType12 = 0
                  .AbilityValueLevelUsage12 = 1
                  .FloatAbilityValue12 = 0
                  .TargetType12 = 0
                  .TargetValue12 = 0
                  .AbilityType13 = 0
                  .AbilityValueUsage13 = 1
                  .AdditionalActivateType13 = 0
                  .AbilityValueLevelUsage13 = 1
                  .FloatAbilityValue13 = 0
                  .TargetType13 = 0
                  .TargetValue13 = 0
                  .Precondition2 = ""
                  .Condition2 = ""
                  .FloatAbilityTime2 = 0
                  .AbilityTimeUsage2 = 1
                  .FloatCooldownTime2 = 0
                  .AbilityType21 = 0
                  .AbilityValueUsage21 = 1
                  .AdditionalActivateType21 = 0
                  .AbilityValueLevelUsage21 = 1
                  .FloatAbilityValue21 = 0
                  .TargetType21 = 0
                  .TargetValue21 = 0
                  .AbilityType22 = 0
                  .AbilityValueUsage22 = 1
                  .AdditionalActivateType22 = 0
                  .AbilityValueLevelUsage22 = 1
                  .FloatAbilityValue22 = 0
                  .TargetType22 = 0
                  .TargetValue22 = 0
                  .AbilityType23 = 0
                  .AbilityValueUsage23 = 1
                  .AdditionalActivateType23 = 0
                  .AbilityValueLevelUsage23 = 1
                  .FloatAbilityValue23 = 0
                  .TargetType23 = 0
                  .TargetValue23 = 0
                  .PopularityAddParam1 = 2
                  .PopularityAddValue1 = 30
                  .PopularityAddParam2 = 0
                  .PopularityAddValue2 = 0
                  .DispOrder = 1160
                  .IconId = 10021
                  .PlateType = 0
                  .DisableSinglemode = 0
                  .DisableCountCondition = 0
                  .IsGeneralSkill = 1
                  .StartDate = 1483228800
                  .EndDate = 2524608000
                  ._tagIdsCached = false
                  ._tagIdList = <?>
                  ._eTagList = <?>
                .<NeedPointMasterData>k__BackingField = <Gallop.MasterSingleModeSkillNeedPoint.SingleModeSkillNeedPoint>
                  .Id = 200062
                  .NeedSkillPoint = 90
                  .StatusType = 0
                  .StatusValue = 0
                  .SolvableType = 0
                .IsSkillUpgrade = false
            [1] <Gallop.PartsSingleModeSkillLearningListItem.Info>
                .<SkillId>k__BackingField = 200061
                .<Level>k__BackingField = 1
                .<IsAcquired>k__BackingField = false
                .<ChangeLevel>k__BackingField = 1
                .<IsGet>k__BackingField = false
                .<IsLock>k__BackingField = false
                .<StatusType>k__BackingField = <?>
                .<StatusValue>k__BackingField = 0
                .<NeedPoint>k__BackingField = 99
                .<CalcNeedPoint>k__BackingField = 99
                .<OriginNeedPoint>k__BackingField = 110
                .DiscountRateForDisplay = 10
                .HintLv = 1
                .IsSelected = false
                .<MasterData>k__BackingField = <Gallop.MasterSkillData.SkillData>
                  .Id = 200061
                  .Rarity = 1
                  .GroupId = 20006
                  .GroupRate = 2
                  .FilterSwitch = 0
                  .GradeValue = 174
                  .SkillCategory = 0
                  .TagId = "402/604"
                  .UniqueSkillId1 = 0
                  .UniqueSkillId2 = 0
                  .ExpType = 0
                  .PotentialPerDefault = 10
                  .ActivateLot = 0
                  .Priority = 0
                  .Precondition1 = ""
                  .Condition1 = "track_id==10008"
                  .FloatAbilityTime1 = -1
                  .AbilityTimeUsage1 = 1
                  .FloatCooldownTime1 = 0
                  .AbilityType11 = 2
                  .AbilityValueUsage11 = 1
                  .AdditionalActivateType11 = 0
                  .AbilityValueLevelUsage11 = 1
                  .FloatAbilityValue11 = 600000
                  .TargetType11 = 1
                  .TargetValue11 = 0
                  .AbilityType12 = 0
                  .AbilityValueUsage12 = 1
                  .AdditionalActivateType12 = 0
                  .AbilityValueLevelUsage12 = 1
                  .FloatAbilityValue12 = 0
                  .TargetType12 = 0
                  .TargetValue12 = 0
                  .AbilityType13 = 0
                  .AbilityValueUsage13 = 1
                  .AdditionalActivateType13 = 0
                  .AbilityValueLevelUsage13 = 1
                  .FloatAbilityValue13 = 0
                  .TargetType13 = 0
                  .TargetValue13 = 0
                  .Precondition2 = ""
                  .Condition2 = ""
                  .FloatAbilityTime2 = 0
                  .AbilityTimeUsage2 = 1
                  .FloatCooldownTime2 = 0
                  .AbilityType21 = 0
                  .AbilityValueUsage21 = 1
                  .AdditionalActivateType21 = 0
                  .AbilityValueLevelUsage21 = 1
                  .FloatAbilityValue21 = 0
                  .TargetType21 = 0
                  .TargetValue21 = 0
                  .AbilityType22 = 0
                  .AbilityValueUsage22 = 1
                  .AdditionalActivateType22 = 0
                  .AbilityValueLevelUsage22 = 1
                  .FloatAbilityValue22 = 0
                  .TargetType22 = 0
                  .TargetValue22 = 0
                  .AbilityType23 = 0
                  .AbilityValueUsage23 = 1
                  .AdditionalActivateType23 = 0
                  .AbilityValueLevelUsage23 = 1
                  .FloatAbilityValue23 = 0
                  .TargetType23 = 0
                  .TargetValue23 = 0
                  .PopularityAddParam1 = 2
                  .PopularityAddValue1 = 45
                  .PopularityAddParam2 = 0
                  .PopularityAddValue2 = 0
                  .DispOrder = 1150
                  .IconId = 10021
                  .PlateType = 0
                  .DisableSinglemode = 1
                  .DisableCountCondition = 0
                  .IsGeneralSkill = 1
                  .StartDate = 1483228800
                  .EndDate = 2524608000
                  ._tagIdsCached = false
                  ._tagIdList = <?>
                  ._eTagList = <?>
                .<NeedPointMasterData>k__BackingField = <Gallop.MasterSingleModeSkillNeedPoint.SingleModeSkillNeedPoint>
                  .Id = 200061
                  .NeedSkillPoint = 110
                  .StatusType = 0
                  .StatusValue = 0
                  .SolvableType = 0
                .IsSkillUpgrade = false
      [6] <Gallop.SingleModeSkillLearningViewController.SkillInfo>
          ._skillList = <System.Collections.Generic.List<Gallop.PartsSingleModeSkillLearningListItem.Info> count=2>
            [0] <Gallop.PartsSingleModeSkillLearningListItem.Info>
                .<SkillId>k__BackingField = 200142
                .<Level>k__BackingField = 1
                .<IsAcquired>k__BackingField = false
                .<ChangeLevel>k__BackingField = 1
                .<IsGet>k__BackingField = false
                .<IsLock>k__BackingField = false
                .<StatusType>k__BackingField = <?>
                .<StatusValue>k__BackingField = 0
                .<NeedPoint>k__BackingField = 81
                .<CalcNeedPoint>k__BackingField = 81
                .<OriginNeedPoint>k__BackingField = 90
                .DiscountRateForDisplay = 10
                .HintLv = 1
                .IsSelected = true
                .<MasterData>k__BackingField = <Gallop.MasterSkillData.SkillData>
                  .Id = 200142
                  .Rarity = 1
                  .GroupId = 20014
                  .GroupRate = 1
                  .FilterSwitch = 0
                  .GradeValue = 129
                  .SkillCategory = 0
                  .TagId = "402/607"
                  .UniqueSkillId1 = 0
                  .UniqueSkillId2 = 0
                  .ExpType = 0
                  .PotentialPerDefault = 10
                  .ActivateLot = 0
                  .Priority = 0
                  .Precondition1 = ""
                  .Condition1 = "is_basis_distance==0"
                  .FloatAbilityTime1 = -1
                  .AbilityTimeUsage1 = 1
                  .FloatCooldownTime1 = 0
                  .AbilityType11 = 2
                  .AbilityValueUsage11 = 1
                  .AdditionalActivateType11 = 0
                  .AbilityValueLevelUsage11 = 1
                  .FloatAbilityValue11 = 400000
                  .TargetType11 = 1
                  .TargetValue11 = 0
                  .AbilityType12 = 0
                  .AbilityValueUsage12 = 1
                  .AdditionalActivateType12 = 0
                  .AbilityValueLevelUsage12 = 1
                  .FloatAbilityValue12 = 0
                  .TargetType12 = 0
                  .TargetValue12 = 0
                  .AbilityType13 = 0
                  .AbilityValueUsage13 = 1
                  .AdditionalActivateType13 = 0
                  .AbilityValueLevelUsage13 = 1
                  .FloatAbilityValue13 = 0
                  .TargetType13 = 0
                  .TargetValue13 = 0
                  .Precondition2 = ""
                  .Condition2 = ""
                  .FloatAbilityTime2 = 0
                  .AbilityTimeUsage2 = 1
                  .FloatCooldownTime2 = 0
                  .AbilityType21 = 0
                  .AbilityValueUsage21 = 1
                  .AdditionalActivateType21 = 0
                  .AbilityValueLevelUsage21 = 1
                  .FloatAbilityValue21 = 0
                  .TargetType21 = 0
                  .TargetValue21 = 0
                  .AbilityType22 = 0
                  .AbilityValueUsage22 = 1
                  .AdditionalActivateType22 = 0
                  .AbilityValueLevelUsage22 = 1
                  .FloatAbilityValue22 = 0
                  .TargetType22 = 0
                  .TargetValue22 = 0
                  .AbilityType23 = 0
                  .AbilityValueUsage23 = 1
                  .AdditionalActivateType23 = 0
                  .AbilityValueLevelUsage23 = 1
                  .FloatAbilityValue23 = 0
                  .TargetType23 = 0
                  .TargetValue23 = 0
                  .PopularityAddParam1 = 2
                  .PopularityAddValue1 = 30
                  .PopularityAddParam2 = 0
                  .PopularityAddValue2 = 0
                  .DispOrder = 1430
                  .IconId = 10021
                  .PlateType = 0
                  .DisableSinglemode = 0
                  .DisableCountCondition = 0
                  .IsGeneralSkill = 1
                  .StartDate = 1483228800
                  .EndDate = 2524608000
                  ._tagIdsCached = false
                  ._tagIdList = <?>
                  ._eTagList = <?>
                .<NeedPointMasterData>k__BackingField = <Gallop.MasterSingleModeSkillNeedPoint.SingleModeSkillNeedPoint>
                  .Id = 200142
                  .NeedSkillPoint = 90
                  .StatusType = 0
                  .StatusValue = 0
                  .SolvableType = 0
                .IsSkillUpgrade = false
            [1] <Gallop.PartsSingleModeSkillLearningListItem.Info>
                .<SkillId>k__BackingField = 200141
                .<Level>k__BackingField = 1
                .<IsAcquired>k__BackingField = false
                .<ChangeLevel>k__BackingField = 1
                .<IsGet>k__BackingField = false
                .<IsLock>k__BackingField = false
                .<StatusType>k__BackingField = <?>
                .<StatusValue>k__BackingField = 0
                .<NeedPoint>k__BackingField = 99
                .<CalcNeedPoint>k__BackingField = 99
                .<OriginNeedPoint>k__BackingField = 110
                .DiscountRateForDisplay = 10
                .HintLv = 1
                .IsSelected = true
                .<MasterData>k__BackingField = <Gallop.MasterSkillData.SkillData>
                  .Id = 200141
                  .Rarity = 1
                  .GroupId = 20014
                  .GroupRate = 2
                  .FilterSwitch = 0
                  .GradeValue = 174
                  .SkillCategory = 0
                  .TagId = "402/607"
                  .UniqueSkillId1 = 0
                  .UniqueSkillId2 = 0
                  .ExpType = 0
                  .PotentialPerDefault = 10
                  .ActivateLot = 0
                  .Priority = 0
                  .Precondition1 = ""
                  .Condition1 = "is_basis_distance==0"
                  .FloatAbilityTime1 = -1
                  .AbilityTimeUsage1 = 1
                  .FloatCooldownTime1 = 0
                  .AbilityType11 = 2
                  .AbilityValueUsage11 = 1
                  .AdditionalActivateType11 = 0
                  .AbilityValueLevelUsage11 = 1
                  .FloatAbilityValue11 = 600000
                  .TargetType11 = 1
                  .TargetValue11 = 0
                  .AbilityType12 = 0
                  .AbilityValueUsage12 = 1
                  .AdditionalActivateType12 = 0
                  .AbilityValueLevelUsage12 = 1
                  .FloatAbilityValue12 = 0
                  .TargetType12 = 0
                  .TargetValue12 = 0
                  .AbilityType13 = 0
                  .AbilityValueUsage13 = 1
                  .AdditionalActivateType13 = 0
                  .AbilityValueLevelUsage13 = 1
                  .FloatAbilityValue13 = 0
                  .TargetType13 = 0
                  .TargetValue13 = 0
                  .Precondition2 = ""
                  .Condition2 = ""
                  .FloatAbilityTime2 = 0
                  .AbilityTimeUsage2 = 1
                  .FloatCooldownTime2 = 0
                  .AbilityType21 = 0
                  .AbilityValueUsage21 = 1
                  .AdditionalActivateType21 = 0
                  .AbilityValueLevelUsage21 = 1
                  .FloatAbilityValue21 = 0
                  .TargetType21 = 0
                  .TargetValue21 = 0
                  .AbilityType22 = 0
                  .AbilityValueUsage22 = 1
                  .AdditionalActivateType22 = 0
                  .AbilityValueLevelUsage22 = 1
                  .FloatAbilityValue22 = 0
                  .TargetType22 = 0
                  .TargetValue22 = 0
                  .AbilityType23 = 0
                  .AbilityValueUsage23 = 1
                  .AdditionalActivateType23 = 0
                  .AbilityValueLevelUsage23 = 1
                  .FloatAbilityValue23 = 0
                  .TargetType23 = 0
                  .TargetValue23 = 0
                  .PopularityAddParam1 = 2
                  .PopularityAddValue1 = 45
                  .PopularityAddParam2 = 0
                  .PopularityAddValue2 = 0
                  .DispOrder = 1420
                  .IconId = 10021
                  .PlateType = 0
                  .DisableSinglemode = 1
                  .DisableCountCondition = 0
                  .IsGeneralSkill = 1
                  .StartDate = 1483228800
                  .EndDate = 2524608000
                  ._tagIdsCached = false
                  ._tagIdList = <?>
                  ._eTagList = <?>
                .<NeedPointMasterData>k__BackingField = <Gallop.MasterSingleModeSkillNeedPoint.SingleModeSkillNeedPoint>
                  .Id = 200141
                  .NeedSkillPoint = 110
                  .StatusType = 0
                  .StatusValue = 0
                  .SolvableType = 0
                .IsSkillUpgrade = false
      [7] <Gallop.SingleModeSkillLearningViewController.SkillInfo>
          ._skillList = <System.Collections.Generic.List<Gallop.PartsSingleModeSkillLearningListItem.Info> count=2>
            [0] <Gallop.PartsSingleModeSkillLearningListItem.Info>
                .<SkillId>k__BackingField = 200152
                .<Level>k__BackingField = 1
                .<IsAcquired>k__BackingField = false
                .<ChangeLevel>k__BackingField = 1
                .<IsGet>k__BackingField = false
                .<IsLock>k__BackingField = false
                .<StatusType>k__BackingField = <?>
                .<StatusValue>k__BackingField = 0
                .<NeedPoint>k__BackingField = 58
                .<CalcNeedPoint>k__BackingField = 58
                .<OriginNeedPoint>k__BackingField = 90
                .DiscountRateForDisplay = 35
                .HintLv = 4
                .IsSelected = true
                .<MasterData>k__BackingField = <Gallop.MasterSkillData.SkillData>
                  .Id = 200152
                  .Rarity = 1
                  .GroupId = 20015
                  .GroupRate = 1
                  .FilterSwitch = 0
                  .GradeValue = 129
                  .SkillCategory = 0
                  .TagId = "403/601"
                  .UniqueSkillId1 = 0
                  .UniqueSkillId2 = 0
                  .ExpType = 0
                  .PotentialPerDefault = 10
                  .ActivateLot = 0
                  .Priority = 0
                  .Precondition1 = ""
                  .Condition1 = "ground_condition==1"
                  .FloatAbilityTime1 = -1
                  .AbilityTimeUsage1 = 1
                  .FloatCooldownTime1 = 0
                  .AbilityType11 = 3
                  .AbilityValueUsage11 = 1
                  .AdditionalActivateType11 = 0
                  .AbilityValueLevelUsage11 = 1
                  .FloatAbilityValue11 = 400000
                  .TargetType11 = 1
                  .TargetValue11 = 0
                  .AbilityType12 = 0
                  .AbilityValueUsage12 = 1
                  .AdditionalActivateType12 = 0
                  .AbilityValueLevelUsage12 = 1
                  .FloatAbilityValue12 = 0
                  .TargetType12 = 0
                  .TargetValue12 = 0
                  .AbilityType13 = 0
                  .AbilityValueUsage13 = 1
                  .AdditionalActivateType13 = 0
                  .AbilityValueLevelUsage13 = 1
                  .FloatAbilityValue13 = 0
                  .TargetType13 = 0
                  .TargetValue13 = 0
                  .Precondition2 = ""
                  .Condition2 = ""
                  .FloatAbilityTime2 = 0
                  .AbilityTimeUsage2 = 1
                  .FloatCooldownTime2 = 0
                  .AbilityType21 = 0
                  .AbilityValueUsage21 = 1
                  .AdditionalActivateType21 = 0
                  .AbilityValueLevelUsage21 = 1
                  .FloatAbilityValue21 = 0
                  .TargetType21 = 0
                  .TargetValue21 = 0
                  .AbilityType22 = 0
                  .AbilityValueUsage22 = 1
                  .AdditionalActivateType22 = 0
                  .AbilityValueLevelUsage22 = 1
                  .FloatAbilityValue22 = 0
                  .TargetType22 = 0
                  .TargetValue22 = 0
                  .AbilityType23 = 0
                  .AbilityValueUsage23 = 1
                  .AdditionalActivateType23 = 0
                  .AbilityValueLevelUsage23 = 1
                  .FloatAbilityValue23 = 0
                  .TargetType23 = 0
                  .TargetValue23 = 0
                  .PopularityAddParam1 = 3
                  .PopularityAddValue1 = 30
                  .PopularityAddParam2 = 0
                  .PopularityAddValue2 = 0
                  .DispOrder = 1460
                  .IconId = 10031
                  .PlateType = 0
                  .DisableSinglemode = 0
                  .DisableCountCondition = 0
                  .IsGeneralSkill = 1
                  .StartDate = 1483228800
                  .EndDate = 2524608000
                  ._tagIdsCached = false
                  ._tagIdList = <?>
                  ._eTagList = <?>
                .<NeedPointMasterData>k__BackingField = <Gallop.MasterSingleModeSkillNeedPoint.SingleModeSkillNeedPoint>
                  .Id = 200152
                  .NeedSkillPoint = 90
                  .StatusType = 0
                  .StatusValue = 0
                  .SolvableType = 0
                .IsSkillUpgrade = false
            [1] <Gallop.PartsSingleModeSkillLearningListItem.Info>
                .<SkillId>k__BackingField = 200151
                .<Level>k__BackingField = 1
                .<IsAcquired>k__BackingField = false
                .<ChangeLevel>k__BackingField = 1
                .<IsGet>k__BackingField = false
                .<IsLock>k__BackingField = false
                .<StatusType>k__BackingField = <?>
                .<StatusValue>k__BackingField = 0
                .<NeedPoint>k__BackingField = 71
                .<CalcNeedPoint>k__BackingField = 71
                .<OriginNeedPoint>k__BackingField = 110
                .DiscountRateForDisplay = 35
                .HintLv = 4
                .IsSelected = false
                .<MasterData>k__BackingField = <Gallop.MasterSkillData.SkillData>
                  .Id = 200151
                  .Rarity = 1
                  .GroupId = 20015
                  .GroupRate = 2
                  .FilterSwitch = 0
                  .GradeValue = 174
                  .SkillCategory = 0
                  .TagId = "403/601"
                  .UniqueSkillId1 = 0
                  .UniqueSkillId2 = 0
                  .ExpType = 0
                  .PotentialPerDefault = 10
                  .ActivateLot = 0
                  .Priority = 0
                  .Precondition1 = ""
                  .Condition1 = "ground_condition==1"
                  .FloatAbilityTime1 = -1
                  .AbilityTimeUsage1 = 1
                  .FloatCooldownTime1 = 0
                  .AbilityType11 = 3
                  .AbilityValueUsage11 = 1
                  .AdditionalActivateType11 = 0
                  .AbilityValueLevelUsage11 = 1
                  .FloatAbilityValue11 = 600000
                  .TargetType11 = 1
                  .TargetValue11 = 0
                  .AbilityType12 = 0
                  .AbilityValueUsage12 = 1
                  .AdditionalActivateType12 = 0
                  .AbilityValueLevelUsage12 = 1
                  .FloatAbilityValue12 = 0
                  .TargetType12 = 0
                  .TargetValue12 = 0
                  .AbilityType13 = 0
                  .AbilityValueUsage13 = 1
                  .AdditionalActivateType13 = 0
                  .AbilityValueLevelUsage13 = 1
                  .FloatAbilityValue13 = 0
                  .TargetType13 = 0
                  .TargetValue13 = 0
                  .Precondition2 = ""
                  .Condition2 = ""
                  .FloatAbilityTime2 = 0
                  .AbilityTimeUsage2 = 1
                  .FloatCooldownTime2 = 0
                  .AbilityType21 = 0
                  .AbilityValueUsage21 = 1
                  .AdditionalActivateType21 = 0
                  .AbilityValueLevelUsage21 = 1
                  .FloatAbilityValue21 = 0
                  .TargetType21 = 0
                  .TargetValue21 = 0
                  .AbilityType22 = 0
                  .AbilityValueUsage22 = 1
                  .AdditionalActivateType22 = 0
                  .AbilityValueLevelUsage22 = 1
                  .FloatAbilityValue22 = 0
                  .TargetType22 = 0
                  .TargetValue22 = 0
                  .AbilityType23 = 0
                  .AbilityValueUsage23 = 1
                  .AdditionalActivateType23 = 0
                  .AbilityValueLevelUsage23 = 1
                  .FloatAbilityValue23 = 0
                  .TargetType23 = 0
                  .TargetValue23 = 0
                  .PopularityAddParam1 = 3
                  .PopularityAddValue1 = 45
                  .PopularityAddParam2 = 0
                  .PopularityAddValue2 = 0
                  .DispOrder = 1450
                  .IconId = 10031
                  .PlateType = 0
                  .DisableSinglemode = 1
                  .DisableCountCondition = 0
                  .IsGeneralSkill = 1
                  .StartDate = 1483228800
                  .EndDate = 2524608000
                  ._tagIdsCached = false
                  ._tagIdList = <?>
                  ._eTagList = <?>
                .<NeedPointMasterData>k__BackingField = <Gallop.MasterSingleModeSkillNeedPoint.SingleModeSkillNeedPoint>
                  .Id = 200151
                  .NeedSkillPoint = 110
                  .StatusType = 0
                  .StatusValue = 0
                  .SolvableType = 0
                .IsSkillUpgrade = false
      [8] <Gallop.SingleModeSkillLearningViewController.SkillInfo>
          ._skillList = <System.Collections.Generic.List<Gallop.PartsSingleModeSkillLearningListItem.Info> count=2>
            [0] <Gallop.PartsSingleModeSkillLearningListItem.Info>
                .<SkillId>k__BackingField = 200192
                .<Level>k__BackingField = 1
                .<IsAcquired>k__BackingField = false
                .<ChangeLevel>k__BackingField = 1
                .<IsGet>k__BackingField = false
                .<IsLock>k__BackingField = false
                .<StatusType>k__BackingField = <?>
                .<StatusValue>k__BackingField = 0
                .<NeedPoint>k__BackingField = 81
                .<CalcNeedPoint>k__BackingField = 81
                .<OriginNeedPoint>k__BackingField = 90
                .DiscountRateForDisplay = 10
                .HintLv = 1
                .IsSelected = true
                .<MasterData>k__BackingField = <Gallop.MasterSkillData.SkillData>
                  .Id = 200192
                  .Rarity = 1
                  .GroupId = 20019
                  .GroupRate = 1
                  .FilterSwitch = 0
                  .GradeValue = 129
                  .SkillCategory = 0
                  .TagId = "401/603"
                  .UniqueSkillId1 = 0
                  .UniqueSkillId2 = 0
                  .ExpType = 0
                  .PotentialPerDefault = 10
                  .ActivateLot = 0
                  .Priority = 0
                  .Precondition1 = ""
                  .Condition1 = "season==3"
                  .FloatAbilityTime1 = -1
                  .AbilityTimeUsage1 = 1
                  .FloatCooldownTime1 = 0
                  .AbilityType11 = 1
                  .AbilityValueUsage11 = 1
                  .AdditionalActivateType11 = 0
                  .AbilityValueLevelUsage11 = 1
                  .FloatAbilityValue11 = 400000
                  .TargetType11 = 1
                  .TargetValue11 = 0
                  .AbilityType12 = 0
                  .AbilityValueUsage12 = 1
                  .AdditionalActivateType12 = 0
                  .AbilityValueLevelUsage12 = 1
                  .FloatAbilityValue12 = 0
                  .TargetType12 = 0
                  .TargetValue12 = 0
                  .AbilityType13 = 0
                  .AbilityValueUsage13 = 1
                  .AdditionalActivateType13 = 0
                  .AbilityValueLevelUsage13 = 1
                  .FloatAbilityValue13 = 0
                  .TargetType13 = 0
                  .TargetValue13 = 0
                  .Precondition2 = ""
                  .Condition2 = ""
                  .FloatAbilityTime2 = 0
                  .AbilityTimeUsage2 = 1
                  .FloatCooldownTime2 = 0
                  .AbilityType21 = 0
                  .AbilityValueUsage21 = 1
                  .AdditionalActivateType21 = 0
                  .AbilityValueLevelUsage21 = 1
                  .FloatAbilityValue21 = 0
                  .TargetType21 = 0
                  .TargetValue21 = 0
                  .AbilityType22 = 0
                  .AbilityValueUsage22 = 1
                  .AdditionalActivateType22 = 0
                  .AbilityValueLevelUsage22 = 1
                  .FloatAbilityValue22 = 0
                  .TargetType22 = 0
                  .TargetValue22 = 0
                  .AbilityType23 = 0
                  .AbilityValueUsage23 = 1
                  .AdditionalActivateType23 = 0
                  .AbilityValueLevelUsage23 = 1
                  .FloatAbilityValue23 = 0
                  .TargetType23 = 0
                  .TargetValue23 = 0
                  .PopularityAddParam1 = 1
                  .PopularityAddValue1 = 30
                  .PopularityAddParam2 = 0
                  .PopularityAddValue2 = 0
                  .DispOrder = 1580
                  .IconId = 10011
                  .PlateType = 0
                  .DisableSinglemode = 0
                  .DisableCountCondition = 0
                  .IsGeneralSkill = 1
                  .StartDate = 1483228800
                  .EndDate = 2524608000
                  ._tagIdsCached = false
                  ._tagIdList = <?>
                  ._eTagList = <?>
                .<NeedPointMasterData>k__BackingField = <Gallop.MasterSingleModeSkillNeedPoint.SingleModeSkillNeedPoint>
                  .Id = 200192
                  .NeedSkillPoint = 90
                  .StatusType = 0
                  .StatusValue = 0
                  .SolvableType = 0
                .IsSkillUpgrade = false
            [1] <Gallop.PartsSingleModeSkillLearningListItem.Info>
                .<SkillId>k__BackingField = 200191
                .<Level>k__BackingField = 1
                .<IsAcquired>k__BackingField = false
                .<ChangeLevel>k__BackingField = 1
                .<IsGet>k__BackingField = false
                .<IsLock>k__BackingField = false
                .<StatusType>k__BackingField = <?>
                .<StatusValue>k__BackingField = 0
                .<NeedPoint>k__BackingField = 99
                .<CalcNeedPoint>k__BackingField = 99
                .<OriginNeedPoint>k__BackingField = 110
                .DiscountRateForDisplay = 10
                .HintLv = 1
                .IsSelected = false
                .<MasterData>k__BackingField = <Gallop.MasterSkillData.SkillData>
                  .Id = 200191
                  .Rarity = 1
                  .GroupId = 20019
                  .GroupRate = 2
                  .FilterSwitch = 0
                  .GradeValue = 174
                  .SkillCategory = 0
                  .TagId = "401/603"
                  .UniqueSkillId1 = 0
                  .UniqueSkillId2 = 0
                  .ExpType = 0
                  .PotentialPerDefault = 10
                  .ActivateLot = 0
                  .Priority = 0
                  .Precondition1 = ""
                  .Condition1 = "season==3"
                  .FloatAbilityTime1 = -1
                  .AbilityTimeUsage1 = 1
                  .FloatCooldownTime1 = 0
                  .AbilityType11 = 1
                  .AbilityValueUsage11 = 1
                  .AdditionalActivateType11 = 0
                  .AbilityValueLevelUsage11 = 1
                  .FloatAbilityValue11 = 600000
                  .TargetType11 = 1
                  .TargetValue11 = 0
                  .AbilityType12 = 0
                  .AbilityValueUsage12 = 1
                  .AdditionalActivateType12 = 0
                  .AbilityValueLevelUsage12 = 1
                  .FloatAbilityValue12 = 0
                  .TargetType12 = 0
                  .TargetValue12 = 0
                  .AbilityType13 = 0
                  .AbilityValueUsage13 = 1
                  .AdditionalActivateType13 = 0
                  .AbilityValueLevelUsage13 = 1
                  .FloatAbilityValue13 = 0
                  .TargetType13 = 0
                  .TargetValue13 = 0
                  .Precondition2 = ""
                  .Condition2 = ""
                  .FloatAbilityTime2 = 0
                  .AbilityTimeUsage2 = 1
                  .FloatCooldownTime2 = 0
                  .AbilityType21 = 0
                  .AbilityValueUsage21 = 1
                  .AdditionalActivateType21 = 0
                  .AbilityValueLevelUsage21 = 1
                  .FloatAbilityValue21 = 0
                  .TargetType21 = 0
                  .TargetValue21 = 0
                  .AbilityType22 = 0
                  .AbilityValueUsage22 = 1
                  .AdditionalActivateType22 = 0
                  .AbilityValueLevelUsage22 = 1
                  .FloatAbilityValue22 = 0
                  .TargetType22 = 0
                  .TargetValue22 = 0
                  .AbilityType23 = 0
                  .AbilityValueUsage23 = 1
                  .AdditionalActivateType23 = 0
                  .AbilityValueLevelUsage23 = 1
                  .FloatAbilityValue23 = 0
                  .TargetType23 = 0
                  .TargetValue23 = 0
                  .PopularityAddParam1 = 1
                  .PopularityAddValue1 = 45
                  .PopularityAddParam2 = 0
                  .PopularityAddValue2 = 0
                  .DispOrder = 1570
                  .IconId = 10011
                  .PlateType = 0
                  .DisableSinglemode = 1
                  .DisableCountCondition = 0
                  .IsGeneralSkill = 1
                  .StartDate = 1483228800
                  .EndDate = 2524608000
                  ._tagIdsCached = false
                  ._tagIdList = <?>
                  ._eTagList = <?>
                .<NeedPointMasterData>k__BackingField = <Gallop.MasterSingleModeSkillNeedPoint.SingleModeSkillNeedPoint>
                  .Id = 200191
                  .NeedSkillPoint = 110
                  .StatusType = 0
                  .StatusValue = 0
                  .SolvableType = 0
                .IsSkillUpgrade = false
      [9] <Gallop.SingleModeSkillLearningViewController.SkillInfo>
          ._skillList = <System.Collections.Generic.List<Gallop.PartsSingleModeSkillLearningListItem.Info> count=2>
            [0] <Gallop.PartsSingleModeSkillLearningListItem.Info>
                .<SkillId>k__BackingField = 200202
                .<Level>k__BackingField = 1
                .<IsAcquired>k__BackingField = false
                .<ChangeLevel>k__BackingField = 1
                .<IsGet>k__BackingField = false
                .<IsLock>k__BackingField = false
                .<StatusType>k__BackingField = <?>
                .<StatusValue>k__BackingField = 0
                .<NeedPoint>k__BackingField = 81
                .<CalcNeedPoint>k__BackingField = 81
                .<OriginNeedPoint>k__BackingField = 90
                .DiscountRateForDisplay = 10
                .HintLv = 1
                .IsSelected = true
                .<MasterData>k__BackingField = <Gallop.MasterSkillData.SkillData>
                  .Id = 200202
                  .Rarity = 1
                  .GroupId = 20020
                  .GroupRate = 1
                  .FilterSwitch = 0
                  .GradeValue = 129
                  .SkillCategory = 0
                  .TagId = "401/603"
                  .UniqueSkillId1 = 0
                  .UniqueSkillId2 = 0
                  .ExpType = 0
                  .PotentialPerDefault = 10
                  .ActivateLot = 0
                  .Priority = 0
                  .Precondition1 = ""
                  .Condition1 = "season==4"
                  .FloatAbilityTime1 = -1
                  .AbilityTimeUsage1 = 1
                  .FloatCooldownTime1 = 0
                  .AbilityType11 = 1
                  .AbilityValueUsage11 = 1
                  .AdditionalActivateType11 = 0
                  .AbilityValueLevelUsage11 = 1
                  .FloatAbilityValue11 = 400000
                  .TargetType11 = 1
                  .TargetValue11 = 0
                  .AbilityType12 = 0
                  .AbilityValueUsage12 = 1
                  .AdditionalActivateType12 = 0
                  .AbilityValueLevelUsage12 = 1
                  .FloatAbilityValue12 = 0
                  .TargetType12 = 0
                  .TargetValue12 = 0
                  .AbilityType13 = 0
                  .AbilityValueUsage13 = 1
                  .AdditionalActivateType13 = 0
                  .AbilityValueLevelUsage13 = 1
                  .FloatAbilityValue13 = 0
                  .TargetType13 = 0
                  .TargetValue13 = 0
                  .Precondition2 = ""
                  .Condition2 = ""
                  .FloatAbilityTime2 = 0
                  .AbilityTimeUsage2 = 1
                  .FloatCooldownTime2 = 0
                  .AbilityType21 = 0
                  .AbilityValueUsage21 = 1
                  .AdditionalActivateType21 = 0
                  .AbilityValueLevelUsage21 = 1
                  .FloatAbilityValue21 = 0
                  .TargetType21 = 0
                  .TargetValue21 = 0
                  .AbilityType22 = 0
                  .AbilityValueUsage22 = 1
                  .AdditionalActivateType22 = 0
                  .AbilityValueLevelUsage22 = 1
                  .FloatAbilityValue22 = 0
                  .TargetType22 = 0
                  .TargetValue22 = 0
                  .AbilityType23 = 0
                  .AbilityValueUsage23 = 1
                  .AdditionalActivateType23 = 0
                  .AbilityValueLevelUsage23 = 1
                  .FloatAbilityValue23 = 0
                  .TargetType23 = 0
                  .TargetValue23 = 0
                  .PopularityAddParam1 = 1
                  .PopularityAddValue1 = 30
                  .PopularityAddParam2 = 0
                  .PopularityAddValue2 = 0
                  .DispOrder = 1610
                  .IconId = 10011
                  .PlateType = 0
                  .DisableSinglemode = 0
                  .DisableCountCondition = 0
                  .IsGeneralSkill = 1
                  .StartDate = 1483228800
                  .EndDate = 2524608000
                  ._tagIdsCached = false
                  ._tagIdList = <?>
                  ._eTagList = <?>
                .<NeedPointMasterData>k__BackingField = <Gallop.MasterSingleModeSkillNeedPoint.SingleModeSkillNeedPoint>
                  .Id = 200202
                  .NeedSkillPoint = 90
                  .StatusType = 0
                  .StatusValue = 0
                  .SolvableType = 0
                .IsSkillUpgrade = false
            [1] <Gallop.PartsSingleModeSkillLearningListItem.Info>
                .<SkillId>k__BackingField = 200201
                .<Level>k__BackingField = 1
                .<IsAcquired>k__BackingField = false
                .<ChangeLevel>k__BackingField = 1
                .<IsGet>k__BackingField = false
                .<IsLock>k__BackingField = false
                .<StatusType>k__BackingField = <?>
                .<StatusValue>k__BackingField = 0
                .<NeedPoint>k__BackingField = 99
                .<CalcNeedPoint>k__BackingField = 99
                .<OriginNeedPoint>k__BackingField = 110
                .DiscountRateForDisplay = 10
                .HintLv = 1
                .IsSelected = false
                .<MasterData>k__BackingField = <Gallop.MasterSkillData.SkillData>
                  .Id = 200201
                  .Rarity = 1
                  .GroupId = 20020
                  .GroupRate = 2
                  .FilterSwitch = 0
                  .GradeValue = 174
                  .SkillCategory = 0
                  .TagId = "401/603"
                  .UniqueSkillId1 = 0
                  .UniqueSkillId2 = 0
                  .ExpType = 0
                  .PotentialPerDefault = 10
                  .ActivateLot = 0
                  .Priority = 0
                  .Precondition1 = ""
                  .Condition1 = "season==4"
                  .FloatAbilityTime1 = -1
                  .AbilityTimeUsage1 = 1
                  .FloatCooldownTime1 = 0
                  .AbilityType11 = 1
                  .AbilityValueUsage11 = 1
                  .AdditionalActivateType11 = 0
                  .AbilityValueLevelUsage11 = 1
                  .FloatAbilityValue11 = 600000
                  .TargetType11 = 1
                  .TargetValue11 = 0
                  .AbilityType12 = 0
                  .AbilityValueUsage12 = 1
                  .AdditionalActivateType12 = 0
                  .AbilityValueLevelUsage12 = 1
                  .FloatAbilityValue12 = 0
                  .TargetType12 = 0
                  .TargetValue12 = 0
                  .AbilityType13 = 0
                  .AbilityValueUsage13 = 1
                  .AdditionalActivateType13 = 0
                  .AbilityValueLevelUsage13 = 1
                  .FloatAbilityValue13 = 0
                  .TargetType13 = 0
                  .TargetValue13 = 0
                  .Precondition2 = ""
                  .Condition2 = ""
                  .FloatAbilityTime2 = 0
                  .AbilityTimeUsage2 = 1
                  .FloatCooldownTime2 = 0
                  .AbilityType21 = 0
                  .AbilityValueUsage21 = 1
                  .AdditionalActivateType21 = 0
                  .AbilityValueLevelUsage21 = 1
                  .FloatAbilityValue21 = 0
                  .TargetType21 = 0
                  .TargetValue21 = 0
                  .AbilityType22 = 0
                  .AbilityValueUsage22 = 1
                  .AdditionalActivateType22 = 0
                  .AbilityValueLevelUsage22 = 1
                  .FloatAbilityValue22 = 0
                  .TargetType22 = 0
                  .TargetValue22 = 0
                  .AbilityType23 = 0
                  .AbilityValueUsage23 = 1
                  .AdditionalActivateType23 = 0
                  .AbilityValueLevelUsage23 = 1
                  .FloatAbilityValue23 = 0
                  .TargetType23 = 0
                  .TargetValue23 = 0
                  .PopularityAddParam1 = 1
                  .PopularityAddValue1 = 45
                  .PopularityAddParam2 = 0
                  .PopularityAddValue2 = 0
                  .DispOrder = 1600
                  .IconId = 10011
                  .PlateType = 0
                  .DisableSinglemode = 1
                  .DisableCountCondition = 0
                  .IsGeneralSkill = 1
                  .StartDate = 1483228800
                  .EndDate = 2524608000
                  ._tagIdsCached = false
                  ._tagIdList = <?>
                  ._eTagList = <?>
                .<NeedPointMasterData>k__BackingField = <Gallop.MasterSingleModeSkillNeedPoint.SingleModeSkillNeedPoint>
                  .Id = 200201
                  .NeedSkillPoint = 110
                  .StatusType = 0
                  .StatusValue = 0
                  .SolvableType = 0
                .IsSkillUpgrade = false
      [10] <Gallop.SingleModeSkillLearningViewController.SkillInfo>
          ._skillList = <System.Collections.Generic.List<Gallop.PartsSingleModeSkillLearningListItem.Info> count=2>
            [0] <Gallop.PartsSingleModeSkillLearningListItem.Info>
                .<SkillId>k__BackingField = 200222
                .<Level>k__BackingField = 1
                .<IsAcquired>k__BackingField = false
                .<ChangeLevel>k__BackingField = 1
                .<IsGet>k__BackingField = false
                .<IsLock>k__BackingField = false
                .<StatusType>k__BackingField = <?>
                .<StatusValue>k__BackingField = 0
                .<NeedPoint>k__BackingField = 72
                .<CalcNeedPoint>k__BackingField = 72
                .<OriginNeedPoint>k__BackingField = 90
                .DiscountRateForDisplay = 20
                .HintLv = 2
                .IsSelected = false
                .<MasterData>k__BackingField = <Gallop.MasterSkillData.SkillData>
                  .Id = 200222
                  .Rarity = 1
                  .GroupId = 20022
                  .GroupRate = 1
                  .FilterSwitch = 0
                  .GradeValue = 129
                  .SkillCategory = 0
                  .TagId = "404/602"
                  .UniqueSkillId1 = 0
                  .UniqueSkillId2 = 0
                  .ExpType = 0
                  .PotentialPerDefault = 10
                  .ActivateLot = 0
                  .Priority = 0
                  .Precondition1 = ""
                  .Condition1 = "weather==2"
                  .FloatAbilityTime1 = -1
                  .AbilityTimeUsage1 = 1
                  .FloatCooldownTime1 = 0
                  .AbilityType11 = 4
                  .AbilityValueUsage11 = 1
                  .AdditionalActivateType11 = 0
                  .AbilityValueLevelUsage11 = 1
                  .FloatAbilityValue11 = 400000
                  .TargetType11 = 1
                  .TargetValue11 = 0
                  .AbilityType12 = 0
                  .AbilityValueUsage12 = 1
                  .AdditionalActivateType12 = 0
                  .AbilityValueLevelUsage12 = 1
                  .FloatAbilityValue12 = 0
                  .TargetType12 = 0
                  .TargetValue12 = 0
                  .AbilityType13 = 0
                  .AbilityValueUsage13 = 1
                  .AdditionalActivateType13 = 0
                  .AbilityValueLevelUsage13 = 1
                  .FloatAbilityValue13 = 0
                  .TargetType13 = 0
                  .TargetValue13 = 0
                  .Precondition2 = ""
                  .Condition2 = ""
                  .FloatAbilityTime2 = 0
                  .AbilityTimeUsage2 = 1
                  .FloatCooldownTime2 = 0
                  .AbilityType21 = 0
                  .AbilityValueUsage21 = 1
                  .AdditionalActivateType21 = 0
                  .AbilityValueLevelUsage21 = 1
                  .FloatAbilityValue21 = 0
                  .TargetType21 = 0
                  .TargetValue21 = 0
                  .AbilityType22 = 0
                  .AbilityValueUsage22 = 1
                  .AdditionalActivateType22 = 0
                  .AbilityValueLevelUsage22 = 1
                  .FloatAbilityValue22 = 0
                  .TargetType22 = 0
                  .TargetValue22 = 0
                  .AbilityType23 = 0
                  .AbilityValueUsage23 = 1
                  .AdditionalActivateType23 = 0
                  .AbilityValueLevelUsage23 = 1
                  .FloatAbilityValue23 = 0
                  .TargetType23 = 0
                  .TargetValue23 = 0
                  .PopularityAddParam1 = 4
                  .PopularityAddValue1 = 30
                  .PopularityAddParam2 = 0
                  .PopularityAddValue2 = 0
                  .DispOrder = 1660
                  .IconId = 10041
                  .PlateType = 0
                  .DisableSinglemode = 0
                  .DisableCountCondition = 0
                  .IsGeneralSkill = 1
                  .StartDate = 1483228800
                  .EndDate = 2524608000
                  ._tagIdsCached = false
                  ._tagIdList = <?>
                  ._eTagList = <?>
                .<NeedPointMasterData>k__BackingField = <Gallop.MasterSingleModeSkillNeedPoint.SingleModeSkillNeedPoint>
                  .Id = 200222
                  .NeedSkillPoint = 90
                  .StatusType = 0
                  .StatusValue = 0
                  .SolvableType = 0
                .IsSkillUpgrade = false
            [1] <Gallop.PartsSingleModeSkillLearningListItem.Info>
                .<SkillId>k__BackingField = 200221
                .<Level>k__BackingField = 1
                .<IsAcquired>k__BackingField = false
                .<ChangeLevel>k__BackingField = 1
                .<IsGet>k__BackingField = false
                .<IsLock>k__BackingField = false
                .<StatusType>k__BackingField = <?>
                .<StatusValue>k__BackingField = 0
                .<NeedPoint>k__BackingField = 88
                .<CalcNeedPoint>k__BackingField = 88
                .<OriginNeedPoint>k__BackingField = 110
                .DiscountRateForDisplay = 20
                .HintLv = 2
                .IsSelected = false
                .<MasterData>k__BackingField = <Gallop.MasterSkillData.SkillData>
                  .Id = 200221
                  .Rarity = 1
                  .GroupId = 20022
                  .GroupRate = 2
                  .FilterSwitch = 0
                  .GradeValue = 174
                  .SkillCategory = 0
                  .TagId = "404/602"
                  .UniqueSkillId1 = 0
                  .UniqueSkillId2 = 0
                  .ExpType = 0
                  .PotentialPerDefault = 10
                  .ActivateLot = 0
                  .Priority = 0
                  .Precondition1 = ""
                  .Condition1 = "weather==2"
                  .FloatAbilityTime1 = -1
                  .AbilityTimeUsage1 = 1
                  .FloatCooldownTime1 = 0
                  .AbilityType11 = 4
                  .AbilityValueUsage11 = 1
                  .AdditionalActivateType11 = 0
                  .AbilityValueLevelUsage11 = 1
                  .FloatAbilityValue11 = 600000
                  .TargetType11 = 1
                  .TargetValue11 = 0
                  .AbilityType12 = 0
                  .AbilityValueUsage12 = 1
                  .AdditionalActivateType12 = 0
                  .AbilityValueLevelUsage12 = 1
                  .FloatAbilityValue12 = 0
                  .TargetType12 = 0
                  .TargetValue12 = 0
                  .AbilityType13 = 0
                  .AbilityValueUsage13 = 1
                  .AdditionalActivateType13 = 0
                  .AbilityValueLevelUsage13 = 1
                  .FloatAbilityValue13 = 0
                  .TargetType13 = 0
                  .TargetValue13 = 0
                  .Precondition2 = ""
                  .Condition2 = ""
                  .FloatAbilityTime2 = 0
                  .AbilityTimeUsage2 = 1
                  .FloatCooldownTime2 = 0
                  .AbilityType21 = 0
                  .AbilityValueUsage21 = 1
                  .AdditionalActivateType21 = 0
                  .AbilityValueLevelUsage21 = 1
                  .FloatAbilityValue21 = 0
                  .TargetType21 = 0
                  .TargetValue21 = 0
                  .AbilityType22 = 0
                  .AbilityValueUsage22 = 1
                  .AdditionalActivateType22 = 0
                  .AbilityValueLevelUsage22 = 1
                  .FloatAbilityValue22 = 0
                  .TargetType22 = 0
                  .TargetValue22 = 0
                  .AbilityType23 = 0
                  .AbilityValueUsage23 = 1
                  .AdditionalActivateType23 = 0
                  .AbilityValueLevelUsage23 = 1
                  .FloatAbilityValue23 = 0
                  .TargetType23 = 0
                  .TargetValue23 = 0
                  .PopularityAddParam1 = 4
                  .PopularityAddValue1 = 45
                  .PopularityAddParam2 = 0
                  .PopularityAddValue2 = 0
                  .DispOrder = 1650
                  .IconId = 10041
                  .PlateType = 0
                  .DisableSinglemode = 1
                  .DisableCountCondition = 0
                  .IsGeneralSkill = 1
                  .StartDate = 1483228800
                  .EndDate = 2524608000
                  ._tagIdsCached = false
                  ._tagIdList = <?>
                  ._eTagList = <?>
                .<NeedPointMasterData>k__BackingField = <Gallop.MasterSingleModeSkillNeedPoint.SingleModeSkillNeedPoint>
                  .Id = 200221
                  .NeedSkillPoint = 110
                  .StatusType = 0
                  .StatusValue = 0
                  .SolvableType = 0
                .IsSkillUpgrade = false
      [11] <Gallop.SingleModeSkillLearningViewController.SkillInfo>
          ._skillList = <System.Collections.Generic.List<Gallop.PartsSingleModeSkillLearningListItem.Info> count=2>
            [0] <Gallop.PartsSingleModeSkillLearningListItem.Info>
                .<SkillId>k__BackingField = 200282
                .<Level>k__BackingField = 1
                .<IsAcquired>k__BackingField = false
                .<ChangeLevel>k__BackingField = 1
                .<IsGet>k__BackingField = false
                .<IsLock>k__BackingField = false
                .<StatusType>k__BackingField = <?>
                .<StatusValue>k__BackingField = 0
                .<NeedPoint>k__BackingField = 81
                .<CalcNeedPoint>k__BackingField = 81
                .<OriginNeedPoint>k__BackingField = 90
                .DiscountRateForDisplay = 10
                .HintLv = 1
                .IsSelected = false
                .<MasterData>k__BackingField = <Gallop.MasterSkillData.SkillData>
                  .Id = 200282
                  .Rarity = 1
                  .GroupId = 20028
                  .GroupRate = 1
                  .FilterSwitch = 0
                  .GradeValue = 129
                  .SkillCategory = 0
                  .TagId = "403/613"
                  .UniqueSkillId1 = 0
                  .UniqueSkillId2 = 0
                  .ExpType = 0
                  .PotentialPerDefault = 10
                  .ActivateLot = 0
                  .Priority = 0
                  .Precondition1 = ""
                  .Condition1 = "running_style_count_same_rate>=40"
                  .FloatAbilityTime1 = -1
                  .AbilityTimeUsage1 = 1
                  .FloatCooldownTime1 = 0
                  .AbilityType11 = 3
                  .AbilityValueUsage11 = 1
                  .AdditionalActivateType11 = 0
                  .AbilityValueLevelUsage11 = 1
                  .FloatAbilityValue11 = 400000
                  .TargetType11 = 1
                  .TargetValue11 = 0
                  .AbilityType12 = 0
                  .AbilityValueUsage12 = 1
                  .AdditionalActivateType12 = 0
                  .AbilityValueLevelUsage12 = 1
                  .FloatAbilityValue12 = 0
                  .TargetType12 = 0
                  .TargetValue12 = 0
                  .AbilityType13 = 0
                  .AbilityValueUsage13 = 1
                  .AdditionalActivateType13 = 0
                  .AbilityValueLevelUsage13 = 1
                  .FloatAbilityValue13 = 0
                  .TargetType13 = 0
                  .TargetValue13 = 0
                  .Precondition2 = ""
                  .Condition2 = ""
                  .FloatAbilityTime2 = 0
                  .AbilityTimeUsage2 = 1
                  .FloatCooldownTime2 = 0
                  .AbilityType21 = 0
                  .AbilityValueUsage21 = 1
                  .AdditionalActivateType21 = 0
                  .AbilityValueLevelUsage21 = 1
                  .FloatAbilityValue21 = 0
                  .TargetType21 = 0
                  .TargetValue21 = 0
                  .AbilityType22 = 0
                  .AbilityValueUsage22 = 1
                  .AdditionalActivateType22 = 0
                  .AbilityValueLevelUsage22 = 1
                  .FloatAbilityValue22 = 0
                  .TargetType22 = 0
                  .TargetValue22 = 0
                  .AbilityType23 = 0
                  .AbilityValueUsage23 = 1
                  .AdditionalActivateType23 = 0
                  .AbilityValueLevelUsage23 = 1
                  .FloatAbilityValue23 = 0
                  .TargetType23 = 0
                  .TargetValue23 = 0
                  .PopularityAddParam1 = 3
                  .PopularityAddValue1 = 30
                  .PopularityAddParam2 = 0
                  .PopularityAddValue2 = 0
                  .DispOrder = 1810
                  .IconId = 10031
                  .PlateType = 0
                  .DisableSinglemode = 0
                  .DisableCountCondition = 0
                  .IsGeneralSkill = 1
                  .StartDate = 1483228800
                  .EndDate = 2524608000
                  ._tagIdsCached = false
                  ._tagIdList = <?>
                  ._eTagList = <?>
                .<NeedPointMasterData>k__BackingField = <Gallop.MasterSingleModeSkillNeedPoint.SingleModeSkillNeedPoint>
                  .Id = 200282
                  .NeedSkillPoint = 90
                  .StatusType = 0
                  .StatusValue = 0
                  .SolvableType = 0
                .IsSkillUpgrade = false
            [1] <Gallop.PartsSingleModeSkillLearningListItem.Info>
                .<SkillId>k__BackingField = 200281
                .<Level>k__BackingField = 1
                .<IsAcquired>k__BackingField = false
                .<ChangeLevel>k__BackingField = 1
                .<IsGet>k__BackingField = false
                .<IsLock>k__BackingField = false
                .<StatusType>k__BackingField = <?>
                .<StatusValue>k__BackingField = 0
                .<NeedPoint>k__BackingField = 99
                .<CalcNeedPoint>k__BackingField = 99
                .<OriginNeedPoint>k__BackingField = 110
                .DiscountRateForDisplay = 10
                .HintLv = 1
                .IsSelected = false
                .<MasterData>k__BackingField = <Gallop.MasterSkillData.SkillData>
                  .Id = 200281
                  .Rarity = 1
                  .GroupId = 20028
                  .GroupRate = 2
                  .FilterSwitch = 0
                  .GradeValue = 174
                  .SkillCategory = 0
                  .TagId = "403/613"
                  .UniqueSkillId1 = 0
                  .UniqueSkillId2 = 0
                  .ExpType = 0
                  .PotentialPerDefault = 10
                  .ActivateLot = 0
                  .Priority = 0
                  .Precondition1 = ""
                  .Condition1 = "running_style_count_same_rate>=40"
                  .FloatAbilityTime1 = -1
                  .AbilityTimeUsage1 = 1
                  .FloatCooldownTime1 = 0
                  .AbilityType11 = 3
                  .AbilityValueUsage11 = 1
                  .AdditionalActivateType11 = 0
                  .AbilityValueLevelUsage11 = 1
                  .FloatAbilityValue11 = 600000
                  .TargetType11 = 1
                  .TargetValue11 = 0
                  .AbilityType12 = 0
                  .AbilityValueUsage12 = 1
                  .AdditionalActivateType12 = 0
                  .AbilityValueLevelUsage12 = 1
                  .FloatAbilityValue12 = 0
                  .TargetType12 = 0
                  .TargetValue12 = 0
                  .AbilityType13 = 0
                  .AbilityValueUsage13 = 1
                  .AdditionalActivateType13 = 0
                  .AbilityValueLevelUsage13 = 1
                  .FloatAbilityValue13 = 0
                  .TargetType13 = 0
                  .TargetValue13 = 0
                  .Precondition2 = ""
                  .Condition2 = ""
                  .FloatAbilityTime2 = 0
                  .AbilityTimeUsage2 = 1
                  .FloatCooldownTime2 = 0
                  .AbilityType21 = 0
                  .AbilityValueUsage21 = 1
                  .AdditionalActivateType21 = 0
                  .AbilityValueLevelUsage21 = 1
                  .FloatAbilityValue21 = 0
                  .TargetType21 = 0
                  .TargetValue21 = 0
                  .AbilityType22 = 0
                  .AbilityValueUsage22 = 1
                  .AdditionalActivateType22 = 0
                  .AbilityValueLevelUsage22 = 1
                  .FloatAbilityValue22 = 0
                  .TargetType22 = 0
                  .TargetValue22 = 0
                  .AbilityType23 = 0
                  .AbilityValueUsage23 = 1
                  .AdditionalActivateType23 = 0
                  .AbilityValueLevelUsage23 = 1
                  .FloatAbilityValue23 = 0
                  .TargetType23 = 0
                  .TargetValue23 = 0
                  .PopularityAddParam1 = 3
                  .PopularityAddValue1 = 45
                  .PopularityAddParam2 = 0
                  .PopularityAddValue2 = 0
                  .DispOrder = 1800
                  .IconId = 10031
                  .PlateType = 0
                  .DisableSinglemode = 1
                  .DisableCountCondition = 0
                  .IsGeneralSkill = 1
                  .StartDate = 1483228800
                  .EndDate = 2524608000
                  ._tagIdsCached = false
                  ._tagIdList = <?>
                  ._eTagList = <?>
                .<NeedPointMasterData>k__BackingField = <Gallop.MasterSingleModeSkillNeedPoint.SingleModeSkillNeedPoint>
                  .Id = 200281
                  .NeedSkillPoint = 110
                  .StatusType = 0
                  .StatusValue = 0
                  .SolvableType = 0
                .IsSkillUpgrade = false
      [12] <Gallop.SingleModeSkillLearningViewController.SkillInfo>
          ._skillList = <System.Collections.Generic.List<Gallop.PartsSingleModeSkillLearningListItem.Info> count=1>
            [0] <Gallop.PartsSingleModeSkillLearningListItem.Info>
                .<SkillId>k__BackingField = 200361
                .<Level>k__BackingField = 1
                .<IsAcquired>k__BackingField = false
                .<ChangeLevel>k__BackingField = 1
                .<IsGet>k__BackingField = false
                .<IsLock>k__BackingField = false
                .<StatusType>k__BackingField = <?>
                .<StatusValue>k__BackingField = 0
                .<NeedPoint>k__BackingField = 323
                .<CalcNeedPoint>k__BackingField = 153
                .<OriginNeedPoint>k__BackingField = 170
                .DiscountRateForDisplay = 10
                .HintLv = 1
                .IsSelected = false
                .<MasterData>k__BackingField = <Gallop.MasterSkillData.SkillData>
                  .Id = 200361
                  .Rarity = 2
                  .GroupId = 20036
                  .GroupRate = 2
                  .FilterSwitch = 0
                  .GradeValue = 508
                  .SkillCategory = 4
                  .TagId = "401"
                  .UniqueSkillId1 = 0
                  .UniqueSkillId2 = 0
                  .ExpType = 0
                  .PotentialPerDefault = 10
                  .ActivateLot = 1
                  .Priority = 0
                  .Precondition1 = ""
                  .Condition1 = "straight_random==1"
                  .FloatAbilityTime1 = 30000
                  .AbilityTimeUsage1 = 1
                  .FloatCooldownTime1 = 300000
                  .AbilityType11 = 27
                  .AbilityValueUsage11 = 1
                  .AdditionalActivateType11 = 0
                  .AbilityValueLevelUsage11 = 1
                  .FloatAbilityValue11 = 3500
                  .TargetType11 = 1
                  .TargetValue11 = 0
                  .AbilityType12 = 0
                  .AbilityValueUsage12 = 1
                  .AdditionalActivateType12 = 0
                  .AbilityValueLevelUsage12 = 1
                  .FloatAbilityValue12 = 0
                  .TargetType12 = 0
                  .TargetValue12 = 0
                  .AbilityType13 = 0
                  .AbilityValueUsage13 = 1
                  .AdditionalActivateType13 = 0
                  .AbilityValueLevelUsage13 = 1
                  .FloatAbilityValue13 = 0
                  .TargetType13 = 0
                  .TargetValue13 = 0
                  .Precondition2 = ""
                  .Condition2 = ""
                  .FloatAbilityTime2 = 0
                  .AbilityTimeUsage2 = 1
                  .FloatCooldownTime2 = 0
                  .AbilityType21 = 0
                  .AbilityValueUsage21 = 1
                  .AdditionalActivateType21 = 0
                  .AbilityValueLevelUsage21 = 1
                  .FloatAbilityValue21 = 0
                  .TargetType21 = 0
                  .TargetValue21 = 0
                  .AbilityType22 = 0
                  .AbilityValueUsage22 = 1
                  .AdditionalActivateType22 = 0
                  .AbilityValueLevelUsage22 = 1
                  .FloatAbilityValue22 = 0
                  .TargetType22 = 0
                  .TargetValue22 = 0
                  .AbilityType23 = 0
                  .AbilityValueUsage23 = 1
                  .AdditionalActivateType23 = 0
                  .AbilityValueLevelUsage23 = 1
                  .FloatAbilityValue23 = 0
                  .TargetType23 = 0
                  .TargetValue23 = 0
                  .PopularityAddParam1 = 1
                  .PopularityAddValue1 = 60
                  .PopularityAddParam2 = 0
                  .PopularityAddValue2 = 0
                  .DispOrder = 1980
                  .IconId = 20012
                  .PlateType = 0
                  .DisableSinglemode = 1
                  .DisableCountCondition = 0
                  .IsGeneralSkill = 1
                  .StartDate = 1483228800
                  .EndDate = 2524608000
                  ._tagIdsCached = false
                  ._tagIdList = <?>
                  ._eTagList = <?>
                .<NeedPointMasterData>k__BackingField = <Gallop.MasterSingleModeSkillNeedPoint.SingleModeSkillNeedPoint>
                  .Id = 200361
                  .NeedSkillPoint = 170
                  .StatusType = 0
                  .StatusValue = 0
                  .SolvableType = 0
                .IsSkillUpgrade = false
      [13] <Gallop.SingleModeSkillLearningViewController.SkillInfo>
          ._skillList = <System.Collections.Generic.List<Gallop.PartsSingleModeSkillLearningListItem.Info> count=1>
            [0] <Gallop.PartsSingleModeSkillLearningListItem.Info>
                .<SkillId>k__BackingField = 200362
                .<Level>k__BackingField = 1
                .<IsAcquired>k__BackingField = false
                .<ChangeLevel>k__BackingField = 1
                .<IsGet>k__BackingField = false
                .<IsLock>k__BackingField = false
                .<StatusType>k__BackingField = <?>
                .<StatusValue>k__BackingField = 0
                .<NeedPoint>k__BackingField = 170
                .<CalcNeedPoint>k__BackingField = 170
                .<OriginNeedPoint>k__BackingField = 170
                .DiscountRateForDisplay = 0
                .HintLv = 0
                .IsSelected = false
                .<MasterData>k__BackingField = <Gallop.MasterSkillData.SkillData>
                  .Id = 200362
                  .Rarity = 1
                  .GroupId = 20036
                  .GroupRate = 1
                  .FilterSwitch = 0
                  .GradeValue = 217
                  .SkillCategory = 4
                  .TagId = "401"
                  .UniqueSkillId1 = 0
                  .UniqueSkillId2 = 0
                  .ExpType = 0
                  .PotentialPerDefault = 10
                  .ActivateLot = 1
                  .Priority = 0
                  .Precondition1 = ""
                  .Condition1 = "straight_random==1"
                  .FloatAbilityTime1 = 30000
                  .AbilityTimeUsage1 = 1
                  .FloatCooldownTime1 = 300000
                  .AbilityType11 = 27
                  .AbilityValueUsage11 = 1
                  .AdditionalActivateType11 = 0
                  .AbilityValueLevelUsage11 = 1
                  .FloatAbilityValue11 = 1500
                  .TargetType11 = 1
                  .TargetValue11 = 0
                  .AbilityType12 = 0
                  .AbilityValueUsage12 = 1
                  .AdditionalActivateType12 = 0
                  .AbilityValueLevelUsage12 = 1
                  .FloatAbilityValue12 = 0
                  .TargetType12 = 0
                  .TargetValue12 = 0
                  .AbilityType13 = 0
                  .AbilityValueUsage13 = 1
                  .AdditionalActivateType13 = 0
                  .AbilityValueLevelUsage13 = 1
                  .FloatAbilityValue13 = 0
                  .TargetType13 = 0
                  .TargetValue13 = 0
                  .Precondition2 = ""
                  .Condition2 = ""
                  .FloatAbilityTime2 = 0
                  .AbilityTimeUsage2 = 1
                  .FloatCooldownTime2 = 0
                  .AbilityType21 = 0
                  .AbilityValueUsage21 = 1
                  .AdditionalActivateType21 = 0
                  .AbilityValueLevelUsage21 = 1
                  .FloatAbilityValue21 = 0
                  .TargetType21 = 0
                  .TargetValue21 = 0
                  .AbilityType22 = 0
                  .AbilityValueUsage22 = 1
                  .AdditionalActivateType22 = 0
                  .AbilityValueLevelUsage22 = 1
                  .FloatAbilityValue22 = 0
                  .TargetType22 = 0
                  .TargetValue22 = 0
                  .AbilityType23 = 0
                  .AbilityValueUsage23 = 1
                  .AdditionalActivateType23 = 0
                  .AbilityValueLevelUsage23 = 1
                  .FloatAbilityValue23 = 0
                  .TargetType23 = 0
                  .TargetValue23 = 0
                  .PopularityAddParam1 = 1
                  .PopularityAddValue1 = 20
                  .PopularityAddParam2 = 0
                  .PopularityAddValue2 = 0
                  .DispOrder = 1990
                  .IconId = 20011
                  .PlateType = 0
                  .DisableSinglemode = 0
                  .DisableCountCondition = 0
                  .IsGeneralSkill = 1
                  .StartDate = 1483228800
                  .EndDate = 2524608000
                  ._tagIdsCached = false
                  ._tagIdList = <?>
                  ._eTagList = <?>
                .<NeedPointMasterData>k__BackingField = <Gallop.MasterSingleModeSkillNeedPoint.SingleModeSkillNeedPoint>
                  .Id = 200362
                  .NeedSkillPoint = 170
                  .StatusType = 0
                  .StatusValue = 0
                  .SolvableType = 0
                .IsSkillUpgrade = false
      [14] <Gallop.SingleModeSkillLearningViewController.SkillInfo>
          ._skillList = <System.Collections.Generic.List<Gallop.PartsSingleModeSkillLearningListItem.Info> count=1>
            [0] <Gallop.PartsSingleModeSkillLearningListItem.Info>
                .<SkillId>k__BackingField = 200432
                .<Level>k__BackingField = 1
                .<IsAcquired>k__BackingField = false
                .<ChangeLevel>k__BackingField = 1
                .<IsGet>k__BackingField = false
                .<IsLock>k__BackingField = false
                .<StatusType>k__BackingField = <?>
                .<StatusValue>k__BackingField = 0
                .<NeedPoint>k__BackingField = 126
                .<CalcNeedPoint>k__BackingField = 126
                .<OriginNeedPoint>k__BackingField = 140
                .DiscountRateForDisplay = 10
                .HintLv = 1
                .IsSelected = true
                .<MasterData>k__BackingField = <Gallop.MasterSkillData.SkillData>
                  .Id = 200432
                  .Rarity = 1
                  .GroupId = 20043
                  .GroupRate = 1
                  .FilterSwitch = 0
                  .GradeValue = 129
                  .SkillCategory = 1
                  .TagId = "301/407"
                  .UniqueSkillId1 = 0
                  .UniqueSkillId2 = 0
                  .ExpType = 0
                  .PotentialPerDefault = 10
                  .ActivateLot = 1
                  .Priority = 0
                  .Precondition1 = ""
                  .Condition1 = "always==1"
                  .FloatAbilityTime1 = 0
                  .AbilityTimeUsage1 = 1
                  .FloatCooldownTime1 = 5000000
                  .AbilityType11 = 10
                  .AbilityValueUsage11 = 1
                  .AdditionalActivateType11 = 0
                  .AbilityValueLevelUsage11 = 1
                  .FloatAbilityValue11 = 9000
                  .TargetType11 = 1
                  .TargetValue11 = 0
                  .AbilityType12 = 0
                  .AbilityValueUsage12 = 1
                  .AdditionalActivateType12 = 0
                  .AbilityValueLevelUsage12 = 1
                  .FloatAbilityValue12 = 0
                  .TargetType12 = 0
                  .TargetValue12 = 0
                  .AbilityType13 = 0
                  .AbilityValueUsage13 = 1
                  .AdditionalActivateType13 = 0
                  .AbilityValueLevelUsage13 = 1
                  .FloatAbilityValue13 = 0
                  .TargetType13 = 0
                  .TargetValue13 = 0
                  .Precondition2 = ""
                  .Condition2 = ""
                  .FloatAbilityTime2 = 0
                  .AbilityTimeUsage2 = 1
                  .FloatCooldownTime2 = 0
                  .AbilityType21 = 0
                  .AbilityValueUsage21 = 1
                  .AdditionalActivateType21 = 0
                  .AbilityValueLevelUsage21 = 1
                  .FloatAbilityValue21 = 0
                  .TargetType21 = 0
                  .TargetValue21 = 0
                  .AbilityType22 = 0
                  .AbilityValueUsage22 = 1
                  .AdditionalActivateType22 = 0
                  .AbilityValueLevelUsage22 = 1
                  .FloatAbilityValue22 = 0
                  .TargetType22 = 0
                  .TargetValue22 = 0
                  .AbilityType23 = 0
                  .AbilityValueUsage23 = 1
                  .AdditionalActivateType23 = 0
                  .AbilityValueLevelUsage23 = 1
                  .FloatAbilityValue23 = 0
                  .TargetType23 = 0
                  .TargetValue23 = 0
                  .PopularityAddParam1 = 1
                  .PopularityAddValue1 = 20
                  .PopularityAddParam2 = 0
                  .PopularityAddValue2 = 0
                  .DispOrder = 2090
                  .IconId = 20061
                  .PlateType = 0
                  .DisableSinglemode = 0
                  .DisableCountCondition = 0
                  .IsGeneralSkill = 1
                  .StartDate = 1483228800
                  .EndDate = 2524608000
                  ._tagIdsCached = false
                  ._tagIdList = <?>
                  ._eTagList = <?>
                .<NeedPointMasterData>k__BackingField = <Gallop.MasterSingleModeSkillNeedPoint.SingleModeSkillNeedPoint>
                  .Id = 200432
                  .NeedSkillPoint = 140
                  .StatusType = 0
                  .StatusValue = 0
                  .SolvableType = 0
                .IsSkillUpgrade = false
      [15] <Gallop.SingleModeSkillLearningViewController.SkillInfo>
          ._skillList = <System.Collections.Generic.List<Gallop.PartsSingleModeSkillLearningListItem.Info> count=1>
            [0] <Gallop.PartsSingleModeSkillLearningListItem.Info>
                .<SkillId>k__BackingField = 200441
                .<Level>k__BackingField = 1
                .<IsAcquired>k__BackingField = false
                .<ChangeLevel>k__BackingField = 1
                .<IsGet>k__BackingField = false
                .<IsLock>k__BackingField = false
                .<StatusType>k__BackingField = <?>
                .<StatusValue>k__BackingField = 0
                .<NeedPoint>k__BackingField = 224
                .<CalcNeedPoint>k__BackingField = 112
                .<OriginNeedPoint>k__BackingField = 160
                .DiscountRateForDisplay = 30
                .HintLv = 3
                .IsSelected = false
                .<MasterData>k__BackingField = <Gallop.MasterSkillData.SkillData>
                  .Id = 200441
                  .Rarity = 2
                  .GroupId = 20044
                  .GroupRate = 2
                  .FilterSwitch = 0
                  .GradeValue = 508
                  .SkillCategory = 4
                  .TagId = "301/302/402/403"
                  .UniqueSkillId1 = 0
                  .UniqueSkillId2 = 0
                  .ExpType = 0
                  .PotentialPerDefault = 10
                  .ActivateLot = 1
                  .Priority = 0
                  .Precondition1 = ""
                  .Condition1 = "phase<=1&accumulatetime>=5&blocked_front_continuetime>=1"
                  .FloatAbilityTime1 = 20000
                  .AbilityTimeUsage1 = 1
                  .FloatCooldownTime1 = 5000000
                  .AbilityType11 = 9
                  .AbilityValueUsage11 = 1
                  .AdditionalActivateType11 = 0
                  .AbilityValueLevelUsage11 = 1
                  .FloatAbilityValue11 = 550
                  .TargetType11 = 1
                  .TargetValue11 = 0
                  .AbilityType12 = 28
                  .AbilityValueUsage12 = 1
                  .AdditionalActivateType12 = 0
                  .AbilityValueLevelUsage12 = 1
                  .FloatAbilityValue12 = 350
                  .TargetType12 = 1
                  .TargetValue12 = 0
                  .AbilityType13 = 0
                  .AbilityValueUsage13 = 1
                  .AdditionalActivateType13 = 0
                  .AbilityValueLevelUsage13 = 1
                  .FloatAbilityValue13 = 0
                  .TargetType13 = 0
                  .TargetValue13 = 0
                  .Precondition2 = ""
                  .Condition2 = ""
                  .FloatAbilityTime2 = 0
                  .AbilityTimeUsage2 = 1
                  .FloatCooldownTime2 = 0
                  .AbilityType21 = 0
                  .AbilityValueUsage21 = 1
                  .AdditionalActivateType21 = 0
                  .AbilityValueLevelUsage21 = 1
                  .FloatAbilityValue21 = 0
                  .TargetType21 = 0
                  .TargetValue21 = 0
                  .AbilityType22 = 0
                  .AbilityValueUsage22 = 1
                  .AdditionalActivateType22 = 0
                  .AbilityValueLevelUsage22 = 1
                  .FloatAbilityValue22 = 0
                  .TargetType22 = 0
                  .TargetValue22 = 0
                  .AbilityType23 = 0
                  .AbilityValueUsage23 = 1
                  .AdditionalActivateType23 = 0
                  .AbilityValueLevelUsage23 = 1
                  .FloatAbilityValue23 = 0
                  .TargetType23 = 0
                  .TargetValue23 = 0
                  .PopularityAddParam1 = 2
                  .PopularityAddValue1 = 60
                  .PopularityAddParam2 = 0
                  .PopularityAddValue2 = 0
                  .DispOrder = 2110
                  .IconId = 20022
                  .PlateType = 0
                  .DisableSinglemode = 1
                  .DisableCountCondition = 0
                  .IsGeneralSkill = 1
                  .StartDate = 1483228800
                  .EndDate = 2524608000
                  ._tagIdsCached = false
                  ._tagIdList = <?>
                  ._eTagList = <?>
                .<NeedPointMasterData>k__BackingField = <Gallop.MasterSingleModeSkillNeedPoint.SingleModeSkillNeedPoint>
                  .Id = 200441
                  .NeedSkillPoint = 160
                  .StatusType = 0
                  .StatusValue = 0
                  .SolvableType = 0
                .IsSkillUpgrade = false
      [16] <Gallop.SingleModeSkillLearningViewController.SkillInfo>
          ._skillList = <System.Collections.Generic.List<Gallop.PartsSingleModeSkillLearningListItem.Info> count=1>
            [0] <Gallop.PartsSingleModeSkillLearningListItem.Info>
                .<SkillId>k__BackingField = 200442
                .<Level>k__BackingField = 1
                .<IsAcquired>k__BackingField = false
                .<ChangeLevel>k__BackingField = 1
                .<IsGet>k__BackingField = false
                .<IsLock>k__BackingField = false
                .<StatusType>k__BackingField = <?>
                .<StatusValue>k__BackingField = 0
                .<NeedPoint>k__BackingField = 112
                .<CalcNeedPoint>k__BackingField = 112
                .<OriginNeedPoint>k__BackingField = 160
                .DiscountRateForDisplay = 30
                .HintLv = 3
                .IsSelected = false
                .<MasterData>k__BackingField = <Gallop.MasterSkillData.SkillData>
                  .Id = 200442
                  .Rarity = 1
                  .GroupId = 20044
                  .GroupRate = 1
                  .FilterSwitch = 0
                  .GradeValue = 217
                  .SkillCategory = 4
                  .TagId = "301/302/402/403"
                  .UniqueSkillId1 = 0
                  .UniqueSkillId2 = 0
                  .ExpType = 0
                  .PotentialPerDefault = 10
                  .ActivateLot = 1
                  .Priority = 0
                  .Precondition1 = ""
                  .Condition1 = "phase<=1&accumulatetime>=5&blocked_front_continuetime>=1"
                  .FloatAbilityTime1 = 20000
                  .AbilityTimeUsage1 = 1
                  .FloatCooldownTime1 = 5000000
                  .AbilityType11 = 9
                  .AbilityValueUsage11 = 1
                  .AdditionalActivateType11 = 0
                  .AbilityValueLevelUsage11 = 1
                  .FloatAbilityValue11 = 150
                  .TargetType11 = 1
                  .TargetValue11 = 0
                  .AbilityType12 = 28
                  .AbilityValueUsage12 = 1
                  .AdditionalActivateType12 = 0
                  .AbilityValueLevelUsage12 = 1
                  .FloatAbilityValue12 = 150
                  .TargetType12 = 1
                  .TargetValue12 = 0
                  .AbilityType13 = 0
                  .AbilityValueUsage13 = 1
                  .AdditionalActivateType13 = 0
                  .AbilityValueLevelUsage13 = 1
                  .FloatAbilityValue13 = 0
                  .TargetType13 = 0
                  .TargetValue13 = 0
                  .Precondition2 = ""
                  .Condition2 = ""
                  .FloatAbilityTime2 = 0
                  .AbilityTimeUsage2 = 1
                  .FloatCooldownTime2 = 0
                  .AbilityType21 = 0
                  .AbilityValueUsage21 = 1
                  .AdditionalActivateType21 = 0
                  .AbilityValueLevelUsage21 = 1
                  .FloatAbilityValue21 = 0
                  .TargetType21 = 0
                  .TargetValue21 = 0
                  .AbilityType22 = 0
                  .AbilityValueUsage22 = 1
                  .AdditionalActivateType22 = 0
                  .AbilityValueLevelUsage22 = 1
                  .FloatAbilityValue22 = 0
                  .TargetType22 = 0
                  .TargetValue22 = 0
                  .AbilityType23 = 0
                  .AbilityValueUsage23 = 1
                  .AdditionalActivateType23 = 0
                  .AbilityValueLevelUsage23 = 1
                  .FloatAbilityValue23 = 0
                  .TargetType23 = 0
                  .TargetValue23 = 0
                  .PopularityAddParam1 = 2
                  .PopularityAddValue1 = 20
                  .PopularityAddParam2 = 0
                  .PopularityAddValue2 = 0
                  .DispOrder = 2120
                  .IconId = 20021
                  .PlateType = 0
                  .DisableSinglemode = 0
                  .DisableCountCondition = 0
                  .IsGeneralSkill = 1
                  .StartDate = 1483228800
                  .EndDate = 2524608000
                  ._tagIdsCached = false
                  ._tagIdList = <?>
                  ._eTagList = <?>
                .<NeedPointMasterData>k__BackingField = <Gallop.MasterSingleModeSkillNeedPoint.SingleModeSkillNeedPoint>
                  .Id = 200442
                  .NeedSkillPoint = 160
                  .StatusType = 0
                  .StatusValue = 0
                  .SolvableType = 0
                .IsSkillUpgrade = false
      [17] <Gallop.SingleModeSkillLearningViewController.SkillInfo>
          ._skillList = <System.Collections.Generic.List<Gallop.PartsSingleModeSkillLearningListItem.Info> count=1>
            [0] <Gallop.PartsSingleModeSkillLearningListItem.Info>
                .<SkillId>k__BackingField = 200462
                .<Level>k__BackingField = 1
                .<IsAcquired>k__BackingField = false
                .<ChangeLevel>k__BackingField = 1
                .<IsGet>k__BackingField = false
                .<IsLock>k__BackingField = false
                .<StatusType>k__BackingField = <?>
                .<StatusValue>k__BackingField = 0
                .<NeedPoint>k__BackingField = 153
                .<CalcNeedPoint>k__BackingField = 153
                .<OriginNeedPoint>k__BackingField = 170
                .DiscountRateForDisplay = 10
                .HintLv = 1
                .IsSelected = true
                .<MasterData>k__BackingField = <Gallop.MasterSkillData.SkillData>
                  .Id = 200462
                  .Rarity = 1
                  .GroupId = 20046
                  .GroupRate = 1
                  .FilterSwitch = 0
                  .GradeValue = 217
                  .SkillCategory = 2
                  .TagId = "302/401"
                  .UniqueSkillId1 = 0
                  .UniqueSkillId2 = 0
                  .ExpType = 0
                  .PotentialPerDefault = 10
                  .ActivateLot = 1
                  .Priority = 0
                  .Precondition1 = ""
                  .Condition1 = "phase==1&change_order_onetime<0"
                  .FloatAbilityTime1 = 18000
                  .AbilityTimeUsage1 = 1
                  .FloatCooldownTime1 = 300000
                  .AbilityType11 = 27
                  .AbilityValueUsage11 = 1
                  .AdditionalActivateType11 = 0
                  .AbilityValueLevelUsage11 = 1
                  .FloatAbilityValue11 = 1500
                  .TargetType11 = 1
                  .TargetValue11 = 0
                  .AbilityType12 = 0
                  .AbilityValueUsage12 = 1
                  .AdditionalActivateType12 = 0
                  .AbilityValueLevelUsage12 = 1
                  .FloatAbilityValue12 = 0
                  .TargetType12 = 0
                  .TargetValue12 = 0
                  .AbilityType13 = 0
                  .AbilityValueUsage13 = 1
                  .AdditionalActivateType13 = 0
                  .AbilityValueLevelUsage13 = 1
                  .FloatAbilityValue13 = 0
                  .TargetType13 = 0
                  .TargetValue13 = 0
                  .Precondition2 = ""
                  .Condition2 = ""
                  .FloatAbilityTime2 = 0
                  .AbilityTimeUsage2 = 1
                  .FloatCooldownTime2 = 0
                  .AbilityType21 = 0
                  .AbilityValueUsage21 = 1
                  .AdditionalActivateType21 = 0
                  .AbilityValueLevelUsage21 = 1
                  .FloatAbilityValue21 = 0
                  .TargetType21 = 0
                  .TargetValue21 = 0
                  .AbilityType22 = 0
                  .AbilityValueUsage22 = 1
                  .AdditionalActivateType22 = 0
                  .AbilityValueLevelUsage22 = 1
                  .FloatAbilityValue22 = 0
                  .TargetType22 = 0
                  .TargetValue22 = 0
                  .AbilityType23 = 0
                  .AbilityValueUsage23 = 1
                  .AdditionalActivateType23 = 0
                  .AbilityValueLevelUsage23 = 1
                  .FloatAbilityValue23 = 0
                  .TargetType23 = 0
                  .TargetValue23 = 0
                  .PopularityAddParam1 = 1
                  .PopularityAddValue1 = 20
                  .PopularityAddParam2 = 0
                  .PopularityAddValue2 = 0
                  .DispOrder = 2160
                  .IconId = 20011
                  .PlateType = 0
                  .DisableSinglemode = 0
                  .DisableCountCondition = 0
                  .IsGeneralSkill = 1
                  .StartDate = 1483228800
                  .EndDate = 2524608000
                  ._tagIdsCached = false
                  ._tagIdList = <?>
                  ._eTagList = <?>
                .<NeedPointMasterData>k__BackingField = <Gallop.MasterSingleModeSkillNeedPoint.SingleModeSkillNeedPoint>
                  .Id = 200462
                  .NeedSkillPoint = 170
                  .StatusType = 0
                  .StatusValue = 0
                  .SolvableType = 0
                .IsSkillUpgrade = false
      [18] <Gallop.SingleModeSkillLearningViewController.SkillInfo>
          ._skillList = <System.Collections.Generic.List<Gallop.PartsSingleModeSkillLearningListItem.Info> count=1>
            [0] <Gallop.PartsSingleModeSkillLearningListItem.Info>
                .<SkillId>k__BackingField = 200472
                .<Level>k__BackingField = 1
                .<IsAcquired>k__BackingField = false
                .<ChangeLevel>k__BackingField = 1
                .<IsGet>k__BackingField = false
                .<IsLock>k__BackingField = false
                .<StatusType>k__BackingField = <?>
                .<StatusValue>k__BackingField = 0
                .<NeedPoint>k__BackingField = 170
                .<CalcNeedPoint>k__BackingField = 170
                .<OriginNeedPoint>k__BackingField = 170
                .DiscountRateForDisplay = 0
                .HintLv = 0
                .IsSelected = false
                .<MasterData>k__BackingField = <Gallop.MasterSkillData.SkillData>
                  .Id = 200472
                  .Rarity = 1
                  .GroupId = 20047
                  .GroupRate = 1
                  .FilterSwitch = 0
                  .GradeValue = 217
                  .SkillCategory = 2
                  .TagId = "302/402"
                  .UniqueSkillId1 = 0
                  .UniqueSkillId2 = 0
                  .ExpType = 0
                  .PotentialPerDefault = 10
                  .ActivateLot = 1
                  .Priority = 0
                  .Precondition1 = ""
                  .Condition1 = "phase==1&change_order_onetime>0"
                  .FloatAbilityTime1 = 0
                  .AbilityTimeUsage1 = 1
                  .FloatCooldownTime1 = 5000000
                  .AbilityType11 = 9
                  .AbilityValueUsage11 = 1
                  .AdditionalActivateType11 = 0
                  .AbilityValueLevelUsage11 = 1
                  .FloatAbilityValue11 = 150
                  .TargetType11 = 1
                  .TargetValue11 = 0
                  .AbilityType12 = 0
                  .AbilityValueUsage12 = 1
                  .AdditionalActivateType12 = 0
                  .AbilityValueLevelUsage12 = 1
                  .FloatAbilityValue12 = 0
                  .TargetType12 = 0
                  .TargetValue12 = 0
                  .AbilityType13 = 0
                  .AbilityValueUsage13 = 1
                  .AdditionalActivateType13 = 0
                  .AbilityValueLevelUsage13 = 1
                  .FloatAbilityValue13 = 0
                  .TargetType13 = 0
                  .TargetValue13 = 0
                  .Precondition2 = ""
                  .Condition2 = ""
                  .FloatAbilityTime2 = 0
                  .AbilityTimeUsage2 = 1
                  .FloatCooldownTime2 = 0
                  .AbilityType21 = 0
                  .AbilityValueUsage21 = 1
                  .AdditionalActivateType21 = 0
                  .AbilityValueLevelUsage21 = 1
                  .FloatAbilityValue21 = 0
                  .TargetType21 = 0
                  .TargetValue21 = 0
                  .AbilityType22 = 0
                  .AbilityValueUsage22 = 1
                  .AdditionalActivateType22 = 0
                  .AbilityValueLevelUsage22 = 1
                  .FloatAbilityValue22 = 0
                  .TargetType22 = 0
                  .TargetValue22 = 0
                  .AbilityType23 = 0
                  .AbilityValueUsage23 = 1
                  .AdditionalActivateType23 = 0
                  .AbilityValueLevelUsage23 = 1
                  .FloatAbilityValue23 = 0
                  .TargetType23 = 0
                  .TargetValue23 = 0
                  .PopularityAddParam1 = 2
                  .PopularityAddValue1 = 20
                  .PopularityAddParam2 = 0
                  .PopularityAddValue2 = 0
                  .DispOrder = 2180
                  .IconId = 20021
                  .PlateType = 0
                  .DisableSinglemode = 0
                  .DisableCountCondition = 0
                  .IsGeneralSkill = 1
                  .StartDate = 1483228800
                  .EndDate = 2524608000
                  ._tagIdsCached = false
                  ._tagIdList = <?>
                  ._eTagList = <?>
                .<NeedPointMasterData>k__BackingField = <Gallop.MasterSingleModeSkillNeedPoint.SingleModeSkillNeedPoint>
                  .Id = 200472
                  .NeedSkillPoint = 170
                  .StatusType = 0
                  .StatusValue = 0
                  .SolvableType = 0
                .IsSkillUpgrade = false
      [19] <Gallop.SingleModeSkillLearningViewController.SkillInfo>
          ._skillList = <System.Collections.Generic.List<Gallop.PartsSingleModeSkillLearningListItem.Info> count=1>
            [0] <Gallop.PartsSingleModeSkillLearningListItem.Info>
                .<SkillId>k__BackingField = 200632
                .<Level>k__BackingField = 1
                .<IsAcquired>k__BackingField = false
                .<ChangeLevel>k__BackingField = 1
                .<IsGet>k__BackingField = false
                .<IsLock>k__BackingField = false
                .<StatusType>k__BackingField = <?>
                .<StatusValue>k__BackingField = 0
                .<NeedPoint>k__BackingField = 126
                .<CalcNeedPoint>k__BackingField = 126
                .<OriginNeedPoint>k__BackingField = 180
                .DiscountRateForDisplay = 30
                .HintLv = 3
                .IsSelected = true
                .<MasterData>k__BackingField = <Gallop.MasterSkillData.SkillData>
                  .Id = 200632
                  .Rarity = 1
                  .GroupId = 20063
                  .GroupRate = 1
                  .FilterSwitch = 0
                  .GradeValue = 217
                  .SkillCategory = 3
                  .TagId = "104/303/401"
                  .UniqueSkillId1 = 0
                  .UniqueSkillId2 = 0
                  .ExpType = 0
                  .PotentialPerDefault = 10
                  .ActivateLot = 1
                  .Priority = 0
                  .Precondition1 = "phase==2&distance_diff_rate>=50"
                  .Condition1 = "running_style==4&phase_firsthalf_random==3&is_lastspurt==1"
                  .FloatAbilityTime1 = 30000
                  .AbilityTimeUsage1 = 1
                  .FloatCooldownTime1 = 5000000
                  .AbilityType11 = 27
                  .AbilityValueUsage11 = 1
                  .AdditionalActivateType11 = 0
                  .AbilityValueLevelUsage11 = 1
                  .FloatAbilityValue11 = 1500
                  .TargetType11 = 1
                  .TargetValue11 = 0
                  .AbilityType12 = 0
                  .AbilityValueUsage12 = 1
                  .AdditionalActivateType12 = 0
                  .AbilityValueLevelUsage12 = 1
                  .FloatAbilityValue12 = 0
                  .TargetType12 = 0
                  .TargetValue12 = 0
                  .AbilityType13 = 0
                  .AbilityValueUsage13 = 1
                  .AdditionalActivateType13 = 0
                  .AbilityValueLevelUsage13 = 1
                  .FloatAbilityValue13 = 0
                  .TargetType13 = 0
                  .TargetValue13 = 0
                  .Precondition2 = ""
                  .Condition2 = ""
                  .FloatAbilityTime2 = 0
                  .AbilityTimeUsage2 = 1
                  .FloatCooldownTime2 = 0
                  .AbilityType21 = 0
                  .AbilityValueUsage21 = 1
                  .AdditionalActivateType21 = 0
                  .AbilityValueLevelUsage21 = 1
                  .FloatAbilityValue21 = 0
                  .TargetType21 = 0
                  .TargetValue21 = 0
                  .AbilityType22 = 0
                  .AbilityValueUsage22 = 1
                  .AdditionalActivateType22 = 0
                  .AbilityValueLevelUsage22 = 1
                  .FloatAbilityValue22 = 0
                  .TargetType22 = 0
                  .TargetValue22 = 0
                  .AbilityType23 = 0
                  .AbilityValueUsage23 = 1
                  .AdditionalActivateType23 = 0
                  .AbilityValueLevelUsage23 = 1
                  .FloatAbilityValue23 = 0
                  .TargetType23 = 0
                  .TargetValue23 = 0
                  .PopularityAddParam1 = 1
                  .PopularityAddValue1 = 20
                  .PopularityAddParam2 = 0
                  .PopularityAddValue2 = 0
                  .DispOrder = 2490
                  .IconId = 20011
                  .PlateType = 0
                  .DisableSinglemode = 0
                  .DisableCountCondition = 0
                  .IsGeneralSkill = 1
                  .StartDate = 1483228800
                  .EndDate = 2524608000
                  ._tagIdsCached = false
                  ._tagIdList = <?>
                  ._eTagList = <?>
                .<NeedPointMasterData>k__BackingField = <Gallop.MasterSingleModeSkillNeedPoint.SingleModeSkillNeedPoint>
                  .Id = 200632
                  .NeedSkillPoint = 180
                  .StatusType = 0
                  .StatusValue = 0
                  .SolvableType = 0
                .IsSkillUpgrade = false
      [20] <Gallop.SingleModeSkillLearningViewController.SkillInfo>
          ._skillList = <System.Collections.Generic.List<Gallop.PartsSingleModeSkillLearningListItem.Info> count=1>
            [0] <Gallop.PartsSingleModeSkillLearningListItem.Info>
                .<SkillId>k__BackingField = 200722
                .<Level>k__BackingField = 1
                .<IsAcquired>k__BackingField = false
                .<ChangeLevel>k__BackingField = 1
                .<IsGet>k__BackingField = false
                .<IsLock>k__BackingField = false
                .<StatusType>k__BackingField = <?>
                .<StatusValue>k__BackingField = 0
                .<NeedPoint>k__BackingField = 128
                .<CalcNeedPoint>k__BackingField = 128
                .<OriginNeedPoint>k__BackingField = 160
                .DiscountRateForDisplay = 20
                .HintLv = 2
                .IsSelected = false
                .<MasterData>k__BackingField = <Gallop.MasterSkillData.SkillData>
                  .Id = 200722
                  .Rarity = 1
                  .GroupId = 20072
                  .GroupRate = 1
                  .FilterSwitch = 0
                  .GradeValue = 217
                  .SkillCategory = 2
                  .TagId = "203/302/401"
                  .UniqueSkillId1 = 0
                  .UniqueSkillId2 = 0
                  .ExpType = 0
                  .PotentialPerDefault = 10
                  .ActivateLot = 1
                  .Priority = 0
                  .Precondition1 = ""
                  .Condition1 = "distance_type==3&phase_random==1&order_rate<=50"
                  .FloatAbilityTime1 = 24000
                  .AbilityTimeUsage1 = 1
                  .FloatCooldownTime1 = 5000000
                  .AbilityType11 = 27
                  .AbilityValueUsage11 = 1
                  .AdditionalActivateType11 = 0
                  .AbilityValueLevelUsage11 = 1
                  .FloatAbilityValue11 = 1500
                  .TargetType11 = 1
                  .TargetValue11 = 0
                  .AbilityType12 = 0
                  .AbilityValueUsage12 = 1
                  .AdditionalActivateType12 = 0
                  .AbilityValueLevelUsage12 = 1
                  .FloatAbilityValue12 = 0
                  .TargetType12 = 0
                  .TargetValue12 = 0
                  .AbilityType13 = 0
                  .AbilityValueUsage13 = 1
                  .AdditionalActivateType13 = 0
                  .AbilityValueLevelUsage13 = 1
                  .FloatAbilityValue13 = 0
                  .TargetType13 = 0
                  .TargetValue13 = 0
                  .Precondition2 = ""
                  .Condition2 = ""
                  .FloatAbilityTime2 = 0
                  .AbilityTimeUsage2 = 1
                  .FloatCooldownTime2 = 0
                  .AbilityType21 = 0
                  .AbilityValueUsage21 = 1
                  .AdditionalActivateType21 = 0
                  .AbilityValueLevelUsage21 = 1
                  .FloatAbilityValue21 = 0
                  .TargetType21 = 0
                  .TargetValue21 = 0
                  .AbilityType22 = 0
                  .AbilityValueUsage22 = 1
                  .AdditionalActivateType22 = 0
                  .AbilityValueLevelUsage22 = 1
                  .FloatAbilityValue22 = 0
                  .TargetType22 = 0
                  .TargetValue22 = 0
                  .AbilityType23 = 0
                  .AbilityValueUsage23 = 1
                  .AdditionalActivateType23 = 0
                  .AbilityValueLevelUsage23 = 1
                  .FloatAbilityValue23 = 0
                  .TargetType23 = 0
                  .TargetValue23 = 0
                  .PopularityAddParam1 = 1
                  .PopularityAddValue1 = 20
                  .PopularityAddParam2 = 0
                  .PopularityAddValue2 = 0
                  .DispOrder = 2670
                  .IconId = 20011
                  .PlateType = 0
                  .DisableSinglemode = 0
                  .DisableCountCondition = 0
                  .IsGeneralSkill = 1
                  .StartDate = 1483228800
                  .EndDate = 2524608000
                  ._tagIdsCached = false
                  ._tagIdList = <?>
                  ._eTagList = <?>
                .<NeedPointMasterData>k__BackingField = <Gallop.MasterSingleModeSkillNeedPoint.SingleModeSkillNeedPoint>
                  .Id = 200722
                  .NeedSkillPoint = 160
                  .StatusType = 0
                  .StatusValue = 0
                  .SolvableType = 0
                .IsSkillUpgrade = false
      [21] <Gallop.SingleModeSkillLearningViewController.SkillInfo>
          ._skillList = <System.Collections.Generic.List<Gallop.PartsSingleModeSkillLearningListItem.Info> count=1>
            [0] <Gallop.PartsSingleModeSkillLearningListItem.Info>
                .<SkillId>k__BackingField = 200732
                .<Level>k__BackingField = 1
                .<IsAcquired>k__BackingField = false
                .<ChangeLevel>k__BackingField = 1
                .<IsGet>k__BackingField = false
                .<IsLock>k__BackingField = false
                .<StatusType>k__BackingField = <?>
                .<StatusValue>k__BackingField = 0
                .<NeedPoint>k__BackingField = 144
                .<CalcNeedPoint>k__BackingField = 144
                .<OriginNeedPoint>k__BackingField = 160
                .DiscountRateForDisplay = 10
                .HintLv = 1
                .IsSelected = true
                .<MasterData>k__BackingField = <Gallop.MasterSkillData.SkillData>
                  .Id = 200732
                  .Rarity = 1
                  .GroupId = 20073
                  .GroupRate = 1
                  .FilterSwitch = 0
                  .GradeValue = 217
                  .SkillCategory = 3
                  .TagId = "203/303/401/403"
                  .UniqueSkillId1 = 0
                  .UniqueSkillId2 = 0
                  .ExpType = 0
                  .PotentialPerDefault = 10
                  .ActivateLot = 1
                  .Priority = 0
                  .Precondition1 = ""
                  .Condition1 = "distance_type==3&is_finalcorner==1&overtake_target_time>=2"
                  .FloatAbilityTime1 = 30000
                  .AbilityTimeUsage1 = 1
                  .FloatCooldownTime1 = 5000000
                  .AbilityType11 = 27
                  .AbilityValueUsage11 = 1
                  .AdditionalActivateType11 = 0
                  .AbilityValueLevelUsage11 = 1
                  .FloatAbilityValue11 = 1500
                  .TargetType11 = 1
                  .TargetValue11 = 0
                  .AbilityType12 = 31
                  .AbilityValueUsage12 = 1
                  .AdditionalActivateType12 = 0
                  .AbilityValueLevelUsage12 = 1
                  .FloatAbilityValue12 = 500
                  .TargetType12 = 1
                  .TargetValue12 = 0
                  .AbilityType13 = 0
                  .AbilityValueUsage13 = 1
                  .AdditionalActivateType13 = 0
                  .AbilityValueLevelUsage13 = 1
                  .FloatAbilityValue13 = 0
                  .TargetType13 = 0
                  .TargetValue13 = 0
                  .Precondition2 = ""
                  .Condition2 = ""
                  .FloatAbilityTime2 = 0
                  .AbilityTimeUsage2 = 1
                  .FloatCooldownTime2 = 0
                  .AbilityType21 = 0
                  .AbilityValueUsage21 = 1
                  .AdditionalActivateType21 = 0
                  .AbilityValueLevelUsage21 = 1
                  .FloatAbilityValue21 = 0
                  .TargetType21 = 0
                  .TargetValue21 = 0
                  .AbilityType22 = 0
                  .AbilityValueUsage22 = 1
                  .AdditionalActivateType22 = 0
                  .AbilityValueLevelUsage22 = 1
                  .FloatAbilityValue22 = 0
                  .TargetType22 = 0
                  .TargetValue22 = 0
                  .AbilityType23 = 0
                  .AbilityValueUsage23 = 1
                  .AdditionalActivateType23 = 0
                  .AbilityValueLevelUsage23 = 1
                  .FloatAbilityValue23 = 0
                  .TargetType23 = 0
                  .TargetValue23 = 0
                  .PopularityAddParam1 = 1
                  .PopularityAddValue1 = 20
                  .PopularityAddParam2 = 0
                  .PopularityAddValue2 = 0
                  .DispOrder = 2690
                  .IconId = 20011
                  .PlateType = 0
                  .DisableSinglemode = 0
                  .DisableCountCondition = 0
                  .IsGeneralSkill = 1
                  .StartDate = 1483228800
                  .EndDate = 2524608000
                  ._tagIdsCached = false
                  ._tagIdList = <?>
                  ._eTagList = <?>
                .<NeedPointMasterData>k__BackingField = <Gallop.MasterSingleModeSkillNeedPoint.SingleModeSkillNeedPoint>
                  .Id = 200732
                  .NeedSkillPoint = 160
                  .StatusType = 0
                  .StatusValue = 0
                  .SolvableType = 0
                .IsSkillUpgrade = false
      [22] <Gallop.SingleModeSkillLearningViewController.SkillInfo>
          ._skillList = <System.Collections.Generic.List<Gallop.PartsSingleModeSkillLearningListItem.Info> count=1>
            [0] <Gallop.PartsSingleModeSkillLearningListItem.Info>
                .<SkillId>k__BackingField = 200741
                .<Level>k__BackingField = 1
                .<IsAcquired>k__BackingField = false
                .<ChangeLevel>k__BackingField = 1
                .<IsGet>k__BackingField = false
                .<IsLock>k__BackingField = false
                .<StatusType>k__BackingField = <?>
                .<StatusValue>k__BackingField = 0
                .<NeedPoint>k__BackingField = 160
                .<CalcNeedPoint>k__BackingField = 160
                .<OriginNeedPoint>k__BackingField = 160
                .DiscountRateForDisplay = 0
                .HintLv = 0
                .IsSelected = false
                .<MasterData>k__BackingField = <Gallop.MasterSkillData.SkillData>
                  .Id = 200741
                  .Rarity = 2
                  .GroupId = 20074
                  .GroupRate = 2
                  .FilterSwitch = 0
                  .GradeValue = 508
                  .SkillCategory = 2
                  .TagId = "204/302/402"
                  .UniqueSkillId1 = 0
                  .UniqueSkillId2 = 0
                  .ExpType = 0
                  .PotentialPerDefault = 10
                  .ActivateLot = 1
                  .Priority = 0
                  .Precondition1 = ""
                  .Condition1 = "distance_type==4&phase_random==1"
                  .FloatAbilityTime1 = 0
                  .AbilityTimeUsage1 = 1
                  .FloatCooldownTime1 = 5000000
                  .AbilityType11 = 9
                  .AbilityValueUsage11 = 1
                  .AdditionalActivateType11 = 0
                  .AbilityValueLevelUsage11 = 1
                  .FloatAbilityValue11 = 550
                  .TargetType11 = 1
                  .TargetValue11 = 0
                  .AbilityType12 = 0
                  .AbilityValueUsage12 = 1
                  .AdditionalActivateType12 = 0
                  .AbilityValueLevelUsage12 = 1
                  .FloatAbilityValue12 = 0
                  .TargetType12 = 0
                  .TargetValue12 = 0
                  .AbilityType13 = 0
                  .AbilityValueUsage13 = 1
                  .AdditionalActivateType13 = 0
                  .AbilityValueLevelUsage13 = 1
                  .FloatAbilityValue13 = 0
                  .TargetType13 = 0
                  .TargetValue13 = 0
                  .Precondition2 = ""
                  .Condition2 = ""
                  .FloatAbilityTime2 = 0
                  .AbilityTimeUsage2 = 1
                  .FloatCooldownTime2 = 0
                  .AbilityType21 = 0
                  .AbilityValueUsage21 = 1
                  .AdditionalActivateType21 = 0
                  .AbilityValueLevelUsage21 = 1
                  .FloatAbilityValue21 = 0
                  .TargetType21 = 0
                  .TargetValue21 = 0
                  .AbilityType22 = 0
                  .AbilityValueUsage22 = 1
                  .AdditionalActivateType22 = 0
                  .AbilityValueLevelUsage22 = 1
                  .FloatAbilityValue22 = 0
                  .TargetType22 = 0
                  .TargetValue22 = 0
                  .AbilityType23 = 0
                  .AbilityValueUsage23 = 1
                  .AdditionalActivateType23 = 0
                  .AbilityValueLevelUsage23 = 1
                  .FloatAbilityValue23 = 0
                  .TargetType23 = 0
                  .TargetValue23 = 0
                  .PopularityAddParam1 = 2
                  .PopularityAddValue1 = 60
                  .PopularityAddParam2 = 0
                  .PopularityAddValue2 = 0
                  .DispOrder = 2700
                  .IconId = 20022
                  .PlateType = 0
                  .DisableSinglemode = 1
                  .DisableCountCondition = 0
                  .IsGeneralSkill = 1
                  .StartDate = 1483228800
                  .EndDate = 2524608000
                  ._tagIdsCached = false
                  ._tagIdList = <?>
                  ._eTagList = <?>
                .<NeedPointMasterData>k__BackingField = <Gallop.MasterSingleModeSkillNeedPoint.SingleModeSkillNeedPoint>
                  .Id = 200741
                  .NeedSkillPoint = 160
                  .StatusType = 0
                  .StatusValue = 0
                  .SolvableType = 0
                .IsSkillUpgrade = false
      [23] <Gallop.SingleModeSkillLearningViewController.SkillInfo>
          ._skillList = <System.Collections.Generic.List<Gallop.PartsSingleModeSkillLearningListItem.Info> count=1>
            [0] <Gallop.PartsSingleModeSkillLearningListItem.Info>
                .<SkillId>k__BackingField = 200742
                .<Level>k__BackingField = 1
                .<IsAcquired>k__BackingField = false
                .<ChangeLevel>k__BackingField = 1
                .<IsGet>k__BackingField = false
                .<IsLock>k__BackingField = false
                .<StatusType>k__BackingField = <?>
                .<StatusValue>k__BackingField = 0
                .<NeedPoint>k__BackingField = 160
                .<CalcNeedPoint>k__BackingField = 160
                .<OriginNeedPoint>k__BackingField = 160
                .DiscountRateForDisplay = 0
                .HintLv = 0
                .IsSelected = true
                .<MasterData>k__BackingField = <Gallop.MasterSkillData.SkillData>
                  .Id = 200742
                  .Rarity = 1
                  .GroupId = 20074
                  .GroupRate = 1
                  .FilterSwitch = 0
                  .GradeValue = 217
                  .SkillCategory = 2
                  .TagId = "204/302/402"
                  .UniqueSkillId1 = 0
                  .UniqueSkillId2 = 0
                  .ExpType = 0
                  .PotentialPerDefault = 10
                  .ActivateLot = 1
                  .Priority = 0
                  .Precondition1 = ""
                  .Condition1 = "distance_type==4&phase_random==1"
                  .FloatAbilityTime1 = 0
                  .AbilityTimeUsage1 = 1
                  .FloatCooldownTime1 = 5000000
                  .AbilityType11 = 9
                  .AbilityValueUsage11 = 1
                  .AdditionalActivateType11 = 0
                  .AbilityValueLevelUsage11 = 1
                  .FloatAbilityValue11 = 150
                  .TargetType11 = 1
                  .TargetValue11 = 0
                  .AbilityType12 = 0
                  .AbilityValueUsage12 = 1
                  .AdditionalActivateType12 = 0
                  .AbilityValueLevelUsage12 = 1
                  .FloatAbilityValue12 = 0
                  .TargetType12 = 0
                  .TargetValue12 = 0
                  .AbilityType13 = 0
                  .AbilityValueUsage13 = 1
                  .AdditionalActivateType13 = 0
                  .AbilityValueLevelUsage13 = 1
                  .FloatAbilityValue13 = 0
                  .TargetType13 = 0
                  .TargetValue13 = 0
                  .Precondition2 = ""
                  .Condition2 = ""
                  .FloatAbilityTime2 = 0
                  .AbilityTimeUsage2 = 1
                  .FloatCooldownTime2 = 0
                  .AbilityType21 = 0
                  .AbilityValueUsage21 = 1
                  .AdditionalActivateType21 = 0
                  .AbilityValueLevelUsage21 = 1
                  .FloatAbilityValue21 = 0
                  .TargetType21 = 0
                  .TargetValue21 = 0
                  .AbilityType22 = 0
                  .AbilityValueUsage22 = 1
                  .AdditionalActivateType22 = 0
                  .AbilityValueLevelUsage22 = 1
                  .FloatAbilityValue22 = 0
                  .TargetType22 = 0
                  .TargetValue22 = 0
                  .AbilityType23 = 0
                  .AbilityValueUsage23 = 1
                  .AdditionalActivateType23 = 0
                  .AbilityValueLevelUsage23 = 1
                  .FloatAbilityValue23 = 0
                  .TargetType23 = 0
                  .TargetValue23 = 0
                  .PopularityAddParam1 = 2
                  .PopularityAddValue1 = 20
                  .PopularityAddParam2 = 0
                  .PopularityAddValue2 = 0
                  .DispOrder = 2710
                  .IconId = 20021
                  .PlateType = 0
                  .DisableSinglemode = 0
                  .DisableCountCondition = 0
                  .IsGeneralSkill = 1
                  .StartDate = 1483228800
                  .EndDate = 2524608000
                  ._tagIdsCached = false
                  ._tagIdList = <?>
                  ._eTagList = <?>
                .<NeedPointMasterData>k__BackingField = <Gallop.MasterSingleModeSkillNeedPoint.SingleModeSkillNeedPoint>
                  .Id = 200742
                  .NeedSkillPoint = 160
                  .StatusType = 0
                  .StatusValue = 0
                  .SolvableType = 0
                .IsSkillUpgrade = false
      [24] <Gallop.SingleModeSkillLearningViewController.SkillInfo>
          ._skillList = <System.Collections.Generic.List<Gallop.PartsSingleModeSkillLearningListItem.Info> count=1>
            [0] <Gallop.PartsSingleModeSkillLearningListItem.Info>
                .<SkillId>k__BackingField = 200771
                .<Level>k__BackingField = 1
                .<IsAcquired>k__BackingField = false
                .<ChangeLevel>k__BackingField = 1
                .<IsGet>k__BackingField = false
                .<IsLock>k__BackingField = false
                .<StatusType>k__BackingField = <?>
                .<StatusValue>k__BackingField = 0
                .<NeedPoint>k__BackingField = 140
                .<CalcNeedPoint>k__BackingField = 140
                .<OriginNeedPoint>k__BackingField = 140
                .DiscountRateForDisplay = 0
                .HintLv = 0
                .IsSelected = false
                .<MasterData>k__BackingField = <Gallop.MasterSkillData.SkillData>
                  .Id = 200771
                  .Rarity = 1
                  .GroupId = 20077
                  .GroupRate = 1
                  .FilterSwitch = 0
                  .GradeValue = 217
                  .SkillCategory = 2
                  .TagId = "302/406"
                  .UniqueSkillId1 = 0
                  .UniqueSkillId2 = 0
                  .ExpType = 0
                  .PotentialPerDefault = 10
                  .ActivateLot = 1
                  .Priority = 0
                  .Precondition1 = ""
                  .Condition1 = "phase==1&order_rate<=50&temptation_opponent_count_behind>=1"
                  .FloatAbilityTime1 = 0
                  .AbilityTimeUsage1 = 1
                  .FloatCooldownTime1 = 5000000
                  .AbilityType11 = 9
                  .AbilityValueUsage11 = 1
                  .AdditionalActivateType11 = 0
                  .AbilityValueLevelUsage11 = 1
                  .FloatAbilityValue11 = -100
                  .TargetType11 = 20
                  .TargetValue11 = 10
                  .AbilityType12 = 0
                  .AbilityValueUsage12 = 1
                  .AdditionalActivateType12 = 0
                  .AbilityValueLevelUsage12 = 1
                  .FloatAbilityValue12 = 0
                  .TargetType12 = 0
                  .TargetValue12 = 0
                  .AbilityType13 = 0
                  .AbilityValueUsage13 = 1
                  .AdditionalActivateType13 = 0
                  .AbilityValueLevelUsage13 = 1
                  .FloatAbilityValue13 = 0
                  .TargetType13 = 0
                  .TargetValue13 = 0
                  .Precondition2 = ""
                  .Condition2 = ""
                  .FloatAbilityTime2 = 0
                  .AbilityTimeUsage2 = 1
                  .FloatCooldownTime2 = 0
                  .AbilityType21 = 0
                  .AbilityValueUsage21 = 1
                  .AdditionalActivateType21 = 0
                  .AbilityValueLevelUsage21 = 1
                  .FloatAbilityValue21 = 0
                  .TargetType21 = 0
                  .TargetValue21 = 0
                  .AbilityType22 = 0
                  .AbilityValueUsage22 = 1
                  .AdditionalActivateType22 = 0
                  .AbilityValueLevelUsage22 = 1
                  .FloatAbilityValue22 = 0
                  .TargetType22 = 0
                  .TargetValue22 = 0
                  .AbilityType23 = 0
                  .AbilityValueUsage23 = 1
                  .AdditionalActivateType23 = 0
                  .AbilityValueLevelUsage23 = 1
                  .FloatAbilityValue23 = 0
                  .TargetType23 = 0
                  .TargetValue23 = 0
                  .PopularityAddParam1 = 2
                  .PopularityAddValue1 = 10
                  .PopularityAddParam2 = 5
                  .PopularityAddValue2 = 10
                  .DispOrder = 2760
                  .IconId = 30051
                  .PlateType = 0
                  .DisableSinglemode = 0
                  .DisableCountCondition = 0
                  .IsGeneralSkill = 1
                  .StartDate = 1483228800
                  .EndDate = 2524608000
                  ._tagIdsCached = false
                  ._tagIdList = <?>
                  ._eTagList = <?>
                .<NeedPointMasterData>k__BackingField = <Gallop.MasterSingleModeSkillNeedPoint.SingleModeSkillNeedPoint>
                  .Id = 200771
                  .NeedSkillPoint = 140
                  .StatusType = 0
                  .StatusValue = 0
                  .SolvableType = 0
                .IsSkillUpgrade = false
      [25] <Gallop.SingleModeSkillLearningViewController.SkillInfo>
          ._skillList = <System.Collections.Generic.List<Gallop.PartsSingleModeSkillLearningListItem.Info> count=1>
            [0] <Gallop.PartsSingleModeSkillLearningListItem.Info>
                .<SkillId>k__BackingField = 200801
                .<Level>k__BackingField = 1
                .<IsAcquired>k__BackingField = false
                .<ChangeLevel>k__BackingField = 1
                .<IsGet>k__BackingField = false
                .<IsLock>k__BackingField = false
                .<StatusType>k__BackingField = <?>
                .<StatusValue>k__BackingField = 0
                .<NeedPoint>k__BackingField = 117
                .<CalcNeedPoint>k__BackingField = 117
                .<OriginNeedPoint>k__BackingField = 130
                .DiscountRateForDisplay = 10
                .HintLv = 1
                .IsSelected = false
                .<MasterData>k__BackingField = <Gallop.MasterSkillData.SkillData>
                  .Id = 200801
                  .Rarity = 1
                  .GroupId = 20080
                  .GroupRate = 1
                  .FilterSwitch = 0
                  .GradeValue = 174
                  .SkillCategory = 4
                  .TagId = "406"
                  .UniqueSkillId1 = 0
                  .UniqueSkillId2 = 0
                  .ExpType = 0
                  .PotentialPerDefault = 10
                  .ActivateLot = 1
                  .Priority = 0
                  .Precondition1 = ""
                  .Condition1 = "running_style_temptation_opponent_count_senko>=1&is_temptation==0"
                  .FloatAbilityTime1 = 0
                  .AbilityTimeUsage1 = 1
                  .FloatCooldownTime1 = 5000000
                  .AbilityType11 = 13
                  .AbilityValueUsage11 = 1
                  .AdditionalActivateType11 = 0
                  .AbilityValueLevelUsage11 = 1
                  .FloatAbilityValue11 = 50000
                  .TargetType11 = 21
                  .TargetValue11 = 2
                  .AbilityType12 = 0
                  .AbilityValueUsage12 = 1
                  .AdditionalActivateType12 = 0
                  .AbilityValueLevelUsage12 = 1
                  .FloatAbilityValue12 = 0
                  .TargetType12 = 0
                  .TargetValue12 = 0
                  .AbilityType13 = 0
                  .AbilityValueUsage13 = 1
                  .AdditionalActivateType13 = 0
                  .AbilityValueLevelUsage13 = 1
                  .FloatAbilityValue13 = 0
                  .TargetType13 = 0
                  .TargetValue13 = 0
                  .Precondition2 = ""
                  .Condition2 = ""
                  .FloatAbilityTime2 = 0
                  .AbilityTimeUsage2 = 1
                  .FloatCooldownTime2 = 0
                  .AbilityType21 = 0
                  .AbilityValueUsage21 = 1
                  .AdditionalActivateType21 = 0
                  .AbilityValueLevelUsage21 = 1
                  .FloatAbilityValue21 = 0
                  .TargetType21 = 0
                  .TargetValue21 = 0
                  .AbilityType22 = 0
                  .AbilityValueUsage22 = 1
                  .AdditionalActivateType22 = 0
                  .AbilityValueLevelUsage22 = 1
                  .FloatAbilityValue22 = 0
                  .TargetType22 = 0
                  .TargetValue22 = 0
                  .AbilityType23 = 0
                  .AbilityValueUsage23 = 1
                  .AdditionalActivateType23 = 0
                  .AbilityValueLevelUsage23 = 1
                  .FloatAbilityValue23 = 0
                  .TargetType23 = 0
                  .TargetValue23 = 0
                  .PopularityAddParam1 = 2
                  .PopularityAddValue1 = 15
                  .PopularityAddParam2 = 5
                  .PopularityAddValue2 = 15
                  .DispOrder = 2790
                  .IconId = 30041
                  .PlateType = 0
                  .DisableSinglemode = 0
                  .DisableCountCondition = 0
                  .IsGeneralSkill = 1
                  .StartDate = 1483228800
                  .EndDate = 2524608000
                  ._tagIdsCached = false
                  ._tagIdList = <?>
                  ._eTagList = <?>
                .<NeedPointMasterData>k__BackingField = <Gallop.MasterSingleModeSkillNeedPoint.SingleModeSkillNeedPoint>
                  .Id = 200801
                  .NeedSkillPoint = 130
                  .StatusType = 0
                  .StatusValue = 0
                  .SolvableType = 0
                .IsSkillUpgrade = false
      [26] <Gallop.SingleModeSkillLearningViewController.SkillInfo>
          ._skillList = <System.Collections.Generic.List<Gallop.PartsSingleModeSkillLearningListItem.Info> count=1>
            [0] <Gallop.PartsSingleModeSkillLearningListItem.Info>
                .<SkillId>k__BackingField = 200941
                .<Level>k__BackingField = 1
                .<IsAcquired>k__BackingField = false
                .<ChangeLevel>k__BackingField = 1
                .<IsGet>k__BackingField = false
                .<IsLock>k__BackingField = false
                .<StatusType>k__BackingField = <?>
                .<StatusValue>k__BackingField = 0
                .<NeedPoint>k__BackingField = 117
                .<CalcNeedPoint>k__BackingField = 117
                .<OriginNeedPoint>k__BackingField = 130
                .DiscountRateForDisplay = 10
                .HintLv = 1
                .IsSelected = false
                .<MasterData>k__BackingField = <Gallop.MasterSkillData.SkillData>
                  .Id = 200941
                  .Rarity = 1
                  .GroupId = 20094
                  .GroupRate = 1
                  .FilterSwitch = 0
                  .GradeValue = 217
                  .SkillCategory = 3
                  .TagId = "303/406"
                  .UniqueSkillId1 = 0
                  .UniqueSkillId2 = 0
                  .ExpType = 0
                  .PotentialPerDefault = 10
                  .ActivateLot = 1
                  .Priority = 0
                  .Precondition1 = ""
                  .Condition1 = "running_style_count_oikomi_otherself>=1&phase_random==2"
                  .FloatAbilityTime1 = 30000
                  .AbilityTimeUsage1 = 1
                  .FloatCooldownTime1 = 5000000
                  .AbilityType11 = 21
                  .AbilityValueUsage11 = 1
                  .AdditionalActivateType11 = 0
                  .AbilityValueLevelUsage11 = 1
                  .FloatAbilityValue11 = -1500
                  .TargetType11 = 18
                  .TargetValue11 = 4
                  .AbilityType12 = 0
                  .AbilityValueUsage12 = 1
                  .AdditionalActivateType12 = 0
                  .AbilityValueLevelUsage12 = 1
                  .FloatAbilityValue12 = 0
                  .TargetType12 = 0
                  .TargetValue12 = 0
                  .AbilityType13 = 0
                  .AbilityValueUsage13 = 1
                  .AdditionalActivateType13 = 0
                  .AbilityValueLevelUsage13 = 1
                  .FloatAbilityValue13 = 0
                  .TargetType13 = 0
                  .TargetValue13 = 0
                  .Precondition2 = ""
                  .Condition2 = ""
                  .FloatAbilityTime2 = 0
                  .AbilityTimeUsage2 = 1
                  .FloatCooldownTime2 = 0
                  .AbilityType21 = 0
                  .AbilityValueUsage21 = 1
                  .AdditionalActivateType21 = 0
                  .AbilityValueLevelUsage21 = 1
                  .FloatAbilityValue21 = 0
                  .TargetType21 = 0
                  .TargetValue21 = 0
                  .AbilityType22 = 0
                  .AbilityValueUsage22 = 1
                  .AdditionalActivateType22 = 0
                  .AbilityValueLevelUsage22 = 1
                  .FloatAbilityValue22 = 0
                  .TargetType22 = 0
                  .TargetValue22 = 0
                  .AbilityType23 = 0
                  .AbilityValueUsage23 = 1
                  .AdditionalActivateType23 = 0
                  .AbilityValueLevelUsage23 = 1
                  .FloatAbilityValue23 = 0
                  .TargetType23 = 0
                  .TargetValue23 = 0
                  .PopularityAddParam1 = 1
                  .PopularityAddValue1 = 10
                  .PopularityAddParam2 = 5
                  .PopularityAddValue2 = 10
                  .DispOrder = 2930
                  .IconId = 30011
                  .PlateType = 0
                  .DisableSinglemode = 0
                  .DisableCountCondition = 0
                  .IsGeneralSkill = 1
                  .StartDate = 1483228800
                  .EndDate = 2524608000
                  ._tagIdsCached = false
                  ._tagIdList = <?>
                  ._eTagList = <?>
                .<NeedPointMasterData>k__BackingField = <Gallop.MasterSingleModeSkillNeedPoint.SingleModeSkillNeedPoint>
                  .Id = 200941
                  .NeedSkillPoint = 130
                  .StatusType = 0
                  .StatusValue = 0
                  .SolvableType = 0
                .IsSkillUpgrade = false
      [27] <Gallop.SingleModeSkillLearningViewController.SkillInfo>
          ._skillList = <System.Collections.Generic.List<Gallop.PartsSingleModeSkillLearningListItem.Info> count=2>
            [0] <Gallop.PartsSingleModeSkillLearningListItem.Info>
                .<SkillId>k__BackingField = 201102
                .<Level>k__BackingField = 1
                .<IsAcquired>k__BackingField = false
                .<ChangeLevel>k__BackingField = 1
                .<IsGet>k__BackingField = false
                .<IsLock>k__BackingField = false
                .<StatusType>k__BackingField = <?>
                .<StatusValue>k__BackingField = 0
                .<NeedPoint>k__BackingField = 80
                .<CalcNeedPoint>k__BackingField = 80
                .<OriginNeedPoint>k__BackingField = 100
                .DiscountRateForDisplay = 20
                .HintLv = 2
                .IsSelected = false
                .<MasterData>k__BackingField = <Gallop.MasterSkillData.SkillData>
                  .Id = 201102
                  .Rarity = 1
                  .GroupId = 20110
                  .GroupRate = 1
                  .FilterSwitch = 0
                  .GradeValue = 217
                  .SkillCategory = 4
                  .TagId = "203/401"
                  .UniqueSkillId1 = 0
                  .UniqueSkillId2 = 0
                  .ExpType = 0
                  .PotentialPerDefault = 10
                  .ActivateLot = 1
                  .Priority = 0
                  .Precondition1 = ""
                  .Condition1 = "distance_type==3&straight_random==1"
                  .FloatAbilityTime1 = 30000
                  .AbilityTimeUsage1 = 1
                  .FloatCooldownTime1 = 5000000
                  .AbilityType11 = 27
                  .AbilityValueUsage11 = 1
                  .AdditionalActivateType11 = 0
                  .AbilityValueLevelUsage11 = 1
                  .FloatAbilityValue11 = 1500
                  .TargetType11 = 1
                  .TargetValue11 = 0
                  .AbilityType12 = 0
                  .AbilityValueUsage12 = 1
                  .AdditionalActivateType12 = 0
                  .AbilityValueLevelUsage12 = 1
                  .FloatAbilityValue12 = 0
                  .TargetType12 = 0
                  .TargetValue12 = 0
                  .AbilityType13 = 0
                  .AbilityValueUsage13 = 1
                  .AdditionalActivateType13 = 0
                  .AbilityValueLevelUsage13 = 1
                  .FloatAbilityValue13 = 0
                  .TargetType13 = 0
                  .TargetValue13 = 0
                  .Precondition2 = ""
                  .Condition2 = ""
                  .FloatAbilityTime2 = 0
                  .AbilityTimeUsage2 = 1
                  .FloatCooldownTime2 = 0
                  .AbilityType21 = 0
                  .AbilityValueUsage21 = 1
                  .AdditionalActivateType21 = 0
                  .AbilityValueLevelUsage21 = 1
                  .FloatAbilityValue21 = 0
                  .TargetType21 = 0
                  .TargetValue21 = 0
                  .AbilityType22 = 0
                  .AbilityValueUsage22 = 1
                  .AdditionalActivateType22 = 0
                  .AbilityValueLevelUsage22 = 1
                  .FloatAbilityValue22 = 0
                  .TargetType22 = 0
                  .TargetValue22 = 0
                  .AbilityType23 = 0
                  .AbilityValueUsage23 = 1
                  .AdditionalActivateType23 = 0
                  .AbilityValueLevelUsage23 = 1
                  .FloatAbilityValue23 = 0
                  .TargetType23 = 0
                  .TargetValue23 = 0
                  .PopularityAddParam1 = 1
                  .PopularityAddValue1 = 20
                  .PopularityAddParam2 = 0
                  .PopularityAddValue2 = 0
                  .DispOrder = 20310
                  .IconId = 20011
                  .PlateType = 0
                  .DisableSinglemode = 0
                  .DisableCountCondition = 0
                  .IsGeneralSkill = 1
                  .StartDate = 1483228800
                  .EndDate = 2524608000
                  ._tagIdsCached = false
                  ._tagIdList = <?>
                  ._eTagList = <?>
                .<NeedPointMasterData>k__BackingField = <Gallop.MasterSingleModeSkillNeedPoint.SingleModeSkillNeedPoint>
                  .Id = 201102
                  .NeedSkillPoint = 100
                  .StatusType = 0
                  .StatusValue = 0
                  .SolvableType = 0
                .IsSkillUpgrade = false
            [1] <Gallop.PartsSingleModeSkillLearningListItem.Info>
                .<SkillId>k__BackingField = 201101
                .<Level>k__BackingField = 1
                .<IsAcquired>k__BackingField = false
                .<ChangeLevel>k__BackingField = 1
                .<IsGet>k__BackingField = false
                .<IsLock>k__BackingField = false
                .<StatusType>k__BackingField = <?>
                .<StatusValue>k__BackingField = 0
                .<NeedPoint>k__BackingField = 88
                .<CalcNeedPoint>k__BackingField = 88
                .<OriginNeedPoint>k__BackingField = 110
                .DiscountRateForDisplay = 20
                .HintLv = 2
                .IsSelected = false
                .<MasterData>k__BackingField = <Gallop.MasterSkillData.SkillData>
                  .Id = 201101
                  .Rarity = 1
                  .GroupId = 20110
                  .GroupRate = 2
                  .FilterSwitch = 0
                  .GradeValue = 262
                  .SkillCategory = 4
                  .TagId = "203/401"
                  .UniqueSkillId1 = 0
                  .UniqueSkillId2 = 0
                  .ExpType = 0
                  .PotentialPerDefault = 10
                  .ActivateLot = 1
                  .Priority = 0
                  .Precondition1 = ""
                  .Condition1 = "distance_type==3&straight_random==1"
                  .FloatAbilityTime1 = 30000
                  .AbilityTimeUsage1 = 1
                  .FloatCooldownTime1 = 5000000
                  .AbilityType11 = 27
                  .AbilityValueUsage11 = 1
                  .AdditionalActivateType11 = 0
                  .AbilityValueLevelUsage11 = 1
                  .FloatAbilityValue11 = 2500
                  .TargetType11 = 1
                  .TargetValue11 = 0
                  .AbilityType12 = 0
                  .AbilityValueUsage12 = 1
                  .AdditionalActivateType12 = 0
                  .AbilityValueLevelUsage12 = 1
                  .FloatAbilityValue12 = 0
                  .TargetType12 = 0
                  .TargetValue12 = 0
                  .AbilityType13 = 0
                  .AbilityValueUsage13 = 1
                  .AdditionalActivateType13 = 0
                  .AbilityValueLevelUsage13 = 1
                  .FloatAbilityValue13 = 0
                  .TargetType13 = 0
                  .TargetValue13 = 0
                  .Precondition2 = ""
                  .Condition2 = ""
                  .FloatAbilityTime2 = 0
                  .AbilityTimeUsage2 = 1
                  .FloatCooldownTime2 = 0
                  .AbilityType21 = 0
                  .AbilityValueUsage21 = 1
                  .AdditionalActivateType21 = 0
                  .AbilityValueLevelUsage21 = 1
                  .FloatAbilityValue21 = 0
                  .TargetType21 = 0
                  .TargetValue21 = 0
                  .AbilityType22 = 0
                  .AbilityValueUsage22 = 1
                  .AdditionalActivateType22 = 0
                  .AbilityValueLevelUsage22 = 1
                  .FloatAbilityValue22 = 0
                  .TargetType22 = 0
                  .TargetValue22 = 0
                  .AbilityType23 = 0
                  .AbilityValueUsage23 = 1
                  .AdditionalActivateType23 = 0
                  .AbilityValueLevelUsage23 = 1
                  .FloatAbilityValue23 = 0
                  .TargetType23 = 0
                  .TargetValue23 = 0
                  .PopularityAddParam1 = 1
                  .PopularityAddValue1 = 30
                  .PopularityAddParam2 = 0
                  .PopularityAddValue2 = 0
                  .DispOrder = 20300
                  .IconId = 20011
                  .PlateType = 0
                  .DisableSinglemode = 1
                  .DisableCountCondition = 0
                  .IsGeneralSkill = 1
                  .StartDate = 1483228800
                  .EndDate = 2524608000
                  ._tagIdsCached = false
                  ._tagIdList = <?>
                  ._eTagList = <?>
                .<NeedPointMasterData>k__BackingField = <Gallop.MasterSingleModeSkillNeedPoint.SingleModeSkillNeedPoint>
                  .Id = 201101
                  .NeedSkillPoint = 110
                  .StatusType = 0
                  .StatusValue = 0
                  .SolvableType = 0
                .IsSkillUpgrade = false
      [28] <Gallop.SingleModeSkillLearningViewController.SkillInfo>
          ._skillList = <System.Collections.Generic.List<Gallop.PartsSingleModeSkillLearningListItem.Info> count=1>
            [0] <Gallop.PartsSingleModeSkillLearningListItem.Info>
                .<SkillId>k__BackingField = 201162
                .<Level>k__BackingField = 1
                .<IsAcquired>k__BackingField = false
                .<ChangeLevel>k__BackingField = 1
                .<IsGet>k__BackingField = false
                .<IsLock>k__BackingField = false
                .<StatusType>k__BackingField = <?>
                .<StatusValue>k__BackingField = 0
                .<NeedPoint>k__BackingField = 128
                .<CalcNeedPoint>k__BackingField = 128
                .<OriginNeedPoint>k__BackingField = 160
                .DiscountRateForDisplay = 20
                .HintLv = 2
                .IsSelected = false
                .<MasterData>k__BackingField = <Gallop.MasterSkillData.SkillData>
                  .Id = 201162
                  .Rarity = 1
                  .GroupId = 20116
                  .GroupRate = 1
                  .FilterSwitch = 0
                  .GradeValue = 217
                  .SkillCategory = 2
                  .TagId = "203/302/406"
                  .UniqueSkillId1 = 0
                  .UniqueSkillId2 = 0
                  .ExpType = 0
                  .PotentialPerDefault = 10
                  .ActivateLot = 1
                  .Priority = 0
                  .Precondition1 = ""
                  .Condition1 = "distance_type==3&phase==1&blocked_front_continuetime>=1"
                  .FloatAbilityTime1 = 0
                  .AbilityTimeUsage1 = 1
                  .FloatCooldownTime1 = 5000000
                  .AbilityType11 = 9
                  .AbilityValueUsage11 = 1
                  .AdditionalActivateType11 = 0
                  .AbilityValueLevelUsage11 = 1
                  .FloatAbilityValue11 = -100
                  .TargetType11 = 9
                  .TargetValue11 = 18
                  .AbilityType12 = 0
                  .AbilityValueUsage12 = 1
                  .AdditionalActivateType12 = 0
                  .AbilityValueLevelUsage12 = 1
                  .FloatAbilityValue12 = 0
                  .TargetType12 = 0
                  .TargetValue12 = 0
                  .AbilityType13 = 0
                  .AbilityValueUsage13 = 1
                  .AdditionalActivateType13 = 0
                  .AbilityValueLevelUsage13 = 1
                  .FloatAbilityValue13 = 0
                  .TargetType13 = 0
                  .TargetValue13 = 0
                  .Precondition2 = ""
                  .Condition2 = ""
                  .FloatAbilityTime2 = 0
                  .AbilityTimeUsage2 = 1
                  .FloatCooldownTime2 = 0
                  .AbilityType21 = 0
                  .AbilityValueUsage21 = 1
                  .AdditionalActivateType21 = 0
                  .AbilityValueLevelUsage21 = 1
                  .FloatAbilityValue21 = 0
                  .TargetType21 = 0
                  .TargetValue21 = 0
                  .AbilityType22 = 0
                  .AbilityValueUsage22 = 1
                  .AdditionalActivateType22 = 0
                  .AbilityValueLevelUsage22 = 1
                  .FloatAbilityValue22 = 0
                  .TargetType22 = 0
                  .TargetValue22 = 0
                  .AbilityType23 = 0
                  .AbilityValueUsage23 = 1
                  .AdditionalActivateType23 = 0
                  .AbilityValueLevelUsage23 = 1
                  .FloatAbilityValue23 = 0
                  .TargetType23 = 0
                  .TargetValue23 = 0
                  .PopularityAddParam1 = 2
                  .PopularityAddValue1 = 10
                  .PopularityAddParam2 = 5
                  .PopularityAddValue2 = 10
                  .DispOrder = 20430
                  .IconId = 30051
                  .PlateType = 0
                  .DisableSinglemode = 0
                  .DisableCountCondition = 0
                  .IsGeneralSkill = 1
                  .StartDate = 1483228800
                  .EndDate = 2524608000
                  ._tagIdsCached = false
                  ._tagIdList = <?>
                  ._eTagList = <?>
                .<NeedPointMasterData>k__BackingField = <Gallop.MasterSingleModeSkillNeedPoint.SingleModeSkillNeedPoint>
                  .Id = 201162
                  .NeedSkillPoint = 160
                  .StatusType = 0
                  .StatusValue = 0
                  .SolvableType = 0
                .IsSkillUpgrade = false
      [29] <Gallop.SingleModeSkillLearningViewController.SkillInfo>
          ._skillList = <System.Collections.Generic.List<Gallop.PartsSingleModeSkillLearningListItem.Info> count=1>
            [0] <Gallop.PartsSingleModeSkillLearningListItem.Info>
                .<SkillId>k__BackingField = 201202
                .<Level>k__BackingField = 1
                .<IsAcquired>k__BackingField = false
                .<ChangeLevel>k__BackingField = 1
                .<IsGet>k__BackingField = false
                .<IsLock>k__BackingField = false
                .<StatusType>k__BackingField = <?>
                .<StatusValue>k__BackingField = 0
                .<NeedPoint>k__BackingField = 104
                .<CalcNeedPoint>k__BackingField = 104
                .<OriginNeedPoint>k__BackingField = 160
                .DiscountRateForDisplay = 35
                .HintLv = 4
                .IsSelected = true
                .<MasterData>k__BackingField = <Gallop.MasterSkillData.SkillData>
                  .Id = 201202
                  .Rarity = 1
                  .GroupId = 20120
                  .GroupRate = 1
                  .FilterSwitch = 0
                  .GradeValue = 217
                  .SkillCategory = 4
                  .TagId = "204/402"
                  .UniqueSkillId1 = 0
                  .UniqueSkillId2 = 0
                  .ExpType = 0
                  .PotentialPerDefault = 10
                  .ActivateLot = 1
                  .Priority = 0
                  .Precondition1 = ""
                  .Condition1 = "distance_type==4&is_overtake==1&accumulatetime>=5"
                  .FloatAbilityTime1 = 0
                  .AbilityTimeUsage1 = 1
                  .FloatCooldownTime1 = 5000000
                  .AbilityType11 = 9
                  .AbilityValueUsage11 = 1
                  .AdditionalActivateType11 = 0
                  .AbilityValueLevelUsage11 = 1
                  .FloatAbilityValue11 = 150
                  .TargetType11 = 1
                  .TargetValue11 = 0
                  .AbilityType12 = 0
                  .AbilityValueUsage12 = 1
                  .AdditionalActivateType12 = 0
                  .AbilityValueLevelUsage12 = 1
                  .FloatAbilityValue12 = 0
                  .TargetType12 = 0
                  .TargetValue12 = 0
                  .AbilityType13 = 0
                  .AbilityValueUsage13 = 1
                  .AdditionalActivateType13 = 0
                  .AbilityValueLevelUsage13 = 1
                  .FloatAbilityValue13 = 0
                  .TargetType13 = 0
                  .TargetValue13 = 0
                  .Precondition2 = ""
                  .Condition2 = ""
                  .FloatAbilityTime2 = 0
                  .AbilityTimeUsage2 = 1
                  .FloatCooldownTime2 = 0
                  .AbilityType21 = 0
                  .AbilityValueUsage21 = 1
                  .AdditionalActivateType21 = 0
                  .AbilityValueLevelUsage21 = 1
                  .FloatAbilityValue21 = 0
                  .TargetType21 = 0
                  .TargetValue21 = 0
                  .AbilityType22 = 0
                  .AbilityValueUsage22 = 1
                  .AdditionalActivateType22 = 0
                  .AbilityValueLevelUsage22 = 1
                  .FloatAbilityValue22 = 0
                  .TargetType22 = 0
                  .TargetValue22 = 0
                  .AbilityType23 = 0
                  .AbilityValueUsage23 = 1
                  .AdditionalActivateType23 = 0
                  .AbilityValueLevelUsage23 = 1
                  .FloatAbilityValue23 = 0
                  .TargetType23 = 0
                  .TargetValue23 = 0
                  .PopularityAddParam1 = 2
                  .PopularityAddValue1 = 20
                  .PopularityAddParam2 = 0
                  .PopularityAddValue2 = 0
                  .DispOrder = 20510
                  .IconId = 20021
                  .PlateType = 0
                  .DisableSinglemode = 0
                  .DisableCountCondition = 0
                  .IsGeneralSkill = 1
                  .StartDate = 1483228800
                  .EndDate = 2524608000
                  ._tagIdsCached = false
                  ._tagIdList = <?>
                  ._eTagList = <?>
                .<NeedPointMasterData>k__BackingField = <Gallop.MasterSingleModeSkillNeedPoint.SingleModeSkillNeedPoint>
                  .Id = 201202
                  .NeedSkillPoint = 160
                  .StatusType = 0
                  .StatusValue = 0
                  .SolvableType = 0
                .IsSkillUpgrade = false
      [30] <Gallop.SingleModeSkillLearningViewController.SkillInfo>
          ._skillList = <System.Collections.Generic.List<Gallop.PartsSingleModeSkillLearningListItem.Info> count=1>
            [0] <Gallop.PartsSingleModeSkillLearningListItem.Info>
                .<SkillId>k__BackingField = 201222
                .<Level>k__BackingField = 1
                .<IsAcquired>k__BackingField = false
                .<ChangeLevel>k__BackingField = 1
                .<IsGet>k__BackingField = false
                .<IsLock>k__BackingField = false
                .<StatusType>k__BackingField = <?>
                .<StatusValue>k__BackingField = 0
                .<NeedPoint>k__BackingField = 128
                .<CalcNeedPoint>k__BackingField = 128
                .<OriginNeedPoint>k__BackingField = 160
                .DiscountRateForDisplay = 20
                .HintLv = 2
                .IsSelected = true
                .<MasterData>k__BackingField = <Gallop.MasterSkillData.SkillData>
                  .Id = 201222
                  .Rarity = 1
                  .GroupId = 20122
                  .GroupRate = 1
                  .FilterSwitch = 0
                  .GradeValue = 217
                  .SkillCategory = 2
                  .TagId = "204/302/402/406"
                  .UniqueSkillId1 = 0
                  .UniqueSkillId2 = 0
                  .ExpType = 0
                  .PotentialPerDefault = 10
                  .ActivateLot = 1
                  .Priority = 0
                  .Precondition1 = ""
                  .Condition1 = "distance_type==4&phase_random==1&order>=5"
                  .FloatAbilityTime1 = 0
                  .AbilityTimeUsage1 = 1
                  .FloatCooldownTime1 = 5000000
                  .AbilityType11 = 9
                  .AbilityValueUsage11 = 1
                  .AdditionalActivateType11 = 0
                  .AbilityValueLevelUsage11 = 1
                  .FloatAbilityValue11 = -50
                  .TargetType11 = 9
                  .TargetValue11 = 5
                  .AbilityType12 = 9
                  .AbilityValueUsage12 = 1
                  .AdditionalActivateType12 = 0
                  .AbilityValueLevelUsage12 = 1
                  .FloatAbilityValue12 = 150
                  .TargetType12 = 1
                  .TargetValue12 = 0
                  .AbilityType13 = 0
                  .AbilityValueUsage13 = 1
                  .AdditionalActivateType13 = 0
                  .AbilityValueLevelUsage13 = 1
                  .FloatAbilityValue13 = 0
                  .TargetType13 = 0
                  .TargetValue13 = 0
                  .Precondition2 = ""
                  .Condition2 = ""
                  .FloatAbilityTime2 = 0
                  .AbilityTimeUsage2 = 1
                  .FloatCooldownTime2 = 0
                  .AbilityType21 = 0
                  .AbilityValueUsage21 = 1
                  .AdditionalActivateType21 = 0
                  .AbilityValueLevelUsage21 = 1
                  .FloatAbilityValue21 = 0
                  .TargetType21 = 0
                  .TargetValue21 = 0
                  .AbilityType22 = 0
                  .AbilityValueUsage22 = 1
                  .AdditionalActivateType22 = 0
                  .AbilityValueLevelUsage22 = 1
                  .FloatAbilityValue22 = 0
                  .TargetType22 = 0
                  .TargetValue22 = 0
                  .AbilityType23 = 0
                  .AbilityValueUsage23 = 1
                  .AdditionalActivateType23 = 0
                  .AbilityValueLevelUsage23 = 1
                  .FloatAbilityValue23 = 0
                  .TargetType23 = 0
                  .TargetValue23 = 0
                  .PopularityAddParam1 = 2
                  .PopularityAddValue1 = 25
                  .PopularityAddParam2 = 0
                  .PopularityAddValue2 = 0
                  .DispOrder = 20550
                  .IconId = 30051
                  .PlateType = 0
                  .DisableSinglemode = 0
                  .DisableCountCondition = 0
                  .IsGeneralSkill = 1
                  .StartDate = 1483228800
                  .EndDate = 2524608000
                  ._tagIdsCached = false
                  ._tagIdList = <?>
                  ._eTagList = <?>
                .<NeedPointMasterData>k__BackingField = <Gallop.MasterSingleModeSkillNeedPoint.SingleModeSkillNeedPoint>
                  .Id = 201222
                  .NeedSkillPoint = 160
                  .StatusType = 0
                  .StatusValue = 0
                  .SolvableType = 0
                .IsSkillUpgrade = false
      [31] <Gallop.SingleModeSkillLearningViewController.SkillInfo>
          ._skillList = <System.Collections.Generic.List<Gallop.PartsSingleModeSkillLearningListItem.Info> count=2>
            [0] <Gallop.PartsSingleModeSkillLearningListItem.Info>
                .<SkillId>k__BackingField = 201312
                .<Level>k__BackingField = 1
                .<IsAcquired>k__BackingField = false
                .<ChangeLevel>k__BackingField = 1
                .<IsGet>k__BackingField = false
                .<IsLock>k__BackingField = false
                .<StatusType>k__BackingField = <?>
                .<StatusValue>k__BackingField = 0
                .<NeedPoint>k__BackingField = 84
                .<CalcNeedPoint>k__BackingField = 84
                .<OriginNeedPoint>k__BackingField = 130
                .DiscountRateForDisplay = 35
                .HintLv = 4
                .IsSelected = false
                .<MasterData>k__BackingField = <Gallop.MasterSkillData.SkillData>
                  .Id = 201312
                  .Rarity = 1
                  .GroupId = 20131
                  .GroupRate = 1
                  .FilterSwitch = 0
                  .GradeValue = 217
                  .SkillCategory = 4
                  .TagId = "102/401"
                  .UniqueSkillId1 = 0
                  .UniqueSkillId2 = 0
                  .ExpType = 0
                  .PotentialPerDefault = 10
                  .ActivateLot = 1
                  .Priority = 0
                  .Precondition1 = ""
                  .Condition1 = "running_style==2&straight_random==1"
                  .FloatAbilityTime1 = 30000
                  .AbilityTimeUsage1 = 1
                  .FloatCooldownTime1 = 5000000
                  .AbilityType11 = 27
                  .AbilityValueUsage11 = 1
                  .AdditionalActivateType11 = 0
                  .AbilityValueLevelUsage11 = 1
                  .FloatAbilityValue11 = 1500
                  .TargetType11 = 1
                  .TargetValue11 = 0
                  .AbilityType12 = 0
                  .AbilityValueUsage12 = 1
                  .AdditionalActivateType12 = 0
                  .AbilityValueLevelUsage12 = 1
                  .FloatAbilityValue12 = 0
                  .TargetType12 = 0
                  .TargetValue12 = 0
                  .AbilityType13 = 0
                  .AbilityValueUsage13 = 1
                  .AdditionalActivateType13 = 0
                  .AbilityValueLevelUsage13 = 1
                  .FloatAbilityValue13 = 0
                  .TargetType13 = 0
                  .TargetValue13 = 0
                  .Precondition2 = ""
                  .Condition2 = ""
                  .FloatAbilityTime2 = 0
                  .AbilityTimeUsage2 = 1
                  .FloatCooldownTime2 = 0
                  .AbilityType21 = 0
                  .AbilityValueUsage21 = 1
                  .AdditionalActivateType21 = 0
                  .AbilityValueLevelUsage21 = 1
                  .FloatAbilityValue21 = 0
                  .TargetType21 = 0
                  .TargetValue21 = 0
                  .AbilityType22 = 0
                  .AbilityValueUsage22 = 1
                  .AdditionalActivateType22 = 0
                  .AbilityValueLevelUsage22 = 1
                  .FloatAbilityValue22 = 0
                  .TargetType22 = 0
                  .TargetValue22 = 0
                  .AbilityType23 = 0
                  .AbilityValueUsage23 = 1
                  .AdditionalActivateType23 = 0
                  .AbilityValueLevelUsage23 = 1
                  .FloatAbilityValue23 = 0
                  .TargetType23 = 0
                  .TargetValue23 = 0
                  .PopularityAddParam1 = 1
                  .PopularityAddValue1 = 20
                  .PopularityAddParam2 = 0
                  .PopularityAddValue2 = 0
                  .DispOrder = 20730
                  .IconId = 20011
                  .PlateType = 0
                  .DisableSinglemode = 0
                  .DisableCountCondition = 0
                  .IsGeneralSkill = 1
                  .StartDate = 1483228800
                  .EndDate = 2524608000
                  ._tagIdsCached = false
                  ._tagIdList = <?>
                  ._eTagList = <?>
                .<NeedPointMasterData>k__BackingField = <Gallop.MasterSingleModeSkillNeedPoint.SingleModeSkillNeedPoint>
                  .Id = 201312
                  .NeedSkillPoint = 130
                  .StatusType = 0
                  .StatusValue = 0
                  .SolvableType = 0
                .IsSkillUpgrade = false
            [1] <Gallop.PartsSingleModeSkillLearningListItem.Info>
                .<SkillId>k__BackingField = 201311
                .<Level>k__BackingField = 1
                .<IsAcquired>k__BackingField = false
                .<ChangeLevel>k__BackingField = 1
                .<IsGet>k__BackingField = false
                .<IsLock>k__BackingField = false
                .<StatusType>k__BackingField = <?>
                .<StatusValue>k__BackingField = 0
                .<NeedPoint>k__BackingField = 91
                .<CalcNeedPoint>k__BackingField = 91
                .<OriginNeedPoint>k__BackingField = 140
                .DiscountRateForDisplay = 35
                .HintLv = 4
                .IsSelected = false
                .<MasterData>k__BackingField = <Gallop.MasterSkillData.SkillData>
                  .Id = 201311
                  .Rarity = 1
                  .GroupId = 20131
                  .GroupRate = 2
                  .FilterSwitch = 0
                  .GradeValue = 262
                  .SkillCategory = 4
                  .TagId = "102/401"
                  .UniqueSkillId1 = 0
                  .UniqueSkillId2 = 0
                  .ExpType = 0
                  .PotentialPerDefault = 10
                  .ActivateLot = 1
                  .Priority = 0
                  .Precondition1 = ""
                  .Condition1 = "running_style==2&straight_random==1"
                  .FloatAbilityTime1 = 30000
                  .AbilityTimeUsage1 = 1
                  .FloatCooldownTime1 = 5000000
                  .AbilityType11 = 27
                  .AbilityValueUsage11 = 1
                  .AdditionalActivateType11 = 0
                  .AbilityValueLevelUsage11 = 1
                  .FloatAbilityValue11 = 2500
                  .TargetType11 = 1
                  .TargetValue11 = 0
                  .AbilityType12 = 0
                  .AbilityValueUsage12 = 1
                  .AdditionalActivateType12 = 0
                  .AbilityValueLevelUsage12 = 1
                  .FloatAbilityValue12 = 0
                  .TargetType12 = 0
                  .TargetValue12 = 0
                  .AbilityType13 = 0
                  .AbilityValueUsage13 = 1
                  .AdditionalActivateType13 = 0
                  .AbilityValueLevelUsage13 = 1
                  .FloatAbilityValue13 = 0
                  .TargetType13 = 0
                  .TargetValue13 = 0
                  .Precondition2 = ""
                  .Condition2 = ""
                  .FloatAbilityTime2 = 0
                  .AbilityTimeUsage2 = 1
                  .FloatCooldownTime2 = 0
                  .AbilityType21 = 0
                  .AbilityValueUsage21 = 1
                  .AdditionalActivateType21 = 0
                  .AbilityValueLevelUsage21 = 1
                  .FloatAbilityValue21 = 0
                  .TargetType21 = 0
                  .TargetValue21 = 0
                  .AbilityType22 = 0
                  .AbilityValueUsage22 = 1
                  .AdditionalActivateType22 = 0
                  .AbilityValueLevelUsage22 = 1
                  .FloatAbilityValue22 = 0
                  .TargetType22 = 0
                  .TargetValue22 = 0
                  .AbilityType23 = 0
                  .AbilityValueUsage23 = 1
                  .AdditionalActivateType23 = 0
                  .AbilityValueLevelUsage23 = 1
                  .FloatAbilityValue23 = 0
                  .TargetType23 = 0
                  .TargetValue23 = 0
                  .PopularityAddParam1 = 1
                  .PopularityAddValue1 = 30
                  .PopularityAddParam2 = 0
                  .PopularityAddValue2 = 0
                  .DispOrder = 20720
                  .IconId = 20011
                  .PlateType = 0
                  .DisableSinglemode = 1
                  .DisableCountCondition = 0
                  .IsGeneralSkill = 1
                  .StartDate = 1483228800
                  .EndDate = 2524608000
                  ._tagIdsCached = false
                  ._tagIdList = <?>
                  ._eTagList = <?>
                .<NeedPointMasterData>k__BackingField = <Gallop.MasterSingleModeSkillNeedPoint.SingleModeSkillNeedPoint>
                  .Id = 201311
                  .NeedSkillPoint = 140
                  .StatusType = 0
                  .StatusValue = 0
                  .SolvableType = 0
                .IsSkillUpgrade = false
      [32] <Gallop.SingleModeSkillLearningViewController.SkillInfo>
          ._skillList = <System.Collections.Generic.List<Gallop.PartsSingleModeSkillLearningListItem.Info> count=1>
            [0] <Gallop.PartsSingleModeSkillLearningListItem.Info>
                .<SkillId>k__BackingField = 201412
                .<Level>k__BackingField = 1
                .<IsAcquired>k__BackingField = false
                .<ChangeLevel>k__BackingField = 1
                .<IsGet>k__BackingField = false
                .<IsLock>k__BackingField = false
                .<StatusType>k__BackingField = <?>
                .<StatusValue>k__BackingField = 0
                .<NeedPoint>k__BackingField = 108
                .<CalcNeedPoint>k__BackingField = 108
                .<OriginNeedPoint>k__BackingField = 120
                .DiscountRateForDisplay = 10
                .HintLv = 1
                .IsSelected = true
                .<MasterData>k__BackingField = <Gallop.MasterSkillData.SkillData>
                  .Id = 201412
                  .Rarity = 1
                  .GroupId = 20141
                  .GroupRate = 1
                  .FilterSwitch = 0
                  .GradeValue = 217
                  .SkillCategory = 4
                  .TagId = "103/401"
                  .UniqueSkillId1 = 0
                  .UniqueSkillId2 = 0
                  .ExpType = 0
                  .PotentialPerDefault = 10
                  .ActivateLot = 1
                  .Priority = 0
                  .Precondition1 = ""
                  .Condition1 = "running_style==3&up_slope_random==1"
                  .FloatAbilityTime1 = 24000
                  .AbilityTimeUsage1 = 1
                  .FloatCooldownTime1 = 5000000
                  .AbilityType11 = 27
                  .AbilityValueUsage11 = 1
                  .AdditionalActivateType11 = 0
                  .AbilityValueLevelUsage11 = 1
                  .FloatAbilityValue11 = 1500
                  .TargetType11 = 1
                  .TargetValue11 = 0
                  .AbilityType12 = 0
                  .AbilityValueUsage12 = 1
                  .AdditionalActivateType12 = 0
                  .AbilityValueLevelUsage12 = 1
                  .FloatAbilityValue12 = 0
                  .TargetType12 = 0
                  .TargetValue12 = 0
                  .AbilityType13 = 0
                  .AbilityValueUsage13 = 1
                  .AdditionalActivateType13 = 0
                  .AbilityValueLevelUsage13 = 1
                  .FloatAbilityValue13 = 0
                  .TargetType13 = 0
                  .TargetValue13 = 0
                  .Precondition2 = ""
                  .Condition2 = ""
                  .FloatAbilityTime2 = 0
                  .AbilityTimeUsage2 = 1
                  .FloatCooldownTime2 = 0
                  .AbilityType21 = 0
                  .AbilityValueUsage21 = 1
                  .AdditionalActivateType21 = 0
                  .AbilityValueLevelUsage21 = 1
                  .FloatAbilityValue21 = 0
                  .TargetType21 = 0
                  .TargetValue21 = 0
                  .AbilityType22 = 0
                  .AbilityValueUsage22 = 1
                  .AdditionalActivateType22 = 0
                  .AbilityValueLevelUsage22 = 1
                  .FloatAbilityValue22 = 0
                  .TargetType22 = 0
                  .TargetValue22 = 0
                  .AbilityType23 = 0
                  .AbilityValueUsage23 = 1
                  .AdditionalActivateType23 = 0
                  .AbilityValueLevelUsage23 = 1
                  .FloatAbilityValue23 = 0
                  .TargetType23 = 0
                  .TargetValue23 = 0
                  .PopularityAddParam1 = 1
                  .PopularityAddValue1 = 20
                  .PopularityAddParam2 = 0
                  .PopularityAddValue2 = 0
                  .DispOrder = 20930
                  .IconId = 20011
                  .PlateType = 0
                  .DisableSinglemode = 0
                  .DisableCountCondition = 0
                  .IsGeneralSkill = 1
                  .StartDate = 1483228800
                  .EndDate = 2524608000
                  ._tagIdsCached = false
                  ._tagIdList = <?>
                  ._eTagList = <?>
                .<NeedPointMasterData>k__BackingField = <Gallop.MasterSingleModeSkillNeedPoint.SingleModeSkillNeedPoint>
                  .Id = 201412
                  .NeedSkillPoint = 120
                  .StatusType = 0
                  .StatusValue = 0
                  .SolvableType = 0
                .IsSkillUpgrade = false
      [33] <Gallop.SingleModeSkillLearningViewController.SkillInfo>
          ._skillList = <System.Collections.Generic.List<Gallop.PartsSingleModeSkillLearningListItem.Info> count=1>
            [0] <Gallop.PartsSingleModeSkillLearningListItem.Info>
                .<SkillId>k__BackingField = 201421
                .<Level>k__BackingField = 1
                .<IsAcquired>k__BackingField = false
                .<ChangeLevel>k__BackingField = 1
                .<IsGet>k__BackingField = false
                .<IsLock>k__BackingField = false
                .<StatusType>k__BackingField = <?>
                .<StatusValue>k__BackingField = 0
                .<NeedPoint>k__BackingField = 180
                .<CalcNeedPoint>k__BackingField = 180
                .<OriginNeedPoint>k__BackingField = 180
                .DiscountRateForDisplay = 0
                .HintLv = 0
                .IsSelected = true
                .<MasterData>k__BackingField = <Gallop.MasterSkillData.SkillData>
                  .Id = 201421
                  .Rarity = 2
                  .GroupId = 20142
                  .GroupRate = 2
                  .FilterSwitch = 0
                  .GradeValue = 508
                  .SkillCategory = 2
                  .TagId = "103/302/402"
                  .UniqueSkillId1 = 0
                  .UniqueSkillId2 = 0
                  .ExpType = 0
                  .PotentialPerDefault = 10
                  .ActivateLot = 1
                  .Priority = 0
                  .Precondition1 = ""
                  .Condition1 = "running_style==3&phase_random==1&order_rate>=40"
                  .FloatAbilityTime1 = 0
                  .AbilityTimeUsage1 = 1
                  .FloatCooldownTime1 = 5000000
                  .AbilityType11 = 9
                  .AbilityValueUsage11 = 1
                  .AdditionalActivateType11 = 0
                  .AbilityValueLevelUsage11 = 1
                  .FloatAbilityValue11 = 550
                  .TargetType11 = 1
                  .TargetValue11 = 0
                  .AbilityType12 = 0
                  .AbilityValueUsage12 = 1
                  .AdditionalActivateType12 = 0
                  .AbilityValueLevelUsage12 = 1
                  .FloatAbilityValue12 = 0
                  .TargetType12 = 0
                  .TargetValue12 = 0
                  .AbilityType13 = 0
                  .AbilityValueUsage13 = 1
                  .AdditionalActivateType13 = 0
                  .AbilityValueLevelUsage13 = 1
                  .FloatAbilityValue13 = 0
                  .TargetType13 = 0
                  .TargetValue13 = 0
                  .Precondition2 = ""
                  .Condition2 = ""
                  .FloatAbilityTime2 = 0
                  .AbilityTimeUsage2 = 1
                  .FloatCooldownTime2 = 0
                  .AbilityType21 = 0
                  .AbilityValueUsage21 = 1
                  .AdditionalActivateType21 = 0
                  .AbilityValueLevelUsage21 = 1
                  .FloatAbilityValue21 = 0
                  .TargetType21 = 0
                  .TargetValue21 = 0
                  .AbilityType22 = 0
                  .AbilityValueUsage22 = 1
                  .AdditionalActivateType22 = 0
                  .AbilityValueLevelUsage22 = 1
                  .FloatAbilityValue22 = 0
                  .TargetType22 = 0
                  .TargetValue22 = 0
                  .AbilityType23 = 0
                  .AbilityValueUsage23 = 1
                  .AdditionalActivateType23 = 0
                  .AbilityValueLevelUsage23 = 1
                  .FloatAbilityValue23 = 0
                  .TargetType23 = 0
                  .TargetValue23 = 0
                  .PopularityAddParam1 = 2
                  .PopularityAddValue1 = 60
                  .PopularityAddParam2 = 0
                  .PopularityAddValue2 = 0
                  .DispOrder = 20940
                  .IconId = 20022
                  .PlateType = 0
                  .DisableSinglemode = 1
                  .DisableCountCondition = 0
                  .IsGeneralSkill = 1
                  .StartDate = 1483228800
                  .EndDate = 2524608000
                  ._tagIdsCached = false
                  ._tagIdList = <?>
                  ._eTagList = <?>
                .<NeedPointMasterData>k__BackingField = <Gallop.MasterSingleModeSkillNeedPoint.SingleModeSkillNeedPoint>
                  .Id = 201421
                  .NeedSkillPoint = 180
                  .StatusType = 0
                  .StatusValue = 0
                  .SolvableType = 0
                .IsSkillUpgrade = false
      [34] <Gallop.SingleModeSkillLearningViewController.SkillInfo>
          ._skillList = <System.Collections.Generic.List<Gallop.PartsSingleModeSkillLearningListItem.Info> count=1>
            [0] <Gallop.PartsSingleModeSkillLearningListItem.Info>
                .<SkillId>k__BackingField = 201422
                .<Level>k__BackingField = 1
                .<IsAcquired>k__BackingField = false
                .<ChangeLevel>k__BackingField = 1
                .<IsGet>k__BackingField = false
                .<IsLock>k__BackingField = false
                .<StatusType>k__BackingField = <?>
                .<StatusValue>k__BackingField = 0
                .<NeedPoint>k__BackingField = 180
                .<CalcNeedPoint>k__BackingField = 180
                .<OriginNeedPoint>k__BackingField = 180
                .DiscountRateForDisplay = 0
                .HintLv = 0
                .IsSelected = true
                .<MasterData>k__BackingField = <Gallop.MasterSkillData.SkillData>
                  .Id = 201422
                  .Rarity = 1
                  .GroupId = 20142
                  .GroupRate = 1
                  .FilterSwitch = 0
                  .GradeValue = 217
                  .SkillCategory = 2
                  .TagId = "103/302/402"
                  .UniqueSkillId1 = 0
                  .UniqueSkillId2 = 0
                  .ExpType = 0
                  .PotentialPerDefault = 10
                  .ActivateLot = 1
                  .Priority = 0
                  .Precondition1 = ""
                  .Condition1 = "running_style==3&phase_random==1&order_rate>=40"
                  .FloatAbilityTime1 = 0
                  .AbilityTimeUsage1 = 1
                  .FloatCooldownTime1 = 5000000
                  .AbilityType11 = 9
                  .AbilityValueUsage11 = 1
                  .AdditionalActivateType11 = 0
                  .AbilityValueLevelUsage11 = 1
                  .FloatAbilityValue11 = 150
                  .TargetType11 = 1
                  .TargetValue11 = 0
                  .AbilityType12 = 0
                  .AbilityValueUsage12 = 1
                  .AdditionalActivateType12 = 0
                  .AbilityValueLevelUsage12 = 1
                  .FloatAbilityValue12 = 0
                  .TargetType12 = 0
                  .TargetValue12 = 0
                  .AbilityType13 = 0
                  .AbilityValueUsage13 = 1
                  .AdditionalActivateType13 = 0
                  .AbilityValueLevelUsage13 = 1
                  .FloatAbilityValue13 = 0
                  .TargetType13 = 0
                  .TargetValue13 = 0
                  .Precondition2 = ""
                  .Condition2 = ""
                  .FloatAbilityTime2 = 0
                  .AbilityTimeUsage2 = 1
                  .FloatCooldownTime2 = 0
                  .AbilityType21 = 0
                  .AbilityValueUsage21 = 1
                  .AdditionalActivateType21 = 0
                  .AbilityValueLevelUsage21 = 1
                  .FloatAbilityValue21 = 0
                  .TargetType21 = 0
                  .TargetValue21 = 0
                  .AbilityType22 = 0
                  .AbilityValueUsage22 = 1
                  .AdditionalActivateType22 = 0
                  .AbilityValueLevelUsage22 = 1
                  .FloatAbilityValue22 = 0
                  .TargetType22 = 0
                  .TargetValue22 = 0
                  .AbilityType23 = 0
                  .AbilityValueUsage23 = 1
                  .AdditionalActivateType23 = 0
                  .AbilityValueLevelUsage23 = 1
                  .FloatAbilityValue23 = 0
                  .TargetType23 = 0
                  .TargetValue23 = 0
                  .PopularityAddParam1 = 2
                  .PopularityAddValue1 = 20
                  .PopularityAddParam2 = 0
                  .PopularityAddValue2 = 0
                  .DispOrder = 20950
                  .IconId = 20021
                  .PlateType = 0
                  .DisableSinglemode = 0
                  .DisableCountCondition = 0
                  .IsGeneralSkill = 1
                  .StartDate = 1483228800
                  .EndDate = 2524608000
                  ._tagIdsCached = false
                  ._tagIdList = <?>
                  ._eTagList = <?>
                .<NeedPointMasterData>k__BackingField = <Gallop.MasterSingleModeSkillNeedPoint.SingleModeSkillNeedPoint>
                  .Id = 201422
                  .NeedSkillPoint = 180
                  .StatusType = 0
                  .StatusValue = 0
                  .SolvableType = 0
                .IsSkillUpgrade = false
      [35] <Gallop.SingleModeSkillLearningViewController.SkillInfo>
          ._skillList = <System.Collections.Generic.List<Gallop.PartsSingleModeSkillLearningListItem.Info> count=1>
            [0] <Gallop.PartsSingleModeSkillLearningListItem.Info>
                .<SkillId>k__BackingField = 201442
                .<Level>k__BackingField = 1
                .<IsAcquired>k__BackingField = false
                .<ChangeLevel>k__BackingField = 1
                .<IsGet>k__BackingField = false
                .<IsLock>k__BackingField = false
                .<StatusType>k__BackingField = <?>
                .<StatusValue>k__BackingField = 0
                .<NeedPoint>k__BackingField = 144
                .<CalcNeedPoint>k__BackingField = 144
                .<OriginNeedPoint>k__BackingField = 180
                .DiscountRateForDisplay = 20
                .HintLv = 2
                .IsSelected = false
                .<MasterData>k__BackingField = <Gallop.MasterSkillData.SkillData>
                  .Id = 201442
                  .Rarity = 1
                  .GroupId = 20144
                  .GroupRate = 1
                  .FilterSwitch = 0
                  .GradeValue = 217
                  .SkillCategory = 3
                  .TagId = "103/303/406"
                  .UniqueSkillId1 = 0
                  .UniqueSkillId2 = 0
                  .ExpType = 0
                  .PotentialPerDefault = 10
                  .ActivateLot = 1
                  .Priority = 0
                  .Precondition1 = ""
                  .Condition1 = "running_style==3&phase_random==2&order_rate>50"
                  .FloatAbilityTime1 = 0
                  .AbilityTimeUsage1 = 1
                  .FloatCooldownTime1 = 5000000
                  .AbilityType11 = 9
                  .AbilityValueUsage11 = 1
                  .AdditionalActivateType11 = 0
                  .AbilityValueLevelUsage11 = 1
                  .FloatAbilityValue11 = -100
                  .TargetType11 = 4
                  .TargetValue11 = 18
                  .AbilityType12 = 0
                  .AbilityValueUsage12 = 1
                  .AdditionalActivateType12 = 0
                  .AbilityValueLevelUsage12 = 1
                  .FloatAbilityValue12 = 0
                  .TargetType12 = 0
                  .TargetValue12 = 0
                  .AbilityType13 = 0
                  .AbilityValueUsage13 = 1
                  .AdditionalActivateType13 = 0
                  .AbilityValueLevelUsage13 = 1
                  .FloatAbilityValue13 = 0
                  .TargetType13 = 0
                  .TargetValue13 = 0
                  .Precondition2 = ""
                  .Condition2 = ""
                  .FloatAbilityTime2 = 0
                  .AbilityTimeUsage2 = 1
                  .FloatCooldownTime2 = 0
                  .AbilityType21 = 0
                  .AbilityValueUsage21 = 1
                  .AdditionalActivateType21 = 0
                  .AbilityValueLevelUsage21 = 1
                  .FloatAbilityValue21 = 0
                  .TargetType21 = 0
                  .TargetValue21 = 0
                  .AbilityType22 = 0
                  .AbilityValueUsage22 = 1
                  .AdditionalActivateType22 = 0
                  .AbilityValueLevelUsage22 = 1
                  .FloatAbilityValue22 = 0
                  .TargetType22 = 0
                  .TargetValue22 = 0
                  .AbilityType23 = 0
                  .AbilityValueUsage23 = 1
                  .AdditionalActivateType23 = 0
                  .AbilityValueLevelUsage23 = 1
                  .FloatAbilityValue23 = 0
                  .TargetType23 = 0
                  .TargetValue23 = 0
                  .PopularityAddParam1 = 2
                  .PopularityAddValue1 = 10
                  .PopularityAddParam2 = 5
                  .PopularityAddValue2 = 10
                  .DispOrder = 20990
                  .IconId = 30051
                  .PlateType = 0
                  .DisableSinglemode = 0
                  .DisableCountCondition = 0
                  .IsGeneralSkill = 1
                  .StartDate = 1483228800
                  .EndDate = 2524608000
                  ._tagIdsCached = false
                  ._tagIdList = <?>
                  ._eTagList = <?>
                .<NeedPointMasterData>k__BackingField = <Gallop.MasterSingleModeSkillNeedPoint.SingleModeSkillNeedPoint>
                  .Id = 201442
                  .NeedSkillPoint = 180
                  .StatusType = 0
                  .StatusValue = 0
                  .SolvableType = 0
                .IsSkillUpgrade = false
      [36] <Gallop.SingleModeSkillLearningViewController.SkillInfo>
          ._skillList = <System.Collections.Generic.List<Gallop.PartsSingleModeSkillLearningListItem.Info> count=2>
            [0] <Gallop.PartsSingleModeSkillLearningListItem.Info>
                .<SkillId>k__BackingField = 201542
                .<Level>k__BackingField = 1
                .<IsAcquired>k__BackingField = false
                .<ChangeLevel>k__BackingField = 1
                .<IsGet>k__BackingField = false
                .<IsLock>k__BackingField = false
                .<StatusType>k__BackingField = <?>
                .<StatusValue>k__BackingField = 0
                .<NeedPoint>k__BackingField = 110
                .<CalcNeedPoint>k__BackingField = 110
                .<OriginNeedPoint>k__BackingField = 110
                .DiscountRateForDisplay = 0
                .HintLv = 0
                .IsSelected = true
                .<MasterData>k__BackingField = <Gallop.MasterSkillData.SkillData>
                  .Id = 201542
                  .Rarity = 1
                  .GroupId = 20154
                  .GroupRate = 1
                  .FilterSwitch = 0
                  .GradeValue = 174
                  .SkillCategory = 0
                  .TagId = "103/405/612"
                  .UniqueSkillId1 = 0
                  .UniqueSkillId2 = 0
                  .ExpType = 0
                  .PotentialPerDefault = 10
                  .ActivateLot = 0
                  .Priority = 0
                  .Precondition1 = ""
                  .Condition1 = "running_style==3"
                  .FloatAbilityTime1 = -1
                  .AbilityTimeUsage1 = 1
                  .FloatCooldownTime1 = 0
                  .AbilityType11 = 5
                  .AbilityValueUsage11 = 1
                  .AdditionalActivateType11 = 0
                  .AbilityValueLevelUsage11 = 1
                  .FloatAbilityValue11 = 400000
                  .TargetType11 = 1
                  .TargetValue11 = 0
                  .AbilityType12 = 8
                  .AbilityValueUsage12 = 1
                  .AdditionalActivateType12 = 0
                  .AbilityValueLevelUsage12 = 1
                  .FloatAbilityValue12 = 50000
                  .TargetType12 = 1
                  .TargetValue12 = 0
                  .AbilityType13 = 0
                  .AbilityValueUsage13 = 1
                  .AdditionalActivateType13 = 0
                  .AbilityValueLevelUsage13 = 1
                  .FloatAbilityValue13 = 0
                  .TargetType13 = 0
                  .TargetValue13 = 0
                  .Precondition2 = ""
                  .Condition2 = ""
                  .FloatAbilityTime2 = 0
                  .AbilityTimeUsage2 = 1
                  .FloatCooldownTime2 = 0
                  .AbilityType21 = 0
                  .AbilityValueUsage21 = 1
                  .AdditionalActivateType21 = 0
                  .AbilityValueLevelUsage21 = 1
                  .FloatAbilityValue21 = 0
                  .TargetType21 = 0
                  .TargetValue21 = 0
                  .AbilityType22 = 0
                  .AbilityValueUsage22 = 1
                  .AdditionalActivateType22 = 0
                  .AbilityValueLevelUsage22 = 1
                  .FloatAbilityValue22 = 0
                  .TargetType22 = 0
                  .TargetValue22 = 0
                  .AbilityType23 = 0
                  .AbilityValueUsage23 = 1
                  .AdditionalActivateType23 = 0
                  .AbilityValueLevelUsage23 = 1
                  .FloatAbilityValue23 = 0
                  .TargetType23 = 0
                  .TargetValue23 = 0
                  .PopularityAddParam1 = 3
                  .PopularityAddValue1 = 10
                  .PopularityAddParam2 = 5
                  .PopularityAddValue2 = 20
                  .DispOrder = 21190
                  .IconId = 10051
                  .PlateType = 0
                  .DisableSinglemode = 0
                  .DisableCountCondition = 0
                  .IsGeneralSkill = 1
                  .StartDate = 1483228800
                  .EndDate = 2524608000
                  ._tagIdsCached = false
                  ._tagIdList = <?>
                  ._eTagList = <?>
                .<NeedPointMasterData>k__BackingField = <Gallop.MasterSingleModeSkillNeedPoint.SingleModeSkillNeedPoint>
                  .Id = 201542
                  .NeedSkillPoint = 110
                  .StatusType = 0
                  .StatusValue = 0
                  .SolvableType = 0
                .IsSkillUpgrade = false
            [1] <Gallop.PartsSingleModeSkillLearningListItem.Info>
                .<SkillId>k__BackingField = 201541
                .<Level>k__BackingField = 1
                .<IsAcquired>k__BackingField = false
                .<ChangeLevel>k__BackingField = 1
                .<IsGet>k__BackingField = false
                .<IsLock>k__BackingField = false
                .<StatusType>k__BackingField = <?>
                .<StatusValue>k__BackingField = 0
                .<NeedPoint>k__BackingField = 130
                .<CalcNeedPoint>k__BackingField = 130
                .<OriginNeedPoint>k__BackingField = 130
                .DiscountRateForDisplay = 0
                .HintLv = 0
                .IsSelected = false
                .<MasterData>k__BackingField = <Gallop.MasterSkillData.SkillData>
                  .Id = 201541
                  .Rarity = 1
                  .GroupId = 20154
                  .GroupRate = 2
                  .FilterSwitch = 0
                  .GradeValue = 217
                  .SkillCategory = 0
                  .TagId = "103/405/612"
                  .UniqueSkillId1 = 0
                  .UniqueSkillId2 = 0
                  .ExpType = 0
                  .PotentialPerDefault = 10
                  .ActivateLot = 0
                  .Priority = 0
                  .Precondition1 = ""
                  .Condition1 = "running_style==3"
                  .FloatAbilityTime1 = -1
                  .AbilityTimeUsage1 = 1
                  .FloatCooldownTime1 = 0
                  .AbilityType11 = 5
                  .AbilityValueUsage11 = 1
                  .AdditionalActivateType11 = 0
                  .AbilityValueLevelUsage11 = 1
                  .FloatAbilityValue11 = 600000
                  .TargetType11 = 1
                  .TargetValue11 = 0
                  .AbilityType12 = 8
                  .AbilityValueUsage12 = 1
                  .AdditionalActivateType12 = 0
                  .AbilityValueLevelUsage12 = 1
                  .FloatAbilityValue12 = 100000
                  .TargetType12 = 1
                  .TargetValue12 = 0
                  .AbilityType13 = 0
                  .AbilityValueUsage13 = 1
                  .AdditionalActivateType13 = 0
                  .AbilityValueLevelUsage13 = 1
                  .FloatAbilityValue13 = 0
                  .TargetType13 = 0
                  .TargetValue13 = 0
                  .Precondition2 = ""
                  .Condition2 = ""
                  .FloatAbilityTime2 = 0
                  .AbilityTimeUsage2 = 1
                  .FloatCooldownTime2 = 0
                  .AbilityType21 = 0
                  .AbilityValueUsage21 = 1
                  .AdditionalActivateType21 = 0
                  .AbilityValueLevelUsage21 = 1
                  .FloatAbilityValue21 = 0
                  .TargetType21 = 0
                  .TargetValue21 = 0
                  .AbilityType22 = 0
                  .AbilityValueUsage22 = 1
                  .AdditionalActivateType22 = 0
                  .AbilityValueLevelUsage22 = 1
                  .FloatAbilityValue22 = 0
                  .TargetType22 = 0
                  .TargetValue22 = 0
                  .AbilityType23 = 0
                  .AbilityValueUsage23 = 1
                  .AdditionalActivateType23 = 0
                  .AbilityValueLevelUsage23 = 1
                  .FloatAbilityValue23 = 0
                  .TargetType23 = 0
                  .TargetValue23 = 0
                  .PopularityAddParam1 = 3
                  .PopularityAddValue1 = 15
                  .PopularityAddParam2 = 5
                  .PopularityAddValue2 = 30
                  .DispOrder = 21180
                  .IconId = 10051
                  .PlateType = 0
                  .DisableSinglemode = 1
                  .DisableCountCondition = 0
                  .IsGeneralSkill = 1
                  .StartDate = 1483228800
                  .EndDate = 2524608000
                  ._tagIdsCached = false
                  ._tagIdList = <?>
                  ._eTagList = <?>
                .<NeedPointMasterData>k__BackingField = <Gallop.MasterSingleModeSkillNeedPoint.SingleModeSkillNeedPoint>
                  .Id = 201541
                  .NeedSkillPoint = 130
                  .StatusType = 0
                  .StatusValue = 0
                  .SolvableType = 0
                .IsSkillUpgrade = false
      [37] <Gallop.SingleModeSkillLearningViewController.SkillInfo>
          ._skillList = <System.Collections.Generic.List<Gallop.PartsSingleModeSkillLearningListItem.Info> count=1>
            [0] <Gallop.PartsSingleModeSkillLearningListItem.Info>
                .<SkillId>k__BackingField = 201662
                .<Level>k__BackingField = 1
                .<IsAcquired>k__BackingField = false
                .<ChangeLevel>k__BackingField = 1
                .<IsGet>k__BackingField = false
                .<IsLock>k__BackingField = false
                .<StatusType>k__BackingField = <?>
                .<StatusValue>k__BackingField = 0
                .<NeedPoint>k__BackingField = 112
                .<CalcNeedPoint>k__BackingField = 112
                .<OriginNeedPoint>k__BackingField = 160
                .DiscountRateForDisplay = 30
                .HintLv = 3
                .IsSelected = true
                .<MasterData>k__BackingField = <Gallop.MasterSkillData.SkillData>
                  .Id = 201662
                  .Rarity = 2
                  .GroupId = 20166
                  .GroupRate = 2
                  .FilterSwitch = 0
                  .GradeValue = 508
                  .SkillCategory = 4
                  .TagId = "401"
                  .UniqueSkillId1 = 0
                  .UniqueSkillId2 = 0
                  .ExpType = 0
                  .PotentialPerDefault = 10
                  .ActivateLot = 1
                  .Priority = 0
                  .Precondition1 = ""
                  .Condition1 = "behind_near_lane_time>=3&accumulatetime>=10"
                  .FloatAbilityTime1 = 30000
                  .AbilityTimeUsage1 = 1
                  .FloatCooldownTime1 = 300000
                  .AbilityType11 = 27
                  .AbilityValueUsage11 = 1
                  .AdditionalActivateType11 = 0
                  .AbilityValueLevelUsage11 = 1
                  .FloatAbilityValue11 = 3500
                  .TargetType11 = 1
                  .TargetValue11 = 0
                  .AbilityType12 = 0
                  .AbilityValueUsage12 = 1
                  .AdditionalActivateType12 = 0
                  .AbilityValueLevelUsage12 = 1
                  .FloatAbilityValue12 = 0
                  .TargetType12 = 0
                  .TargetValue12 = 0
                  .AbilityType13 = 0
                  .AbilityValueUsage13 = 1
                  .AdditionalActivateType13 = 0
                  .AbilityValueLevelUsage13 = 1
                  .FloatAbilityValue13 = 0
                  .TargetType13 = 0
                  .TargetValue13 = 0
                  .Precondition2 = ""
                  .Condition2 = ""
                  .FloatAbilityTime2 = 0
                  .AbilityTimeUsage2 = 1
                  .FloatCooldownTime2 = 0
                  .AbilityType21 = 0
                  .AbilityValueUsage21 = 1
                  .AdditionalActivateType21 = 0
                  .AbilityValueLevelUsage21 = 1
                  .FloatAbilityValue21 = 0
                  .TargetType21 = 0
                  .TargetValue21 = 0
                  .AbilityType22 = 0
                  .AbilityValueUsage22 = 1
                  .AdditionalActivateType22 = 0
                  .AbilityValueLevelUsage22 = 1
                  .FloatAbilityValue22 = 0
                  .TargetType22 = 0
                  .TargetValue22 = 0
                  .AbilityType23 = 0
                  .AbilityValueUsage23 = 1
                  .AdditionalActivateType23 = 0
                  .AbilityValueLevelUsage23 = 1
                  .FloatAbilityValue23 = 0
                  .TargetType23 = 0
                  .TargetValue23 = 0
                  .PopularityAddParam1 = 1
                  .PopularityAddValue1 = 60
                  .PopularityAddParam2 = 0
                  .PopularityAddValue2 = 0
                  .DispOrder = 21345
                  .IconId = 20012
                  .PlateType = 0
                  .DisableSinglemode = 1
                  .DisableCountCondition = 0
                  .IsGeneralSkill = 1
                  .StartDate = 1483228800
                  .EndDate = 2524608000
                  ._tagIdsCached = false
                  ._tagIdList = <?>
                  ._eTagList = <?>
                .<NeedPointMasterData>k__BackingField = <Gallop.MasterSingleModeSkillNeedPoint.SingleModeSkillNeedPoint>
                  .Id = 201662
                  .NeedSkillPoint = 160
                  .StatusType = 0
                  .StatusValue = 0
                  .SolvableType = 0
                .IsSkillUpgrade = false
      [38] <Gallop.SingleModeSkillLearningViewController.SkillInfo>
          ._skillList = <System.Collections.Generic.List<Gallop.PartsSingleModeSkillLearningListItem.Info> count=1>
            [0] <Gallop.PartsSingleModeSkillLearningListItem.Info>
                .<SkillId>k__BackingField = 201661
                .<Level>k__BackingField = 1
                .<IsAcquired>k__BackingField = false
                .<ChangeLevel>k__BackingField = 1
                .<IsGet>k__BackingField = false
                .<IsLock>k__BackingField = false
                .<StatusType>k__BackingField = <?>
                .<StatusValue>k__BackingField = 0
                .<NeedPoint>k__BackingField = 160
                .<CalcNeedPoint>k__BackingField = 160
                .<OriginNeedPoint>k__BackingField = 160
                .DiscountRateForDisplay = 0
                .HintLv = 0
                .IsSelected = true
                .<MasterData>k__BackingField = <Gallop.MasterSkillData.SkillData>
                  .Id = 201661
                  .Rarity = 1
                  .GroupId = 20166
                  .GroupRate = 1
                  .FilterSwitch = 0
                  .GradeValue = 217
                  .SkillCategory = 4
                  .TagId = "401"
                  .UniqueSkillId1 = 0
                  .UniqueSkillId2 = 0
                  .ExpType = 0
                  .PotentialPerDefault = 10
                  .ActivateLot = 1
                  .Priority = 0
                  .Precondition1 = ""
                  .Condition1 = "behind_near_lane_time>=3&accumulatetime>=10"
                  .FloatAbilityTime1 = 30000
                  .AbilityTimeUsage1 = 1
                  .FloatCooldownTime1 = 300000
                  .AbilityType11 = 27
                  .AbilityValueUsage11 = 1
                  .AdditionalActivateType11 = 0
                  .AbilityValueLevelUsage11 = 1
                  .FloatAbilityValue11 = 1500
                  .TargetType11 = 1
                  .TargetValue11 = 0
                  .AbilityType12 = 0
                  .AbilityValueUsage12 = 1
                  .AdditionalActivateType12 = 0
                  .AbilityValueLevelUsage12 = 1
                  .FloatAbilityValue12 = 0
                  .TargetType12 = 0
                  .TargetValue12 = 0
                  .AbilityType13 = 0
                  .AbilityValueUsage13 = 1
                  .AdditionalActivateType13 = 0
                  .AbilityValueLevelUsage13 = 1
                  .FloatAbilityValue13 = 0
                  .TargetType13 = 0
                  .TargetValue13 = 0
                  .Precondition2 = ""
                  .Condition2 = ""
                  .FloatAbilityTime2 = 0
                  .AbilityTimeUsage2 = 1
                  .FloatCooldownTime2 = 0
                  .AbilityType21 = 0
                  .AbilityValueUsage21 = 1
                  .AdditionalActivateType21 = 0
                  .AbilityValueLevelUsage21 = 1
                  .FloatAbilityValue21 = 0
                  .TargetType21 = 0
                  .TargetValue21 = 0
                  .AbilityType22 = 0
                  .AbilityValueUsage22 = 1
                  .AdditionalActivateType22 = 0
                  .AbilityValueLevelUsage22 = 1
                  .FloatAbilityValue22 = 0
                  .TargetType22 = 0
                  .TargetValue22 = 0
                  .AbilityType23 = 0
                  .AbilityValueUsage23 = 1
                  .AdditionalActivateType23 = 0
                  .AbilityValueLevelUsage23 = 1
                  .FloatAbilityValue23 = 0
                  .TargetType23 = 0
                  .TargetValue23 = 0
                  .PopularityAddParam1 = 1
                  .PopularityAddValue1 = 20
                  .PopularityAddParam2 = 0
                  .PopularityAddValue2 = 0
                  .DispOrder = 21350
                  .IconId = 20011
                  .PlateType = 0
                  .DisableSinglemode = 0
                  .DisableCountCondition = 0
                  .IsGeneralSkill = 1
                  .StartDate = 1483228800
                  .EndDate = 2524608000
                  ._tagIdsCached = false
                  ._tagIdList = <?>
                  ._eTagList = <?>
                .<NeedPointMasterData>k__BackingField = <Gallop.MasterSingleModeSkillNeedPoint.SingleModeSkillNeedPoint>
                  .Id = 201661
                  .NeedSkillPoint = 160
                  .StatusType = 0
                  .StatusValue = 0
                  .SolvableType = 0
                .IsSkillUpgrade = false
      [39] <Gallop.SingleModeSkillLearningViewController.SkillInfo>
          ._skillList = <System.Collections.Generic.List<Gallop.PartsSingleModeSkillLearningListItem.Info> count=1>
            [0] <Gallop.PartsSingleModeSkillLearningListItem.Info>
                .<SkillId>k__BackingField = 210081
                .<Level>k__BackingField = 1
                .<IsAcquired>k__BackingField = false
                .<ChangeLevel>k__BackingField = 1
                .<IsGet>k__BackingField = false
                .<IsLock>k__BackingField = false
                .<StatusType>k__BackingField = <?>
                .<StatusValue>k__BackingField = 0
                .<NeedPoint>k__BackingField = 180
                .<CalcNeedPoint>k__BackingField = 180
                .<OriginNeedPoint>k__BackingField = 200
                .DiscountRateForDisplay = 10
                .HintLv = 1
                .IsSelected = true
                .<MasterData>k__BackingField = <Gallop.MasterSkillData.SkillData>
                  .Id = 210081
                  .Rarity = 2
                  .GroupId = 21008
                  .GroupRate = 2
                  .FilterSwitch = 0
                  .GradeValue = 633
                  .SkillCategory = 3
                  .TagId = "303/401/801"
                  .UniqueSkillId1 = 0
                  .UniqueSkillId2 = 0
                  .ExpType = 0
                  .PotentialPerDefault = 10
                  .ActivateLot = 1
                  .Priority = 0
                  .Precondition1 = ""
                  .Condition1 = "is_lastspurt==1&phase_random==3"
                  .FloatAbilityTime1 = 24000
                  .AbilityTimeUsage1 = 1
                  .FloatCooldownTime1 = 5000000
                  .AbilityType11 = 27
                  .AbilityValueUsage11 = 13
                  .AdditionalActivateType11 = 0
                  .AbilityValueLevelUsage11 = 1
                  .FloatAbilityValue11 = 3500
                  .TargetType11 = 1
                  .TargetValue11 = 0
                  .AbilityType12 = 0
                  .AbilityValueUsage12 = 1
                  .AdditionalActivateType12 = 0
                  .AbilityValueLevelUsage12 = 1
                  .FloatAbilityValue12 = 0
                  .TargetType12 = 0
                  .TargetValue12 = 0
                  .AbilityType13 = 0
                  .AbilityValueUsage13 = 1
                  .AdditionalActivateType13 = 0
                  .AbilityValueLevelUsage13 = 1
                  .FloatAbilityValue13 = 0
                  .TargetType13 = 0
                  .TargetValue13 = 0
                  .Precondition2 = ""
                  .Condition2 = ""
                  .FloatAbilityTime2 = 0
                  .AbilityTimeUsage2 = 1
                  .FloatCooldownTime2 = 0
                  .AbilityType21 = 0
                  .AbilityValueUsage21 = 1
                  .AdditionalActivateType21 = 0
                  .AbilityValueLevelUsage21 = 1
                  .FloatAbilityValue21 = 0
                  .TargetType21 = 0
                  .TargetValue21 = 0
                  .AbilityType22 = 0
                  .AbilityValueUsage22 = 1
                  .AdditionalActivateType22 = 0
                  .AbilityValueLevelUsage22 = 1
                  .FloatAbilityValue22 = 0
                  .TargetType22 = 0
                  .TargetValue22 = 0
                  .AbilityType23 = 0
                  .AbilityValueUsage23 = 1
                  .AdditionalActivateType23 = 0
                  .AbilityValueLevelUsage23 = 1
                  .FloatAbilityValue23 = 0
                  .TargetType23 = 0
                  .TargetValue23 = 0
                  .PopularityAddParam1 = 1
                  .PopularityAddValue1 = 60
                  .PopularityAddParam2 = 0
                  .PopularityAddValue2 = 0
                  .DispOrder = 31014
                  .IconId = 20162
                  .PlateType = 0
                  .DisableSinglemode = 1
                  .DisableCountCondition = 0
                  .IsGeneralSkill = 1
                  .StartDate = 1483228800
                  .EndDate = 2524608000
                  ._tagIdsCached = false
                  ._tagIdList = <?>
                  ._eTagList = <?>
                .<NeedPointMasterData>k__BackingField = <Gallop.MasterSingleModeSkillNeedPoint.SingleModeSkillNeedPoint>
                  .Id = 210081
                  .NeedSkillPoint = 200
                  .StatusType = 0
                  .StatusValue = 0
                  .SolvableType = 0
                .IsSkillUpgrade = false
      [40] <Gallop.SingleModeSkillLearningViewController.SkillInfo>
          ._skillList = <System.Collections.Generic.List<Gallop.PartsSingleModeSkillLearningListItem.Info> count=1>
            [0] <Gallop.PartsSingleModeSkillLearningListItem.Info>
                .<SkillId>k__BackingField = 210082
                .<Level>k__BackingField = 1
                .<IsAcquired>k__BackingField = false
                .<ChangeLevel>k__BackingField = 1
                .<IsGet>k__BackingField = false
                .<IsLock>k__BackingField = false
                .<StatusType>k__BackingField = <?>
                .<StatusValue>k__BackingField = 0
                .<NeedPoint>k__BackingField = 200
                .<CalcNeedPoint>k__BackingField = 200
                .<OriginNeedPoint>k__BackingField = 200
                .DiscountRateForDisplay = 0
                .HintLv = 0
                .IsSelected = true
                .<MasterData>k__BackingField = <Gallop.MasterSkillData.SkillData>
                  .Id = 210082
                  .Rarity = 1
                  .GroupId = 21008
                  .GroupRate = 1
                  .FilterSwitch = 0
                  .GradeValue = 263
                  .SkillCategory = 3
                  .TagId = "303/401/801"
                  .UniqueSkillId1 = 0
                  .UniqueSkillId2 = 0
                  .ExpType = 0
                  .PotentialPerDefault = 10
                  .ActivateLot = 1
                  .Priority = 0
                  .Precondition1 = ""
                  .Condition1 = "is_lastspurt==1&phase_random==3"
                  .FloatAbilityTime1 = 24000
                  .AbilityTimeUsage1 = 1
                  .FloatCooldownTime1 = 5000000
                  .AbilityType11 = 27
                  .AbilityValueUsage11 = 13
                  .AdditionalActivateType11 = 0
                  .AbilityValueLevelUsage11 = 1
                  .FloatAbilityValue11 = 1500
                  .TargetType11 = 1
                  .TargetValue11 = 0
                  .AbilityType12 = 0
                  .AbilityValueUsage12 = 1
                  .AdditionalActivateType12 = 0
                  .AbilityValueLevelUsage12 = 1
                  .FloatAbilityValue12 = 0
                  .TargetType12 = 0
                  .TargetValue12 = 0
                  .AbilityType13 = 0
                  .AbilityValueUsage13 = 1
                  .AdditionalActivateType13 = 0
                  .AbilityValueLevelUsage13 = 1
                  .FloatAbilityValue13 = 0
                  .TargetType13 = 0
                  .TargetValue13 = 0
                  .Precondition2 = ""
                  .Condition2 = ""
                  .FloatAbilityTime2 = 0
                  .AbilityTimeUsage2 = 1
                  .FloatCooldownTime2 = 0
                  .AbilityType21 = 0
                  .AbilityValueUsage21 = 1
                  .AdditionalActivateType21 = 0
                  .AbilityValueLevelUsage21 = 1
                  .FloatAbilityValue21 = 0
                  .TargetType21 = 0
                  .TargetValue21 = 0
                  .AbilityType22 = 0
                  .AbilityValueUsage22 = 1
                  .AdditionalActivateType22 = 0
                  .AbilityValueLevelUsage22 = 1
                  .FloatAbilityValue22 = 0
                  .TargetType22 = 0
                  .TargetValue22 = 0
                  .AbilityType23 = 0
                  .AbilityValueUsage23 = 1
                  .AdditionalActivateType23 = 0
                  .AbilityValueLevelUsage23 = 1
                  .FloatAbilityValue23 = 0
                  .TargetType23 = 0
                  .TargetValue23 = 0
                  .PopularityAddParam1 = 1
                  .PopularityAddValue1 = 30
                  .PopularityAddParam2 = 0
                  .PopularityAddValue2 = 0
                  .DispOrder = 31015
                  .IconId = 20161
                  .PlateType = 0
                  .DisableSinglemode = 0
                  .DisableCountCondition = 0
                  .IsGeneralSkill = 1
                  .StartDate = 1483228800
                  .EndDate = 2524608000
                  ._tagIdsCached = false
                  ._tagIdList = <?>
                  ._eTagList = <?>
                .<NeedPointMasterData>k__BackingField = <Gallop.MasterSingleModeSkillNeedPoint.SingleModeSkillNeedPoint>
                  .Id = 210082
                  .NeedSkillPoint = 200
                  .StatusType = 0
                  .StatusValue = 0
                  .SolvableType = 0
                .IsSkillUpgrade = false
      [41] <Gallop.SingleModeSkillLearningViewController.SkillInfo>
          ._skillList = <System.Collections.Generic.List<Gallop.PartsSingleModeSkillLearningListItem.Info> count=1>
            [0] <Gallop.PartsSingleModeSkillLearningListItem.Info>
                .<SkillId>k__BackingField = 210091
                .<Level>k__BackingField = 1
                .<IsAcquired>k__BackingField = false
                .<ChangeLevel>k__BackingField = 1
                .<IsGet>k__BackingField = false
                .<IsLock>k__BackingField = false
                .<StatusType>k__BackingField = <?>
                .<StatusValue>k__BackingField = 0
                .<NeedPoint>k__BackingField = 135
                .<CalcNeedPoint>k__BackingField = 135
                .<OriginNeedPoint>k__BackingField = 150
                .DiscountRateForDisplay = 10
                .HintLv = 1
                .IsSelected = true
                .<MasterData>k__BackingField = <Gallop.MasterSkillData.SkillData>
                  .Id = 210091
                  .Rarity = 1
                  .GroupId = 21009
                  .GroupRate = 1
                  .FilterSwitch = 0
                  .GradeValue = 174
                  .SkillCategory = 2
                  .TagId = "302/401/801"
                  .UniqueSkillId1 = 0
                  .UniqueSkillId2 = 0
                  .ExpType = 0
                  .PotentialPerDefault = 10
                  .ActivateLot = 1
                  .Priority = 0
                  .Precondition1 = ""
                  .Condition1 = "phase_laterhalf_random==1"
                  .FloatAbilityTime1 = 20000
                  .AbilityTimeUsage1 = 1
                  .FloatCooldownTime1 = 5000000
                  .AbilityType11 = 27
                  .AbilityValueUsage11 = 1
                  .AdditionalActivateType11 = 0
                  .AbilityValueLevelUsage11 = 1
                  .FloatAbilityValue11 = 1500
                  .TargetType11 = 1
                  .TargetValue11 = 0
                  .AbilityType12 = 0
                  .AbilityValueUsage12 = 1
                  .AdditionalActivateType12 = 0
                  .AbilityValueLevelUsage12 = 1
                  .FloatAbilityValue12 = 0
                  .TargetType12 = 0
                  .TargetValue12 = 0
                  .AbilityType13 = 0
                  .AbilityValueUsage13 = 1
                  .AdditionalActivateType13 = 0
                  .AbilityValueLevelUsage13 = 1
                  .FloatAbilityValue13 = 0
                  .TargetType13 = 0
                  .TargetValue13 = 0
                  .Precondition2 = ""
                  .Condition2 = ""
                  .FloatAbilityTime2 = 0
                  .AbilityTimeUsage2 = 1
                  .FloatCooldownTime2 = 0
                  .AbilityType21 = 0
                  .AbilityValueUsage21 = 1
                  .AdditionalActivateType21 = 0
                  .AbilityValueLevelUsage21 = 1
                  .FloatAbilityValue21 = 0
                  .TargetType21 = 0
                  .TargetValue21 = 0
                  .AbilityType22 = 0
                  .AbilityValueUsage22 = 1
                  .AdditionalActivateType22 = 0
                  .AbilityValueLevelUsage22 = 1
                  .FloatAbilityValue22 = 0
                  .TargetType22 = 0
                  .TargetValue22 = 0
                  .AbilityType23 = 0
                  .AbilityValueUsage23 = 1
                  .AdditionalActivateType23 = 0
                  .AbilityValueLevelUsage23 = 1
                  .FloatAbilityValue23 = 0
                  .TargetType23 = 0
                  .TargetValue23 = 0
                  .PopularityAddParam1 = 1
                  .PopularityAddValue1 = 30
                  .PopularityAddParam2 = 0
                  .PopularityAddValue2 = 0
                  .DispOrder = 31016
                  .IconId = 20161
                  .PlateType = 0
                  .DisableSinglemode = 0
                  .DisableCountCondition = 0
                  .IsGeneralSkill = 1
                  .StartDate = 1483228800
                  .EndDate = 2524608000
                  ._tagIdsCached = false
                  ._tagIdList = <?>
                  ._eTagList = <?>
                .<NeedPointMasterData>k__BackingField = <Gallop.MasterSingleModeSkillNeedPoint.SingleModeSkillNeedPoint>
                  .Id = 210091
                  .NeedSkillPoint = 150
                  .StatusType = 0
                  .StatusValue = 0
                  .SolvableType = 0
                .IsSkillUpgrade = false
      [42] <Gallop.SingleModeSkillLearningViewController.SkillInfo>
          ._skillList = <System.Collections.Generic.List<Gallop.PartsSingleModeSkillLearningListItem.Info> count=1>
            [0] <Gallop.PartsSingleModeSkillLearningListItem.Info>
                .<SkillId>k__BackingField = 210101
                .<Level>k__BackingField = 1
                .<IsAcquired>k__BackingField = false
                .<ChangeLevel>k__BackingField = 1
                .<IsGet>k__BackingField = false
                .<IsLock>k__BackingField = false
                .<StatusType>k__BackingField = <?>
                .<StatusValue>k__BackingField = 0
                .<NeedPoint>k__BackingField = 135
                .<CalcNeedPoint>k__BackingField = 135
                .<OriginNeedPoint>k__BackingField = 150
                .DiscountRateForDisplay = 10
                .HintLv = 1
                .IsSelected = true
                .<MasterData>k__BackingField = <Gallop.MasterSkillData.SkillData>
                  .Id = 210101
                  .Rarity = 1
                  .GroupId = 21010
                  .GroupRate = 1
                  .FilterSwitch = 0
                  .GradeValue = 174
                  .SkillCategory = 3
                  .TagId = "303/401/801"
                  .UniqueSkillId1 = 0
                  .UniqueSkillId2 = 0
                  .ExpType = 0
                  .PotentialPerDefault = 10
                  .ActivateLot = 1
                  .Priority = 0
                  .Precondition1 = ""
                  .Condition1 = "phase_random==3&hp_per>=2&is_lastspurt==1"
                  .FloatAbilityTime1 = 30000
                  .AbilityTimeUsage1 = 1
                  .FloatCooldownTime1 = 5000000
                  .AbilityType11 = 27
                  .AbilityValueUsage11 = 1
                  .AdditionalActivateType11 = 0
                  .AbilityValueLevelUsage11 = 1
                  .FloatAbilityValue11 = 2500
                  .TargetType11 = 1
                  .TargetValue11 = 0
                  .AbilityType12 = 9
                  .AbilityValueUsage12 = 1
                  .AdditionalActivateType12 = 0
                  .AbilityValueLevelUsage12 = 1
                  .FloatAbilityValue12 = -200
                  .TargetType12 = 1
                  .TargetValue12 = 0
                  .AbilityType13 = 0
                  .AbilityValueUsage13 = 1
                  .AdditionalActivateType13 = 0
                  .AbilityValueLevelUsage13 = 1
                  .FloatAbilityValue13 = 0
                  .TargetType13 = 0
                  .TargetValue13 = 0
                  .Precondition2 = ""
                  .Condition2 = ""
                  .FloatAbilityTime2 = 0
                  .AbilityTimeUsage2 = 1
                  .FloatCooldownTime2 = 0
                  .AbilityType21 = 0
                  .AbilityValueUsage21 = 1
                  .AdditionalActivateType21 = 0
                  .AbilityValueLevelUsage21 = 1
                  .FloatAbilityValue21 = 0
                  .TargetType21 = 0
                  .TargetValue21 = 0
                  .AbilityType22 = 0
                  .AbilityValueUsage22 = 1
                  .AdditionalActivateType22 = 0
                  .AbilityValueLevelUsage22 = 1
                  .FloatAbilityValue22 = 0
                  .TargetType22 = 0
                  .TargetValue22 = 0
                  .AbilityType23 = 0
                  .AbilityValueUsage23 = 1
                  .AdditionalActivateType23 = 0
                  .AbilityValueLevelUsage23 = 1
                  .FloatAbilityValue23 = 0
                  .TargetType23 = 0
                  .TargetValue23 = 0
                  .PopularityAddParam1 = 1
                  .PopularityAddValue1 = 30
                  .PopularityAddParam2 = 0
                  .PopularityAddValue2 = 0
                  .DispOrder = 31017
                  .IconId = 20161
                  .PlateType = 0
                  .DisableSinglemode = 0
                  .DisableCountCondition = 0
                  .IsGeneralSkill = 1
                  .StartDate = 1483228800
                  .EndDate = 2524608000
                  ._tagIdsCached = false
                  ._tagIdList = <?>
                  ._eTagList = <?>
                .<NeedPointMasterData>k__BackingField = <Gallop.MasterSingleModeSkillNeedPoint.SingleModeSkillNeedPoint>
                  .Id = 210101
                  .NeedSkillPoint = 150
                  .StatusType = 0
                  .StatusValue = 0
                  .SolvableType = 0
                .IsSkillUpgrade = false

=== HEAP SCAN (0 of 0 candidates, cap 0) ===

[+] scout complete; detach happens now
